[2026-06-20T01:58:17+0700] main       <info>   RPO=20min  transfer=1  target=recovery@192.168.10.129:/home/recovery/local-backup/incoming
[2026-06-20T01:58:17+0700] main       <info>   Orchestrator: /home/primary/utilities/backup/backup_orchestrator.py
[2026-06-20T01:58:17+0700] main       <info>   Env:          /home/primary/utilities/backup/backup.env
[2026-06-20T01:58:17+0700] main       <info>   Chain init:   chain-v1
[2026-06-20T01:58:17+0700] main       <info>   ──────────────────────────────────────────────────────
[2026-06-20T01:58:17+0700] main       <info>   Cycle #1 starting
[2026-06-20T01:58:17+07:00] main       <info>   starting cycle=20260620_015817 at=2026-06-20T01:58:17.672763+07:00
[2026-06-20T01:58:17+07:00] main       <info>   output_root=/home/primary/data/backup-cycles
[2026-06-20T01:58:17+07:00] main       <info>   staging_root=/home/primary/data/backup-staging
[2026-06-20T01:58:17+07:00] main       <info>   state_db=/home/primary/data/backup-metadata/pfc_index.db
[2026-06-20T01:58:17+07:00] main       <info>   retention max_cycles=30 max_bytes=50.00 GiB cycle_cap=10.00 GiB
[2026-06-20T01:58:17+07:00] main       <info>   chain_version=chain-v1 versioned_cycles_root=/home/primary/data/backup-cycles/chain-v1
[2026-06-20T01:58:17+07:00] main       <info>   last_cycle_ts=<none>
[2026-06-20T01:58:25+07:00] pfc        <info>   chain changed (was None, now chain-v1), taking unstructured basebackup
[2026-06-20T01:58:48+07:00] pfc        <good>   basebackup done bytes=375.59 MiB elapsed=22.69s
[2026-06-20T01:58:50+07:00] mongo      <good>   oplog compressed raw=1.11 MiB stored=39.23 KiB ratio=0.035 elapsed=0.03s
[2026-06-20T01:58:50+07:00] fixtures   <good>   seeded target=/home/primary/data/unstructured/fixtures copied=25 skipped=0 bytes=9414820 elapsed=0.06s
[2026-06-20T01:59:04+07:00] main       <info>   staging_size=758.63 MiB checked_in=0.01s
[2026-06-20T01:59:06+07:00] main       <good>   wrote checksums=/home/primary/data/backup-staging/cycle_20260620_015817.tmp/checksums.sha256
[2026-06-20T01:59:06+07:00] main       <good>   finalized dir elapsed=0.00s
[2026-06-20T01:59:11+07:00] verify     <good>   ok elapsed=4.98s
[2026-06-20T01:59:11+07:00] pg         <info>   state pg_last_wal_fname=000000010000000000000005
[2026-06-20T01:59:11+07:00] main       <info>   retention elapsed=0.01s
[2026-06-20T01:59:11+07:00] transfer   <info>   pushing to 1 destination(s) as 'chain-v1/20260620_015817': ['recovery@192.168.10.129:/home/recovery/local-backup/incoming']
[2026-06-20T01:59:16+07:00] telemetry  <info>   out_dir=/home/primary/data/monitor  interval=10s  pg=postgres_live  mongo=mongodb_live
[2026-06-20T01:59:16+07:00] pg         <good>   polled → pg_events.csv
[2026-06-20T01:59:18+07:00] mongo      <good>   polled → mongo_events.csv
[2026-06-20T01:59:18+07:00] unstr      <good>   polled → unstructured_events.csv
[2026-06-20T01:59:27+07:00] transfer   <good>   all 1 destination(s) OK elapsed=15.83s
[2026-06-20T01:59:27+07:00] main       <info>   Deleting local cycle since it was transferred: /home/primary/data/backup-cycles/chain-v1/20260620_015817
[2026-06-20T01:59:27+07:00] main       <info>   cycle_summary: wal_files=6 (0 B), pfc_chunks=1046 (stored=377.79 MiB, raw=1011.24 MiB), cycle_stored=759.25 MiB chain=chain-v1
[2026-06-20T01:59:27+07:00] main       <good>   completed cycle=20260620_015817 chain=chain-v1 elapsed=1m10.0s
[2026-06-20T01:59:28+0700] main       <good>   Cycle #1 completed OK
[2026-06-20T01:59:28+0700] main       <info>   Sleeping 20m until next cycle …
[2026-06-20T01:59:28+07:00] pg         <good>   polled → pg_events.csv
[2026-06-20T01:59:29+07:00] mongo      <good>   polled → mongo_events.csv
[2026-06-20T01:59:29+07:00] unstr      <good>   polled → unstructured_events.csv
[2026-06-20T01:59:39+07:00] pg         <good>   polled → pg_events.csv
[2026-06-20T01:59:40+07:00] mongo      <good>   polled → mongo_events.csv
[2026-06-20T01:59:40+07:00] unstr      <good>   polled → unstructured_events.csv
[2026-06-20T01:59:50+07:00] pg         <good>   polled → pg_events.csv
[2026-06-20T01:59:51+07:00] mongo      <good>   polled → mongo_events.csv
[2026-06-20T01:59:51+07:00] unstr      <good>   polled → unstructured_events.csv
[2026-06-20T02:00:01+07:00] pg         <good>   polled → pg_events.csv
[2026-06-20T02:00:02+07:00] mongo      <good>   polled → mongo_events.csv
[2026-06-20T02:00:02+07:00] unstr      <good>   polled → unstructured_events.csv
[2026-06-20T02:00:12+07:00] pg         <good>   polled → pg_events.csv
[2026-06-20T02:00:13+07:00] mongo      <good>   polled → mongo_events.csv
[2026-06-20T02:00:13+07:00] unstr      <good>   polled → unstructured_events.csv
[2026-06-20T02:00:23+07:00] pg         <good>   polled → pg_events.csv
[2026-06-20T02:00:24+07:00] mongo      <good>   polled → mongo_events.csv
[2026-06-20T02:00:24+07:00] unstr      <good>   polled → unstructured_events.csv
[2026-06-20T02:00:34+07:00] pg         <good>   polled → pg_events.csv
[2026-06-20T02:00:35+07:00] mongo      <good>   polled → mongo_events.csv
[2026-06-20T02:00:35+07:00] unstr      <good>   polled → unstructured_events.csv
[2026-06-20T02:00:45+07:00] pg         <good>   polled → pg_events.csv
[2026-06-20T02:00:46+07:00] mongo      <good>   polled → mongo_events.csv
[2026-06-20T02:00:46+07:00] unstr      <good>   polled → unstructured_events.csv
[2026-06-20T02:00:56+07:00] pg         <good>   polled → pg_events.csv
[2026-06-20T02:00:57+07:00] mongo      <good>   polled → mongo_events.csv
[2026-06-20T02:00:57+07:00] unstr      <good>   polled → unstructured_events.csv
[2026-06-20T02:01:07+07:00] pg         <good>   polled → pg_events.csv
[2026-06-20T02:01:08+07:00] mongo      <good>   polled → mongo_events.csv
[2026-06-20T02:01:08+07:00] unstr      <good>   polled → unstructured_events.csv
[2026-06-20T02:01:18+07:00] pg         <good>   polled → pg_events.csv
[2026-06-20T02:01:19+07:00] mongo      <good>   polled → mongo_events.csv
[2026-06-20T02:01:19+07:00] unstr      <good>   polled → unstructured_events.csv
[2026-06-20T02:01:29+07:00] pg         <good>   polled → pg_events.csv
[2026-06-20T02:01:30+07:00] mongo      <good>   polled → mongo_events.csv
[2026-06-20T02:01:30+07:00] unstr      <good>   polled → unstructured_events.csv
[2026-06-20T02:01:40+07:00] pg         <good>   polled → pg_events.csv
[2026-06-20T02:01:41+07:00] mongo      <good>   polled → mongo_events.csv
[2026-06-20T02:01:41+07:00] unstr      <good>   polled → unstructured_events.csv
[2026-06-20T02:01:51+07:00] pg         <good>   polled → pg_events.csv
[2026-06-20T02:01:52+07:00] mongo      <good>   polled → mongo_events.csv
[2026-06-20T02:01:52+07:00] unstr      <good>   polled → unstructured_events.csv
[2026-06-20T02:02:02+07:00] pg         <good>   polled → pg_events.csv
[2026-06-20T02:02:03+07:00] mongo      <good>   polled → mongo_events.csv
[2026-06-20T02:02:03+07:00] unstr      <good>   polled → unstructured_events.csv
[2026-06-20T02:02:13+07:00] pg         <good>   polled → pg_events.csv
[2026-06-20T02:02:14+07:00] mongo      <good>   polled → mongo_events.csv
[2026-06-20T02:02:14+07:00] unstr      <good>   polled → unstructured_events.csv
[2026-06-20T02:02:24+07:00] pg         <good>   polled → pg_events.csv
[2026-06-20T02:02:25+07:00] mongo      <good>   polled → mongo_events.csv
[2026-06-20T02:02:25+07:00] unstr      <good>   polled → unstructured_events.csv
[2026-06-20T02:02:35+07:00] pg         <good>   polled → pg_events.csv
[2026-06-20T02:02:36+07:00] mongo      <good>   polled → mongo_events.csv
[2026-06-20T02:02:36+07:00] unstr      <good>   polled → unstructured_events.csv
[2026-06-20T02:02:46+07:00] pg         <good>   polled → pg_events.csv
[2026-06-20T02:02:47+07:00] mongo      <good>   polled → mongo_events.csv
[2026-06-20T02:02:47+07:00] unstr      <good>   polled → unstructured_events.csv
[2026-06-20T02:02:57+07:00] pg         <good>   polled → pg_events.csv
[2026-06-20T02:02:58+07:00] mongo      <good>   polled → mongo_events.csv
[2026-06-20T02:02:58+07:00] unstr      <good>   polled → unstructured_events.csv
[2026-06-20T02:03:08+07:00] pg         <good>   polled → pg_events.csv
[2026-06-20T02:03:09+07:00] mongo      <good>   polled → mongo_events.csv
[2026-06-20T02:03:09+07:00] unstr      <good>   polled → unstructured_events.csv
[2026-06-20T02:03:19+07:00] pg         <good>   polled → pg_events.csv
[2026-06-20T02:03:20+07:00] mongo      <good>   polled → mongo_events.csv
[2026-06-20T02:03:20+07:00] unstr      <good>   polled → unstructured_events.csv
[2026-06-20T02:03:30+07:00] pg         <good>   polled → pg_events.csv
[2026-06-20T02:03:31+07:00] mongo      <good>   polled → mongo_events.csv
[2026-06-20T02:03:31+07:00] unstr      <good>   polled → unstructured_events.csv
[2026-06-20T02:03:41+07:00] pg         <good>   polled → pg_events.csv
[2026-06-20T02:03:42+07:00] mongo      <good>   polled → mongo_events.csv
[2026-06-20T02:03:42+07:00] unstr      <good>   polled → unstructured_events.csv
[2026-06-20T02:03:52+07:00] pg         <good>   polled → pg_events.csv
[2026-06-20T02:03:53+07:00] mongo      <good>   polled → mongo_events.csv
[2026-06-20T02:03:53+07:00] unstr      <good>   polled → unstructured_events.csv
[2026-06-20T02:04:03+07:00] pg         <good>   polled → pg_events.csv
[2026-06-20T02:04:04+07:00] mongo      <good>   polled → mongo_events.csv
[2026-06-20T02:04:04+07:00] unstr      <good>   polled → unstructured_events.csv
[2026-06-20T02:04:14+07:00] pg         <good>   polled → pg_events.csv
[2026-06-20T02:04:15+07:00] mongo      <good>   polled → mongo_events.csv
[2026-06-20T02:04:15+07:00] unstr      <good>   polled → unstructured_events.csv
[2026-06-20T02:04:25+07:00] pg         <good>   polled → pg_events.csv
[2026-06-20T02:04:26+07:00] mongo      <good>   polled → mongo_events.csv
[2026-06-20T02:04:26+07:00] unstr      <good>   polled → unstructured_events.csv
[2026-06-20T02:04:36+07:00] pg         <good>   polled → pg_events.csv
[2026-06-20T02:04:37+07:00] mongo      <good>   polled → mongo_events.csv
[2026-06-20T02:04:37+07:00] unstr      <good>   polled → unstructured_events.csv
[2026-06-20T02:04:47+07:00] pg         <good>   polled → pg_events.csv
[2026-06-20T02:04:48+07:00] mongo      <good>   polled → mongo_events.csv
[2026-06-20T02:04:48+07:00] unstr      <good>   polled → unstructured_events.csv
[2026-06-20T02:04:58+07:00] pg         <good>   polled → pg_events.csv
[2026-06-20T02:04:59+07:00] mongo      <good>   polled → mongo_events.csv
[2026-06-20T02:04:59+07:00] unstr      <good>   polled → unstructured_events.csv
[2026-06-20T02:05:10+07:00] pg         <good>   polled → pg_events.csv
[2026-06-20T02:05:11+07:00] mongo      <good>   polled → mongo_events.csv
[2026-06-20T02:05:11+07:00] unstr      <good>   polled → unstructured_events.csv
[2026-06-20T02:05:21+07:00] pg         <good>   polled → pg_events.csv
[2026-06-20T02:05:23+07:00] mongo      <good>   polled → mongo_events.csv
[2026-06-20T02:05:23+07:00] unstr      <good>   polled → unstructured_events.csv
[2026-06-20T02:05:33+07:00] pg         <good>   polled → pg_events.csv
[2026-06-20T02:05:34+07:00] mongo      <good>   polled → mongo_events.csv
[2026-06-20T02:05:34+07:00] unstr      <good>   polled → unstructured_events.csv
[2026-06-20T02:05:44+07:00] pg         <good>   polled → pg_events.csv
[2026-06-20T02:05:45+07:00] mongo      <good>   polled → mongo_events.csv
[2026-06-20T02:05:45+07:00] unstr      <good>   polled → unstructured_events.csv
[2026-06-20T02:05:55+07:00] pg         <good>   polled → pg_events.csv
[2026-06-20T02:05:56+07:00] mongo      <good>   polled → mongo_events.csv
[2026-06-20T02:05:56+07:00] unstr      <good>   polled → unstructured_events.csv
[2026-06-20T02:06:06+07:00] pg         <good>   polled → pg_events.csv
[2026-06-20T02:06:08+07:00] mongo      <good>   polled → mongo_events.csv
[2026-06-20T02:06:08+07:00] unstr      <good>   polled → unstructured_events.csv
[2026-06-20T02:06:18+07:00] pg         <good>   polled → pg_events.csv
[2026-06-20T02:06:19+07:00] mongo      <good>   polled → mongo_events.csv
[2026-06-20T02:06:19+07:00] unstr      <good>   polled → unstructured_events.csv
[2026-06-20T02:06:29+07:00] pg         <good>   polled → pg_events.csv
[2026-06-20T02:06:30+07:00] mongo      <good>   polled → mongo_events.csv
[2026-06-20T02:06:30+07:00] unstr      <good>   polled → unstructured_events.csv
[2026-06-20T02:06:40+07:00] pg         <good>   polled → pg_events.csv
[2026-06-20T02:06:41+07:00] mongo      <good>   polled → mongo_events.csv
[2026-06-20T02:06:41+07:00] unstr      <good>   polled → unstructured_events.csv
[2026-06-20T02:06:51+07:00] pg         <good>   polled → pg_events.csv
[2026-06-20T02:06:53+07:00] mongo      <good>   polled → mongo_events.csv
[2026-06-20T02:06:53+07:00] unstr      <good>   polled → unstructured_events.csv
[2026-06-20T02:07:03+07:00] pg         <good>   polled → pg_events.csv
[2026-06-20T02:07:04+07:00] mongo      <good>   polled → mongo_events.csv
[2026-06-20T02:07:04+07:00] unstr      <good>   polled → unstructured_events.csv
[2026-06-20T02:07:14+07:00] pg         <good>   polled → pg_events.csv
[2026-06-20T02:07:15+07:00] mongo      <good>   polled → mongo_events.csv
[2026-06-20T02:07:15+07:00] unstr      <good>   polled → unstructured_events.csv
[2026-06-20T02:07:25+07:00] pg         <good>   polled → pg_events.csv
[2026-06-20T02:07:26+07:00] mongo      <good>   polled → mongo_events.csv
[2026-06-20T02:07:26+07:00] unstr      <good>   polled → unstructured_events.csv
[2026-06-20T02:07:36+07:00] pg         <good>   polled → pg_events.csv
[2026-06-20T02:07:37+07:00] mongo      <good>   polled → mongo_events.csv
[2026-06-20T02:07:37+07:00] unstr      <good>   polled → unstructured_events.csv
[2026-06-20T02:07:47+07:00] pg         <good>   polled → pg_events.csv
[2026-06-20T02:07:48+07:00] mongo      <good>   polled → mongo_events.csv
[2026-06-20T02:07:48+07:00] unstr      <good>   polled → unstructured_events.csv
[2026-06-20T02:07:58+07:00] pg         <good>   polled → pg_events.csv
[2026-06-20T02:07:59+07:00] mongo      <good>   polled → mongo_events.csv
[2026-06-20T02:07:59+07:00] unstr      <good>   polled → unstructured_events.csv
[2026-06-20T02:08:10+07:00] pg         <good>   polled → pg_events.csv
[2026-06-20T02:08:11+07:00] mongo      <good>   polled → mongo_events.csv
[2026-06-20T02:08:11+07:00] unstr      <good>   polled → unstructured_events.csv
[2026-06-20T02:08:21+07:00] pg         <good>   polled → pg_events.csv
[2026-06-20T02:08:22+07:00] mongo      <good>   polled → mongo_events.csv
[2026-06-20T02:08:22+07:00] unstr      <good>   polled → unstructured_events.csv
[2026-06-20T02:08:32+07:00] pg         <good>   polled → pg_events.csv
[2026-06-20T02:08:33+07:00] mongo      <good>   polled → mongo_events.csv
[2026-06-20T02:08:33+07:00] unstr      <good>   polled → unstructured_events.csv
[2026-06-20T02:08:43+07:00] pg         <good>   polled → pg_events.csv
[2026-06-20T02:08:44+07:00] mongo      <good>   polled → mongo_events.csv
[2026-06-20T02:08:44+07:00] unstr      <good>   polled → unstructured_events.csv
[2026-06-20T02:08:54+07:00] pg         <good>   polled → pg_events.csv
[2026-06-20T02:08:55+07:00] mongo      <good>   polled → mongo_events.csv
[2026-06-20T02:08:55+07:00] unstr      <good>   polled → unstructured_events.csv
[2026-06-20T02:09:05+07:00] pg         <good>   polled → pg_events.csv
[2026-06-20T02:09:06+07:00] mongo      <good>   polled → mongo_events.csv
[2026-06-20T02:09:06+07:00] unstr      <good>   polled → unstructured_events.csv
[2026-06-20T02:09:16+07:00] pg         <good>   polled → pg_events.csv
[2026-06-20T02:09:18+07:00] mongo      <good>   polled → mongo_events.csv
[2026-06-20T02:09:18+07:00] unstr      <good>   polled → unstructured_events.csv
[2026-06-20T02:09:28+07:00] pg         <good>   polled → pg_events.csv
[2026-06-20T02:09:29+07:00] mongo      <good>   polled → mongo_events.csv
[2026-06-20T02:09:29+07:00] unstr      <good>   polled → unstructured_events.csv
[2026-06-20T02:09:39+07:00] pg         <good>   polled → pg_events.csv
[2026-06-20T02:09:40+07:00] mongo      <good>   polled → mongo_events.csv
[2026-06-20T02:09:40+07:00] unstr      <good>   polled → unstructured_events.csv
[2026-06-20T02:09:50+07:00] pg         <good>   polled → pg_events.csv
[2026-06-20T02:09:51+07:00] mongo      <good>   polled → mongo_events.csv
[2026-06-20T02:09:51+07:00] unstr      <good>   polled → unstructured_events.csv
[2026-06-20T02:10:01+07:00] pg         <good>   polled → pg_events.csv
[2026-06-20T02:10:02+07:00] mongo      <good>   polled → mongo_events.csv
[2026-06-20T02:10:02+07:00] unstr      <good>   polled → unstructured_events.csv
[2026-06-20T02:10:12+07:00] pg         <good>   polled → pg_events.csv
[2026-06-20T02:10:13+07:00] mongo      <good>   polled → mongo_events.csv
[2026-06-20T02:10:13+07:00] unstr      <good>   polled → unstructured_events.csv
[2026-06-20T02:10:23+07:00] pg         <good>   polled → pg_events.csv
[2026-06-20T02:10:24+07:00] mongo      <good>   polled → mongo_events.csv
[2026-06-20T02:10:24+07:00] unstr      <good>   polled → unstructured_events.csv
[2026-06-20T02:10:34+07:00] pg         <good>   polled → pg_events.csv
[2026-06-20T02:10:35+07:00] mongo      <good>   polled → mongo_events.csv
[2026-06-20T02:10:35+07:00] unstr      <good>   polled → unstructured_events.csv
[2026-06-20T02:10:45+07:00] pg         <good>   polled → pg_events.csv
[2026-06-20T02:10:46+07:00] mongo      <good>   polled → mongo_events.csv
[2026-06-20T02:10:46+07:00] unstr      <good>   polled → unstructured_events.csv
[2026-06-20T02:10:56+07:00] pg         <good>   polled → pg_events.csv
[2026-06-20T02:10:57+07:00] mongo      <good>   polled → mongo_events.csv
[2026-06-20T02:10:57+07:00] unstr      <good>   polled → unstructured_events.csv
[2026-06-20T02:11:07+07:00] pg         <good>   polled → pg_events.csv
[2026-06-20T02:11:08+07:00] mongo      <good>   polled → mongo_events.csv
[2026-06-20T02:11:08+07:00] unstr      <good>   polled → unstructured_events.csv
[2026-06-20T02:11:18+07:00] pg         <good>   polled → pg_events.csv
[2026-06-20T02:11:19+07:00] mongo      <good>   polled → mongo_events.csv
[2026-06-20T02:11:19+07:00] unstr      <good>   polled → unstructured_events.csv
[2026-06-20T02:11:29+07:00] pg         <good>   polled → pg_events.csv
[2026-06-20T02:11:30+07:00] mongo      <good>   polled → mongo_events.csv
[2026-06-20T02:11:30+07:00] unstr      <good>   polled → unstructured_events.csv
[2026-06-20T02:11:40+07:00] pg         <good>   polled → pg_events.csv
[2026-06-20T02:11:41+07:00] mongo      <good>   polled → mongo_events.csv
[2026-06-20T02:11:41+07:00] unstr      <good>   polled → unstructured_events.csv
[2026-06-20T02:11:51+07:00] pg         <good>   polled → pg_events.csv
[2026-06-20T02:11:53+07:00] mongo      <good>   polled → mongo_events.csv
[2026-06-20T02:11:53+07:00] unstr      <good>   polled → unstructured_events.csv
[2026-06-20T02:12:03+07:00] pg         <good>   polled → pg_events.csv
[2026-06-20T02:12:04+07:00] mongo      <good>   polled → mongo_events.csv
[2026-06-20T02:12:04+07:00] unstr      <good>   polled → unstructured_events.csv
[2026-06-20T02:12:14+07:00] pg         <good>   polled → pg_events.csv
[2026-06-20T02:12:15+07:00] mongo      <good>   polled → mongo_events.csv
[2026-06-20T02:12:15+07:00] unstr      <good>   polled → unstructured_events.csv
[2026-06-20T02:12:25+07:00] pg         <good>   polled → pg_events.csv
[2026-06-20T02:12:26+07:00] mongo      <good>   polled → mongo_events.csv
[2026-06-20T02:12:26+07:00] unstr      <good>   polled → unstructured_events.csv
[2026-06-20T02:12:36+07:00] pg         <good>   polled → pg_events.csv
[2026-06-20T02:12:37+07:00] mongo      <good>   polled → mongo_events.csv
[2026-06-20T02:12:37+07:00] unstr      <good>   polled → unstructured_events.csv
[2026-06-20T02:12:47+07:00] pg         <good>   polled → pg_events.csv
[2026-06-20T02:12:48+07:00] mongo      <good>   polled → mongo_events.csv
[2026-06-20T02:12:48+07:00] unstr      <good>   polled → unstructured_events.csv
[2026-06-20T02:12:58+07:00] pg         <good>   polled → pg_events.csv
[2026-06-20T02:12:59+07:00] mongo      <good>   polled → mongo_events.csv
[2026-06-20T02:12:59+07:00] unstr      <good>   polled → unstructured_events.csv
[2026-06-20T02:13:09+07:00] pg         <good>   polled → pg_events.csv
[2026-06-20T02:13:10+07:00] mongo      <good>   polled → mongo_events.csv
[2026-06-20T02:13:10+07:00] unstr      <good>   polled → unstructured_events.csv
[2026-06-20T02:13:20+07:00] pg         <good>   polled → pg_events.csv
[2026-06-20T02:13:21+07:00] mongo      <good>   polled → mongo_events.csv
[2026-06-20T02:13:21+07:00] unstr      <good>   polled → unstructured_events.csv
[2026-06-20T02:13:31+07:00] pg         <good>   polled → pg_events.csv
[2026-06-20T02:13:32+07:00] mongo      <good>   polled → mongo_events.csv
[2026-06-20T02:13:32+07:00] unstr      <good>   polled → unstructured_events.csv
[2026-06-20T02:13:42+07:00] pg         <good>   polled → pg_events.csv
[2026-06-20T02:13:43+07:00] mongo      <good>   polled → mongo_events.csv
[2026-06-20T02:13:43+07:00] unstr      <good>   polled → unstructured_events.csv
[2026-06-20T02:13:53+07:00] pg         <good>   polled → pg_events.csv
[2026-06-20T02:13:54+07:00] mongo      <good>   polled → mongo_events.csv
[2026-06-20T02:13:54+07:00] unstr      <good>   polled → unstructured_events.csv
[2026-06-20T02:14:04+07:00] pg         <good>   polled → pg_events.csv
[2026-06-20T02:14:05+07:00] mongo      <good>   polled → mongo_events.csv
[2026-06-20T02:14:05+07:00] unstr      <good>   polled → unstructured_events.csv
[2026-06-20T02:14:15+07:00] pg         <good>   polled → pg_events.csv
[2026-06-20T02:14:16+07:00] mongo      <good>   polled → mongo_events.csv
[2026-06-20T02:14:16+07:00] unstr      <good>   polled → unstructured_events.csv
[2026-06-20T02:14:26+07:00] pg         <good>   polled → pg_events.csv
[2026-06-20T02:14:27+07:00] mongo      <good>   polled → mongo_events.csv
[2026-06-20T02:14:27+07:00] unstr      <good>   polled → unstructured_events.csv
[2026-06-20T02:14:37+07:00] pg         <good>   polled → pg_events.csv
[2026-06-20T02:14:38+07:00] mongo      <good>   polled → mongo_events.csv
[2026-06-20T02:14:38+07:00] unstr      <good>   polled → unstructured_events.csv
[2026-06-20T02:14:48+07:00] pg         <good>   polled → pg_events.csv
[2026-06-20T02:14:49+07:00] mongo      <good>   polled → mongo_events.csv
[2026-06-20T02:14:49+07:00] unstr      <good>   polled → unstructured_events.csv
[2026-06-20T02:14:59+07:00] pg         <good>   polled → pg_events.csv
[2026-06-20T02:15:00+07:00] mongo      <good>   polled → mongo_events.csv
[2026-06-20T02:15:00+07:00] unstr      <good>   polled → unstructured_events.csv
[2026-06-20T02:15:10+07:00] pg         <good>   polled → pg_events.csv
[2026-06-20T02:15:11+07:00] mongo      <good>   polled → mongo_events.csv
[2026-06-20T02:15:11+07:00] unstr      <good>   polled → unstructured_events.csv
[2026-06-20T02:15:21+07:00] pg         <good>   polled → pg_events.csv
[2026-06-20T02:15:22+07:00] mongo      <good>   polled → mongo_events.csv
[2026-06-20T02:15:22+07:00] unstr      <good>   polled → unstructured_events.csv
[2026-06-20T02:15:32+07:00] pg         <good>   polled → pg_events.csv
[2026-06-20T02:15:33+07:00] mongo      <good>   polled → mongo_events.csv
[2026-06-20T02:15:33+07:00] unstr      <good>   polled → unstructured_events.csv
[2026-06-20T02:15:43+07:00] pg         <good>   polled → pg_events.csv
[2026-06-20T02:15:44+07:00] mongo      <good>   polled → mongo_events.csv
[2026-06-20T02:15:44+07:00] unstr      <good>   polled → unstructured_events.csv
[2026-06-20T02:15:54+07:00] pg         <good>   polled → pg_events.csv
[2026-06-20T02:15:55+07:00] mongo      <good>   polled → mongo_events.csv
[2026-06-20T02:15:55+07:00] unstr      <good>   polled → unstructured_events.csv
[2026-06-20T02:16:05+07:00] pg         <good>   polled → pg_events.csv
[2026-06-20T02:16:06+07:00] mongo      <good>   polled → mongo_events.csv
[2026-06-20T02:16:06+07:00] unstr      <good>   polled → unstructured_events.csv
[2026-06-20T02:16:16+07:00] pg         <good>   polled → pg_events.csv
[2026-06-20T02:16:17+07:00] mongo      <good>   polled → mongo_events.csv
[2026-06-20T02:16:17+07:00] unstr      <good>   polled → unstructured_events.csv
[2026-06-20T02:16:27+07:00] pg         <good>   polled → pg_events.csv
[2026-06-20T02:16:28+07:00] mongo      <good>   polled → mongo_events.csv
[2026-06-20T02:16:28+07:00] unstr      <good>   polled → unstructured_events.csv
[2026-06-20T02:16:38+07:00] pg         <good>   polled → pg_events.csv
[2026-06-20T02:16:39+07:00] mongo      <good>   polled → mongo_events.csv
[2026-06-20T02:16:39+07:00] unstr      <good>   polled → unstructured_events.csv
[2026-06-20T02:16:49+07:00] pg         <good>   polled → pg_events.csv
[2026-06-20T02:16:50+07:00] mongo      <good>   polled → mongo_events.csv
[2026-06-20T02:16:50+07:00] unstr      <good>   polled → unstructured_events.csv
[2026-06-20T02:17:00+07:00] pg         <good>   polled → pg_events.csv
[2026-06-20T02:17:01+07:00] mongo      <good>   polled → mongo_events.csv
[2026-06-20T02:17:01+07:00] unstr      <good>   polled → unstructured_events.csv
[2026-06-20T02:17:11+07:00] pg         <good>   polled → pg_events.csv
[2026-06-20T02:17:13+07:00] mongo      <good>   polled → mongo_events.csv
[2026-06-20T02:17:13+07:00] unstr      <good>   polled → unstructured_events.csv
[2026-06-20T02:17:23+07:00] pg         <good>   polled → pg_events.csv
[2026-06-20T02:17:24+07:00] mongo      <good>   polled → mongo_events.csv
[2026-06-20T02:17:24+07:00] unstr      <good>   polled → unstructured_events.csv
[2026-06-20T02:17:34+07:00] pg         <good>   polled → pg_events.csv
[2026-06-20T02:17:35+07:00] mongo      <good>   polled → mongo_events.csv
[2026-06-20T02:17:35+07:00] unstr      <good>   polled → unstructured_events.csv
[2026-06-20T02:17:45+07:00] pg         <good>   polled → pg_events.csv
[2026-06-20T02:17:46+07:00] mongo      <good>   polled → mongo_events.csv
[2026-06-20T02:17:46+07:00] unstr      <good>   polled → unstructured_events.csv
[2026-06-20T02:17:56+07:00] pg         <good>   polled → pg_events.csv
[2026-06-20T02:17:57+07:00] mongo      <good>   polled → mongo_events.csv
[2026-06-20T02:17:57+07:00] unstr      <good>   polled → unstructured_events.csv
[2026-06-20T02:18:07+07:00] pg         <good>   polled → pg_events.csv
[2026-06-20T02:18:08+07:00] mongo      <good>   polled → mongo_events.csv
[2026-06-20T02:18:08+07:00] unstr      <good>   polled → unstructured_events.csv
[2026-06-20T02:18:19+07:00] pg         <good>   polled → pg_events.csv
[2026-06-20T02:18:20+07:00] mongo      <good>   polled → mongo_events.csv
[2026-06-20T02:18:20+07:00] unstr      <good>   polled → unstructured_events.csv
[2026-06-20T02:18:30+07:00] pg         <good>   polled → pg_events.csv
[2026-06-20T02:18:31+07:00] mongo      <good>   polled → mongo_events.csv
[2026-06-20T02:18:31+07:00] unstr      <good>   polled → unstructured_events.csv
[2026-06-20T02:18:41+07:00] pg         <good>   polled → pg_events.csv
[2026-06-20T02:18:42+07:00] mongo      <good>   polled → mongo_events.csv
[2026-06-20T02:18:42+07:00] unstr      <good>   polled → unstructured_events.csv
[2026-06-20T02:18:52+07:00] pg         <good>   polled → pg_events.csv
[2026-06-20T02:18:53+07:00] mongo      <good>   polled → mongo_events.csv
[2026-06-20T02:18:53+07:00] unstr      <good>   polled → unstructured_events.csv
[2026-06-20T02:19:03+07:00] pg         <good>   polled → pg_events.csv
[2026-06-20T02:19:05+07:00] mongo      <good>   polled → mongo_events.csv
[2026-06-20T02:19:05+07:00] unstr      <good>   polled → unstructured_events.csv
[2026-06-20T02:19:15+07:00] pg         <good>   polled → pg_events.csv
[2026-06-20T02:19:16+07:00] mongo      <good>   polled → mongo_events.csv
[2026-06-20T02:19:17+07:00] unstr      <good>   polled → unstructured_events.csv
[2026-06-20T02:19:27+07:00] pg         <good>   polled → pg_events.csv
[2026-06-20T02:19:28+0700] main       <info>   ──────────────────────────────────────────────────────
[2026-06-20T02:19:28+0700] main       <info>   Cycle #2 starting
[2026-06-20T02:19:28+07:00] mongo      <good>   polled → mongo_events.csv
[2026-06-20T02:19:28+07:00] unstr      <good>   polled → unstructured_events.csv
[2026-06-20T02:19:28+07:00] main       <info>   starting cycle=20260620_021928 at=2026-06-20T02:19:28.203888+07:00
[2026-06-20T02:19:28+07:00] main       <info>   output_root=/home/primary/data/backup-cycles
[2026-06-20T02:19:28+07:00] main       <info>   staging_root=/home/primary/data/backup-staging
[2026-06-20T02:19:28+07:00] main       <info>   state_db=/home/primary/data/backup-metadata/pfc_index.db
[2026-06-20T02:19:28+07:00] main       <info>   retention max_cycles=30 max_bytes=50.00 GiB cycle_cap=10.00 GiB
[2026-06-20T02:19:28+07:00] main       <info>   chain_version=chain-v1 versioned_cycles_root=/home/primary/data/backup-cycles/chain-v1
[2026-06-20T02:19:28+07:00] main       <info>   last_cycle_ts=1781895551 (2026-06-20T01:59:11+07:00)
[2026-06-20T02:19:30+07:00] mongo      <good>   oplog compressed raw=1.96 MiB stored=72.88 KiB ratio=0.036 elapsed=0.03s
[2026-06-20T02:19:30+07:00] fixtures   <good>   seeded target=/home/primary/data/unstructured/fixtures copied=0 skipped=25 bytes=0 elapsed=0.00s
[2026-06-20T02:19:35+07:00] main       <info>   staging_size=254.05 MiB checked_in=0.00s
[2026-06-20T02:19:36+07:00] main       <good>   wrote checksums=/home/primary/data/backup-staging/cycle_20260620_021928.tmp/checksums.sha256
[2026-06-20T02:19:36+07:00] main       <good>   finalized dir elapsed=0.00s
[2026-06-20T02:19:36+07:00] verify     <good>   ok elapsed=0.45s
[2026-06-20T02:19:36+07:00] pg         <info>   state pg_last_wal_fname=000000010000000000000009
[2026-06-20T02:19:36+07:00] main       <info>   retention elapsed=0.00s
[2026-06-20T02:19:36+07:00] transfer   <info>   pushing to 1 destination(s) as 'chain-v1/20260620_021928': ['recovery@192.168.10.129:/home/recovery/local-backup/incoming']
[2026-06-20T02:19:38+07:00] pg         <good>   polled → pg_events.csv
[2026-06-20T02:19:39+07:00] mongo      <good>   polled → mongo_events.csv
[2026-06-20T02:19:39+07:00] unstr      <good>   polled → unstructured_events.csv
[2026-06-20T02:19:41+07:00] transfer   <good>   all 1 destination(s) OK elapsed=4.59s
[2026-06-20T02:19:41+07:00] main       <info>   Deleting local cycle since it was transferred: /home/primary/data/backup-cycles/chain-v1/20260620_021928
[2026-06-20T02:19:41+07:00] main       <info>   cycle_summary: wal_files=4 (0 B), pfc_chunks=318 (stored=253.31 MiB, raw=302.52 MiB), cycle_stored=254.25 MiB chain=chain-v1
[2026-06-20T02:19:41+07:00] main       <good>   completed cycle=20260620_021928 chain=chain-v1 elapsed=13.40s
[2026-06-20T02:19:41+0700] main       <good>   Cycle #2 completed OK
[2026-06-20T02:19:41+0700] main       <info>   Sleeping 20m until next cycle …
[2026-06-20T02:19:49+07:00] pg         <good>   polled → pg_events.csv
[2026-06-20T02:19:50+07:00] mongo      <good>   polled → mongo_events.csv
[2026-06-20T02:19:50+07:00] unstr      <good>   polled → unstructured_events.csv
[2026-06-20T02:20:00+07:00] pg         <good>   polled → pg_events.csv
[2026-06-20T02:20:01+07:00] mongo      <good>   polled → mongo_events.csv
[2026-06-20T02:20:01+07:00] unstr      <good>   polled → unstructured_events.csv
[2026-06-20T02:20:11+07:00] pg         <good>   polled → pg_events.csv
[2026-06-20T02:20:12+07:00] mongo      <good>   polled → mongo_events.csv
[2026-06-20T02:20:12+07:00] unstr      <good>   polled → unstructured_events.csv
[2026-06-20T02:20:22+07:00] pg         <good>   polled → pg_events.csv
[2026-06-20T02:20:24+07:00] mongo      <good>   polled → mongo_events.csv
[2026-06-20T02:20:24+07:00] unstr      <good>   polled → unstructured_events.csv
[2026-06-20T02:20:34+07:00] pg         <good>   polled → pg_events.csv
[2026-06-20T02:20:35+07:00] mongo      <good>   polled → mongo_events.csv
[2026-06-20T02:20:35+07:00] unstr      <good>   polled → unstructured_events.csv
[2026-06-20T02:20:45+07:00] pg         <good>   polled → pg_events.csv
[2026-06-20T02:20:46+07:00] mongo      <good>   polled → mongo_events.csv
[2026-06-20T02:20:46+07:00] unstr      <good>   polled → unstructured_events.csv
[2026-06-20T02:20:56+07:00] pg         <good>   polled → pg_events.csv
[2026-06-20T02:20:57+07:00] mongo      <good>   polled → mongo_events.csv
[2026-06-20T02:20:57+07:00] unstr      <good>   polled → unstructured_events.csv
[2026-06-20T02:21:07+07:00] pg         <good>   polled → pg_events.csv
[2026-06-20T02:21:08+07:00] mongo      <good>   polled → mongo_events.csv
[2026-06-20T02:21:08+07:00] unstr      <good>   polled → unstructured_events.csv
[2026-06-20T02:21:18+07:00] pg         <good>   polled → pg_events.csv
[2026-06-20T02:21:19+07:00] mongo      <good>   polled → mongo_events.csv
[2026-06-20T02:21:19+07:00] unstr      <good>   polled → unstructured_events.csv
[2026-06-20T02:21:30+07:00] pg         <good>   polled → pg_events.csv
[2026-06-20T02:21:30+07:00] mongo      <good>   polled → mongo_events.csv
[2026-06-20T02:21:30+07:00] unstr      <good>   polled → unstructured_events.csv
[2026-06-20T02:21:41+07:00] pg         <good>   polled → pg_events.csv
[2026-06-20T02:21:42+07:00] mongo      <good>   polled → mongo_events.csv
[2026-06-20T02:21:42+07:00] unstr      <good>   polled → unstructured_events.csv
[2026-06-20T02:21:52+07:00] pg         <good>   polled → pg_events.csv
[2026-06-20T02:21:53+07:00] mongo      <good>   polled → mongo_events.csv
[2026-06-20T02:21:53+07:00] unstr      <good>   polled → unstructured_events.csv
[2026-06-20T02:22:03+07:00] pg         <good>   polled → pg_events.csv
[2026-06-20T02:22:04+07:00] mongo      <good>   polled → mongo_events.csv
[2026-06-20T02:22:04+07:00] unstr      <good>   polled → unstructured_events.csv
[2026-06-20T02:22:14+07:00] pg         <good>   polled → pg_events.csv
[2026-06-20T02:22:15+07:00] mongo      <good>   polled → mongo_events.csv
[2026-06-20T02:22:15+07:00] unstr      <good>   polled → unstructured_events.csv
[2026-06-20T02:22:25+07:00] pg         <good>   polled → pg_events.csv
[2026-06-20T02:22:26+07:00] mongo      <good>   polled → mongo_events.csv
[2026-06-20T02:22:26+07:00] unstr      <good>   polled → unstructured_events.csv
[2026-06-20T02:22:36+07:00] pg         <good>   polled → pg_events.csv
[2026-06-20T02:22:37+07:00] mongo      <good>   polled → mongo_events.csv
[2026-06-20T02:22:37+07:00] unstr      <good>   polled → unstructured_events.csv
[2026-06-20T02:22:47+07:00] pg         <good>   polled → pg_events.csv
[2026-06-20T02:22:48+07:00] mongo      <good>   polled → mongo_events.csv
[2026-06-20T02:22:48+07:00] unstr      <good>   polled → unstructured_events.csv
[2026-06-20T02:22:58+07:00] pg         <good>   polled → pg_events.csv
[2026-06-20T02:22:59+07:00] mongo      <good>   polled → mongo_events.csv
[2026-06-20T02:22:59+07:00] unstr      <good>   polled → unstructured_events.csv
[2026-06-20T02:23:09+07:00] pg         <good>   polled → pg_events.csv
[2026-06-20T02:23:10+07:00] mongo      <good>   polled → mongo_events.csv
[2026-06-20T02:23:10+07:00] unstr      <good>   polled → unstructured_events.csv
[2026-06-20T02:23:20+07:00] pg         <good>   polled → pg_events.csv
[2026-06-20T02:23:21+07:00] mongo      <good>   polled → mongo_events.csv
[2026-06-20T02:23:21+07:00] unstr      <good>   polled → unstructured_events.csv
[2026-06-20T02:23:31+07:00] pg         <good>   polled → pg_events.csv
[2026-06-20T02:23:32+07:00] mongo      <good>   polled → mongo_events.csv
[2026-06-20T02:23:32+07:00] unstr      <good>   polled → unstructured_events.csv
[2026-06-20T02:23:42+07:00] pg         <good>   polled → pg_events.csv
[2026-06-20T02:23:43+07:00] mongo      <good>   polled → mongo_events.csv
[2026-06-20T02:23:43+07:00] unstr      <good>   polled → unstructured_events.csv
[2026-06-20T02:23:53+07:00] pg         <good>   polled → pg_events.csv
[2026-06-20T02:23:54+07:00] mongo      <good>   polled → mongo_events.csv
[2026-06-20T02:23:54+07:00] unstr      <good>   polled → unstructured_events.csv
[2026-06-20T02:24:04+07:00] pg         <good>   polled → pg_events.csv
[2026-06-20T02:24:05+07:00] mongo      <good>   polled → mongo_events.csv
[2026-06-20T02:24:05+07:00] unstr      <good>   polled → unstructured_events.csv
[2026-06-20T02:24:15+07:00] pg         <good>   polled → pg_events.csv
[2026-06-20T02:24:16+07:00] mongo      <good>   polled → mongo_events.csv
[2026-06-20T02:24:16+07:00] unstr      <good>   polled → unstructured_events.csv
[2026-06-20T02:24:26+07:00] pg         <good>   polled → pg_events.csv
[2026-06-20T02:24:27+07:00] mongo      <good>   polled → mongo_events.csv
[2026-06-20T02:24:27+07:00] unstr      <good>   polled → unstructured_events.csv
[2026-06-20T02:24:37+07:00] pg         <good>   polled → pg_events.csv
[2026-06-20T02:24:38+07:00] mongo      <good>   polled → mongo_events.csv
[2026-06-20T02:24:38+07:00] unstr      <good>   polled → unstructured_events.csv
[2026-06-20T02:24:48+07:00] pg         <good>   polled → pg_events.csv
[2026-06-20T02:24:49+07:00] mongo      <good>   polled → mongo_events.csv
[2026-06-20T02:24:49+07:00] unstr      <good>   polled → unstructured_events.csv
[2026-06-20T02:24:59+07:00] pg         <good>   polled → pg_events.csv
[2026-06-20T02:25:00+07:00] mongo      <good>   polled → mongo_events.csv
[2026-06-20T02:25:00+07:00] unstr      <good>   polled → unstructured_events.csv
[2026-06-20T02:25:10+07:00] pg         <good>   polled → pg_events.csv
[2026-06-20T02:25:11+07:00] mongo      <good>   polled → mongo_events.csv
[2026-06-20T02:25:11+07:00] unstr      <good>   polled → unstructured_events.csv
[2026-06-20T02:25:21+07:00] pg         <good>   polled → pg_events.csv
[2026-06-20T02:25:22+07:00] mongo      <good>   polled → mongo_events.csv
[2026-06-20T02:25:22+07:00] unstr      <good>   polled → unstructured_events.csv
[2026-06-20T02:25:32+07:00] pg         <good>   polled → pg_events.csv
[2026-06-20T02:25:33+07:00] mongo      <good>   polled → mongo_events.csv
[2026-06-20T02:25:33+07:00] unstr      <good>   polled → unstructured_events.csv
[2026-06-20T02:25:43+07:00] pg         <good>   polled → pg_events.csv
[2026-06-20T02:25:44+07:00] mongo      <good>   polled → mongo_events.csv
[2026-06-20T02:25:44+07:00] unstr      <good>   polled → unstructured_events.csv
[2026-06-20T02:25:54+07:00] pg         <good>   polled → pg_events.csv
[2026-06-20T02:25:55+07:00] mongo      <good>   polled → mongo_events.csv
[2026-06-20T02:25:55+07:00] unstr      <good>   polled → unstructured_events.csv
[2026-06-20T02:26:05+07:00] pg         <good>   polled → pg_events.csv
[2026-06-20T02:26:06+07:00] mongo      <good>   polled → mongo_events.csv
[2026-06-20T02:26:06+07:00] unstr      <good>   polled → unstructured_events.csv
[2026-06-20T02:26:16+07:00] pg         <good>   polled → pg_events.csv
[2026-06-20T02:26:17+07:00] mongo      <good>   polled → mongo_events.csv
[2026-06-20T02:26:17+07:00] unstr      <good>   polled → unstructured_events.csv
[2026-06-20T02:26:27+07:00] pg         <good>   polled → pg_events.csv
[2026-06-20T02:26:28+07:00] mongo      <good>   polled → mongo_events.csv
[2026-06-20T02:26:28+07:00] unstr      <good>   polled → unstructured_events.csv
[2026-06-20T02:26:38+07:00] pg         <good>   polled → pg_events.csv
[2026-06-20T02:26:39+07:00] mongo      <good>   polled → mongo_events.csv
[2026-06-20T02:26:39+07:00] unstr      <good>   polled → unstructured_events.csv
[2026-06-20T02:26:49+07:00] pg         <good>   polled → pg_events.csv
[2026-06-20T02:26:50+07:00] mongo      <good>   polled → mongo_events.csv
[2026-06-20T02:26:50+07:00] unstr      <good>   polled → unstructured_events.csv
[2026-06-20T02:27:00+07:00] pg         <good>   polled → pg_events.csv
[2026-06-20T02:27:01+07:00] mongo      <good>   polled → mongo_events.csv
[2026-06-20T02:27:01+07:00] unstr      <good>   polled → unstructured_events.csv
[2026-06-20T02:27:11+07:00] pg         <good>   polled → pg_events.csv
[2026-06-20T02:27:12+07:00] mongo      <good>   polled → mongo_events.csv
[2026-06-20T02:27:12+07:00] unstr      <good>   polled → unstructured_events.csv
[2026-06-20T02:27:22+07:00] pg         <good>   polled → pg_events.csv
[2026-06-20T02:27:23+07:00] mongo      <good>   polled → mongo_events.csv
[2026-06-20T02:27:23+07:00] unstr      <good>   polled → unstructured_events.csv
[2026-06-20T02:27:33+07:00] pg         <good>   polled → pg_events.csv
[2026-06-20T02:27:34+07:00] mongo      <good>   polled → mongo_events.csv
[2026-06-20T02:27:34+07:00] unstr      <good>   polled → unstructured_events.csv
[2026-06-20T02:27:44+07:00] pg         <good>   polled → pg_events.csv
[2026-06-20T02:27:45+07:00] mongo      <good>   polled → mongo_events.csv
[2026-06-20T02:27:45+07:00] unstr      <good>   polled → unstructured_events.csv
[2026-06-20T02:27:55+07:00] pg         <good>   polled → pg_events.csv
[2026-06-20T02:27:56+07:00] mongo      <good>   polled → mongo_events.csv
[2026-06-20T02:27:56+07:00] unstr      <good>   polled → unstructured_events.csv
[2026-06-20T02:28:06+07:00] pg         <good>   polled → pg_events.csv
[2026-06-20T02:28:07+07:00] mongo      <good>   polled → mongo_events.csv
[2026-06-20T02:28:07+07:00] unstr      <good>   polled → unstructured_events.csv
[2026-06-20T02:28:17+07:00] pg         <good>   polled → pg_events.csv
[2026-06-20T02:28:18+07:00] mongo      <good>   polled → mongo_events.csv
[2026-06-20T02:28:18+07:00] unstr      <good>   polled → unstructured_events.csv
[2026-06-20T02:28:28+07:00] pg         <good>   polled → pg_events.csv
[2026-06-20T02:28:29+07:00] mongo      <good>   polled → mongo_events.csv
[2026-06-20T02:28:29+07:00] unstr      <good>   polled → unstructured_events.csv
[2026-06-20T02:28:39+07:00] pg         <good>   polled → pg_events.csv
[2026-06-20T02:28:40+07:00] mongo      <good>   polled → mongo_events.csv
[2026-06-20T02:28:40+07:00] unstr      <good>   polled → unstructured_events.csv
[2026-06-20T02:28:50+07:00] pg         <good>   polled → pg_events.csv
[2026-06-20T02:28:51+07:00] mongo      <good>   polled → mongo_events.csv
[2026-06-20T02:28:51+07:00] unstr      <good>   polled → unstructured_events.csv
[2026-06-20T02:29:01+07:00] pg         <good>   polled → pg_events.csv
[2026-06-20T02:29:02+07:00] mongo      <good>   polled → mongo_events.csv
[2026-06-20T02:29:02+07:00] unstr      <good>   polled → unstructured_events.csv
[2026-06-20T02:29:12+07:00] pg         <good>   polled → pg_events.csv
[2026-06-20T02:29:13+07:00] mongo      <good>   polled → mongo_events.csv
[2026-06-20T02:29:13+07:00] unstr      <good>   polled → unstructured_events.csv
[2026-06-20T02:29:23+07:00] pg         <good>   polled → pg_events.csv
[2026-06-20T02:29:24+07:00] mongo      <good>   polled → mongo_events.csv
[2026-06-20T02:29:24+07:00] unstr      <good>   polled → unstructured_events.csv
[2026-06-20T02:29:34+07:00] pg         <good>   polled → pg_events.csv
[2026-06-20T02:29:35+07:00] mongo      <good>   polled → mongo_events.csv
[2026-06-20T02:29:35+07:00] unstr      <good>   polled → unstructured_events.csv
[2026-06-20T02:29:45+07:00] pg         <good>   polled → pg_events.csv
[2026-06-20T02:29:46+07:00] mongo      <good>   polled → mongo_events.csv
[2026-06-20T02:29:46+07:00] unstr      <good>   polled → unstructured_events.csv
[2026-06-20T02:29:56+07:00] pg         <good>   polled → pg_events.csv
[2026-06-20T02:29:57+07:00] mongo      <good>   polled → mongo_events.csv
[2026-06-20T02:29:57+07:00] unstr      <good>   polled → unstructured_events.csv
[2026-06-20T02:30:07+07:00] pg         <good>   polled → pg_events.csv
[2026-06-20T02:30:08+07:00] mongo      <good>   polled → mongo_events.csv
[2026-06-20T02:30:08+07:00] unstr      <good>   polled → unstructured_events.csv
[2026-06-20T02:30:18+07:00] pg         <good>   polled → pg_events.csv
[2026-06-20T02:30:19+07:00] mongo      <good>   polled → mongo_events.csv
[2026-06-20T02:30:19+07:00] unstr      <good>   polled → unstructured_events.csv
[2026-06-20T02:30:29+07:00] pg         <good>   polled → pg_events.csv
[2026-06-20T02:30:30+07:00] mongo      <good>   polled → mongo_events.csv
[2026-06-20T02:30:30+07:00] unstr      <good>   polled → unstructured_events.csv
[2026-06-20T02:30:40+07:00] pg         <good>   polled → pg_events.csv
[2026-06-20T02:30:41+07:00] mongo      <good>   polled → mongo_events.csv
[2026-06-20T02:30:41+07:00] unstr      <good>   polled → unstructured_events.csv
[2026-06-20T02:30:51+07:00] pg         <good>   polled → pg_events.csv
[2026-06-20T02:30:52+07:00] mongo      <good>   polled → mongo_events.csv
[2026-06-20T02:30:52+07:00] unstr      <good>   polled → unstructured_events.csv
[2026-06-20T02:31:02+07:00] pg         <good>   polled → pg_events.csv
[2026-06-20T02:31:03+07:00] mongo      <good>   polled → mongo_events.csv
[2026-06-20T02:31:03+07:00] unstr      <good>   polled → unstructured_events.csv
[2026-06-20T02:31:13+07:00] pg         <good>   polled → pg_events.csv
[2026-06-20T02:31:14+07:00] mongo      <good>   polled → mongo_events.csv
[2026-06-20T02:31:14+07:00] unstr      <good>   polled → unstructured_events.csv
[2026-06-20T02:31:24+07:00] pg         <good>   polled → pg_events.csv
[2026-06-20T02:31:25+07:00] mongo      <good>   polled → mongo_events.csv
[2026-06-20T02:31:25+07:00] unstr      <good>   polled → unstructured_events.csv
[2026-06-20T02:31:35+07:00] pg         <good>   polled → pg_events.csv
[2026-06-20T02:31:36+07:00] mongo      <good>   polled → mongo_events.csv
[2026-06-20T02:31:36+07:00] unstr      <good>   polled → unstructured_events.csv
[2026-06-20T02:31:46+07:00] pg         <good>   polled → pg_events.csv
[2026-06-20T02:31:47+07:00] mongo      <good>   polled → mongo_events.csv
[2026-06-20T02:31:47+07:00] unstr      <good>   polled → unstructured_events.csv
[2026-06-20T02:31:57+07:00] pg         <good>   polled → pg_events.csv
[2026-06-20T02:31:58+07:00] mongo      <good>   polled → mongo_events.csv
[2026-06-20T02:31:58+07:00] unstr      <good>   polled → unstructured_events.csv
[2026-06-20T02:32:08+07:00] pg         <good>   polled → pg_events.csv
[2026-06-20T02:32:09+07:00] mongo      <good>   polled → mongo_events.csv
[2026-06-20T02:32:09+07:00] unstr      <good>   polled → unstructured_events.csv
[2026-06-20T02:32:19+07:00] pg         <good>   polled → pg_events.csv
[2026-06-20T02:32:20+07:00] mongo      <good>   polled → mongo_events.csv
[2026-06-20T02:32:20+07:00] unstr      <good>   polled → unstructured_events.csv
[2026-06-20T02:32:30+07:00] pg         <good>   polled → pg_events.csv
[2026-06-20T02:32:31+07:00] mongo      <good>   polled → mongo_events.csv
[2026-06-20T02:32:31+07:00] unstr      <good>   polled → unstructured_events.csv
[2026-06-20T02:32:41+07:00] pg         <good>   polled → pg_events.csv
[2026-06-20T02:32:42+07:00] mongo      <good>   polled → mongo_events.csv
[2026-06-20T02:32:42+07:00] unstr      <good>   polled → unstructured_events.csv
[2026-06-20T02:32:52+07:00] pg         <good>   polled → pg_events.csv
[2026-06-20T02:32:53+07:00] mongo      <good>   polled → mongo_events.csv
[2026-06-20T02:32:53+07:00] unstr      <good>   polled → unstructured_events.csv
[2026-06-20T02:33:03+07:00] pg         <good>   polled → pg_events.csv
[2026-06-20T02:33:04+07:00] mongo      <good>   polled → mongo_events.csv
[2026-06-20T02:33:04+07:00] unstr      <good>   polled → unstructured_events.csv
[2026-06-20T02:33:14+07:00] pg         <good>   polled → pg_events.csv
[2026-06-20T02:33:15+07:00] mongo      <good>   polled → mongo_events.csv
[2026-06-20T02:33:15+07:00] unstr      <good>   polled → unstructured_events.csv
[2026-06-20T02:33:25+07:00] pg         <good>   polled → pg_events.csv
[2026-06-20T02:33:26+07:00] mongo      <good>   polled → mongo_events.csv
[2026-06-20T02:33:26+07:00] unstr      <good>   polled → unstructured_events.csv
[2026-06-20T02:33:36+07:00] pg         <good>   polled → pg_events.csv
[2026-06-20T02:33:37+07:00] mongo      <good>   polled → mongo_events.csv
[2026-06-20T02:33:37+07:00] unstr      <good>   polled → unstructured_events.csv
[2026-06-20T02:33:47+07:00] pg         <good>   polled → pg_events.csv
[2026-06-20T02:33:48+07:00] mongo      <good>   polled → mongo_events.csv
[2026-06-20T02:33:48+07:00] unstr      <good>   polled → unstructured_events.csv
[2026-06-20T02:33:58+07:00] pg         <good>   polled → pg_events.csv
[2026-06-20T02:33:59+07:00] mongo      <good>   polled → mongo_events.csv
[2026-06-20T02:33:59+07:00] unstr      <good>   polled → unstructured_events.csv
[2026-06-20T02:34:09+07:00] pg         <good>   polled → pg_events.csv
[2026-06-20T02:34:10+07:00] mongo      <good>   polled → mongo_events.csv
[2026-06-20T02:34:10+07:00] unstr      <good>   polled → unstructured_events.csv
[2026-06-20T02:34:20+07:00] pg         <good>   polled → pg_events.csv
[2026-06-20T02:34:21+07:00] mongo      <good>   polled → mongo_events.csv
[2026-06-20T02:34:21+07:00] unstr      <good>   polled → unstructured_events.csv
[2026-06-20T02:34:31+07:00] pg         <good>   polled → pg_events.csv
[2026-06-20T02:34:32+07:00] mongo      <good>   polled → mongo_events.csv
[2026-06-20T02:34:32+07:00] unstr      <good>   polled → unstructured_events.csv
[2026-06-20T02:34:42+07:00] pg         <good>   polled → pg_events.csv
[2026-06-20T02:34:43+07:00] mongo      <good>   polled → mongo_events.csv
[2026-06-20T02:34:43+07:00] unstr      <good>   polled → unstructured_events.csv
[2026-06-20T02:34:53+07:00] pg         <good>   polled → pg_events.csv
[2026-06-20T02:34:54+07:00] mongo      <good>   polled → mongo_events.csv
[2026-06-20T02:34:54+07:00] unstr      <good>   polled → unstructured_events.csv
[2026-06-20T02:35:04+07:00] pg         <good>   polled → pg_events.csv
[2026-06-20T02:35:05+07:00] mongo      <good>   polled → mongo_events.csv
[2026-06-20T02:35:05+07:00] unstr      <good>   polled → unstructured_events.csv
[2026-06-20T02:35:15+07:00] pg         <good>   polled → pg_events.csv
[2026-06-20T02:35:16+07:00] mongo      <good>   polled → mongo_events.csv
[2026-06-20T02:35:16+07:00] unstr      <good>   polled → unstructured_events.csv
[2026-06-20T02:35:26+07:00] pg         <good>   polled → pg_events.csv
[2026-06-20T02:35:27+07:00] mongo      <good>   polled → mongo_events.csv
[2026-06-20T02:35:27+07:00] unstr      <good>   polled → unstructured_events.csv
[2026-06-20T02:35:37+07:00] pg         <good>   polled → pg_events.csv
[2026-06-20T02:35:38+07:00] mongo      <good>   polled → mongo_events.csv
[2026-06-20T02:35:38+07:00] unstr      <good>   polled → unstructured_events.csv
[2026-06-20T02:35:48+07:00] pg         <good>   polled → pg_events.csv
[2026-06-20T02:35:49+07:00] mongo      <good>   polled → mongo_events.csv
[2026-06-20T02:35:49+07:00] unstr      <good>   polled → unstructured_events.csv
[2026-06-20T02:35:59+07:00] pg         <good>   polled → pg_events.csv
[2026-06-20T02:36:00+07:00] mongo      <good>   polled → mongo_events.csv
[2026-06-20T02:36:00+07:00] unstr      <good>   polled → unstructured_events.csv
[2026-06-20T02:36:10+07:00] pg         <good>   polled → pg_events.csv
[2026-06-20T02:36:10+07:00] mongo      <good>   polled → mongo_events.csv
[2026-06-20T02:36:10+07:00] unstr      <good>   polled → unstructured_events.csv
[2026-06-20T02:36:21+07:00] pg         <good>   polled → pg_events.csv
[2026-06-20T02:36:21+07:00] mongo      <good>   polled → mongo_events.csv
[2026-06-20T02:36:21+07:00] unstr      <good>   polled → unstructured_events.csv
[2026-06-20T02:36:31+07:00] pg         <good>   polled → pg_events.csv
[2026-06-20T02:36:32+07:00] mongo      <good>   polled → mongo_events.csv
[2026-06-20T02:36:32+07:00] unstr      <good>   polled → unstructured_events.csv
[2026-06-20T02:36:42+07:00] pg         <good>   polled → pg_events.csv
[2026-06-20T02:36:43+07:00] mongo      <good>   polled → mongo_events.csv
[2026-06-20T02:36:43+07:00] unstr      <good>   polled → unstructured_events.csv
[2026-06-20T02:36:53+07:00] pg         <good>   polled → pg_events.csv
[2026-06-20T02:36:54+07:00] mongo      <good>   polled → mongo_events.csv
[2026-06-20T02:36:54+07:00] unstr      <good>   polled → unstructured_events.csv
[2026-06-20T02:37:04+07:00] pg         <good>   polled → pg_events.csv
[2026-06-20T02:37:05+07:00] mongo      <good>   polled → mongo_events.csv
[2026-06-20T02:37:05+07:00] unstr      <good>   polled → unstructured_events.csv
[2026-06-20T02:37:15+07:00] pg         <good>   polled → pg_events.csv
[2026-06-20T02:37:16+07:00] mongo      <good>   polled → mongo_events.csv
[2026-06-20T02:37:16+07:00] unstr      <good>   polled → unstructured_events.csv
[2026-06-20T02:37:26+07:00] pg         <good>   polled → pg_events.csv
[2026-06-20T02:37:27+07:00] mongo      <good>   polled → mongo_events.csv
[2026-06-20T02:37:27+07:00] unstr      <good>   polled → unstructured_events.csv
[2026-06-20T02:37:37+07:00] pg         <good>   polled → pg_events.csv
[2026-06-20T02:37:38+07:00] mongo      <good>   polled → mongo_events.csv
[2026-06-20T02:37:38+07:00] unstr      <good>   polled → unstructured_events.csv
[2026-06-20T02:37:48+07:00] pg         <good>   polled → pg_events.csv
[2026-06-20T02:37:49+07:00] mongo      <good>   polled → mongo_events.csv
[2026-06-20T02:37:49+07:00] unstr      <good>   polled → unstructured_events.csv
[2026-06-20T02:37:59+07:00] pg         <good>   polled → pg_events.csv
[2026-06-20T02:38:00+07:00] mongo      <good>   polled → mongo_events.csv
[2026-06-20T02:38:00+07:00] unstr      <good>   polled → unstructured_events.csv
[2026-06-20T02:38:10+07:00] pg         <good>   polled → pg_events.csv
[2026-06-20T02:38:11+07:00] mongo      <good>   polled → mongo_events.csv
[2026-06-20T02:38:11+07:00] unstr      <good>   polled → unstructured_events.csv
[2026-06-20T02:38:21+07:00] pg         <good>   polled → pg_events.csv
[2026-06-20T02:38:22+07:00] mongo      <good>   polled → mongo_events.csv
[2026-06-20T02:38:22+07:00] unstr      <good>   polled → unstructured_events.csv
[2026-06-20T02:38:32+07:00] pg         <good>   polled → pg_events.csv
[2026-06-20T02:38:33+07:00] mongo      <good>   polled → mongo_events.csv
[2026-06-20T02:38:33+07:00] unstr      <good>   polled → unstructured_events.csv
[2026-06-20T02:38:44+07:00] pg         <good>   polled → pg_events.csv
[2026-06-20T02:38:44+07:00] mongo      <good>   polled → mongo_events.csv
[2026-06-20T02:38:44+07:00] unstr      <good>   polled → unstructured_events.csv
[2026-06-20T02:38:55+07:00] pg         <good>   polled → pg_events.csv
[2026-06-20T02:38:56+07:00] mongo      <good>   polled → mongo_events.csv
[2026-06-20T02:38:56+07:00] unstr      <good>   polled → unstructured_events.csv
[2026-06-20T02:39:06+07:00] pg         <good>   polled → pg_events.csv
[2026-06-20T02:39:07+07:00] mongo      <good>   polled → mongo_events.csv
[2026-06-20T02:39:07+07:00] unstr      <good>   polled → unstructured_events.csv
[2026-06-20T02:39:17+07:00] pg         <good>   polled → pg_events.csv
[2026-06-20T02:39:18+07:00] mongo      <good>   polled → mongo_events.csv
[2026-06-20T02:39:18+07:00] unstr      <good>   polled → unstructured_events.csv
[2026-06-20T02:39:28+07:00] pg         <good>   polled → pg_events.csv
[2026-06-20T02:39:29+07:00] mongo      <good>   polled → mongo_events.csv
[2026-06-20T02:39:29+07:00] unstr      <good>   polled → unstructured_events.csv
[2026-06-20T02:39:39+07:00] pg         <good>   polled → pg_events.csv
[2026-06-20T02:39:40+07:00] mongo      <good>   polled → mongo_events.csv
[2026-06-20T02:39:40+07:00] unstr      <good>   polled → unstructured_events.csv
[2026-06-20T02:39:41+0700] main       <info>   ──────────────────────────────────────────────────────
[2026-06-20T02:39:41+0700] main       <info>   Cycle #3 starting
[2026-06-20T02:39:41+07:00] main       <info>   starting cycle=20260620_023941 at=2026-06-20T02:39:41.767192+07:00
[2026-06-20T02:39:41+07:00] main       <info>   output_root=/home/primary/data/backup-cycles
[2026-06-20T02:39:41+07:00] main       <info>   staging_root=/home/primary/data/backup-staging
[2026-06-20T02:39:41+07:00] main       <info>   state_db=/home/primary/data/backup-metadata/pfc_index.db
[2026-06-20T02:39:41+07:00] main       <info>   retention max_cycles=30 max_bytes=50.00 GiB cycle_cap=10.00 GiB
[2026-06-20T02:39:41+07:00] main       <info>   chain_version=chain-v1 versioned_cycles_root=/home/primary/data/backup-cycles/chain-v1
[2026-06-20T02:39:41+07:00] main       <info>   last_cycle_ts=1781896776 (2026-06-20T02:19:36+07:00)
[2026-06-20T02:39:44+07:00] mongo      <good>   oplog compressed raw=1.94 MiB stored=75.29 KiB ratio=0.038 elapsed=0.04s
[2026-06-20T02:39:44+07:00] fixtures   <good>   seeded target=/home/primary/data/unstructured/fixtures copied=0 skipped=25 bytes=0 elapsed=0.00s
[2026-06-20T02:39:47+07:00] main       <info>   staging_size=16.29 MiB checked_in=0.00s
[2026-06-20T02:39:47+07:00] main       <good>   wrote checksums=/home/primary/data/backup-staging/cycle_20260620_023941.tmp/checksums.sha256
[2026-06-20T02:39:47+07:00] main       <good>   finalized dir elapsed=0.00s
[2026-06-20T02:39:47+07:00] verify     <good>   ok elapsed=0.04s
[2026-06-20T02:39:47+07:00] pg         <info>   state pg_last_wal_fname=00000001000000000000000D
[2026-06-20T02:39:47+07:00] main       <info>   retention elapsed=0.00s
[2026-06-20T02:39:47+07:00] transfer   <info>   pushing to 1 destination(s) as 'chain-v1/20260620_023941': ['recovery@192.168.10.129:/home/recovery/local-backup/incoming']
[2026-06-20T02:39:49+07:00] transfer   <good>   all 1 destination(s) OK elapsed=1.73s
[2026-06-20T02:39:49+07:00] main       <info>   Deleting local cycle since it was transferred: /home/primary/data/backup-cycles/chain-v1/20260620_023941
[2026-06-20T02:39:49+07:00] main       <info>   cycle_summary: wal_files=4 (0 B), pfc_chunks=87 (stored=15.31 MiB, raw=72.22 MiB), cycle_stored=16.34 MiB chain=chain-v1
[2026-06-20T02:39:49+07:00] main       <good>   completed cycle=20260620_023941 chain=chain-v1 elapsed=7.43s
[2026-06-20T02:39:49+0700] main       <good>   Cycle #3 completed OK
[2026-06-20T02:39:49+0700] main       <info>   Sleeping 20m until next cycle …
[2026-06-20T02:39:50+07:00] pg         <good>   polled → pg_events.csv
[2026-06-20T02:39:51+07:00] mongo      <good>   polled → mongo_events.csv
[2026-06-20T02:39:51+07:00] unstr      <good>   polled → unstructured_events.csv
[2026-06-20T02:40:01+07:00] pg         <good>   polled → pg_events.csv
[2026-06-20T02:40:02+07:00] mongo      <good>   polled → mongo_events.csv
[2026-06-20T02:40:02+07:00] unstr      <good>   polled → unstructured_events.csv
[2026-06-20T02:40:12+07:00] pg         <good>   polled → pg_events.csv
[2026-06-20T02:40:13+07:00] mongo      <good>   polled → mongo_events.csv
[2026-06-20T02:40:13+07:00] unstr      <good>   polled → unstructured_events.csv
[2026-06-20T02:40:23+07:00] pg         <good>   polled → pg_events.csv
[2026-06-20T02:40:24+07:00] mongo      <good>   polled → mongo_events.csv
[2026-06-20T02:40:24+07:00] unstr      <good>   polled → unstructured_events.csv
[2026-06-20T02:40:34+07:00] pg         <good>   polled → pg_events.csv
[2026-06-20T02:40:35+07:00] mongo      <good>   polled → mongo_events.csv
[2026-06-20T02:40:35+07:00] unstr      <good>   polled → unstructured_events.csv
[2026-06-20T02:40:46+07:00] pg         <good>   polled → pg_events.csv
[2026-06-20T02:40:46+07:00] mongo      <good>   polled → mongo_events.csv
[2026-06-20T02:40:46+07:00] unstr      <good>   polled → unstructured_events.csv
[2026-06-20T02:40:57+07:00] pg         <good>   polled → pg_events.csv
[2026-06-20T02:40:58+07:00] mongo      <good>   polled → mongo_events.csv
[2026-06-20T02:40:58+07:00] unstr      <good>   polled → unstructured_events.csv
[2026-06-20T02:41:08+07:00] pg         <good>   polled → pg_events.csv
[2026-06-20T02:41:09+07:00] mongo      <good>   polled → mongo_events.csv
[2026-06-20T02:41:09+07:00] unstr      <good>   polled → unstructured_events.csv
[2026-06-20T02:41:19+07:00] pg         <good>   polled → pg_events.csv
[2026-06-20T02:41:20+07:00] mongo      <good>   polled → mongo_events.csv
[2026-06-20T02:41:20+07:00] unstr      <good>   polled → unstructured_events.csv
[2026-06-20T02:41:30+07:00] pg         <good>   polled → pg_events.csv
[2026-06-20T02:41:31+07:00] mongo      <good>   polled → mongo_events.csv
[2026-06-20T02:41:31+07:00] unstr      <good>   polled → unstructured_events.csv
[2026-06-20T02:41:41+07:00] pg         <good>   polled → pg_events.csv
[2026-06-20T02:41:42+07:00] mongo      <good>   polled → mongo_events.csv
[2026-06-20T02:41:42+07:00] unstr      <good>   polled → unstructured_events.csv
[2026-06-20T02:41:52+07:00] pg         <good>   polled → pg_events.csv
[2026-06-20T02:41:53+07:00] mongo      <good>   polled → mongo_events.csv
[2026-06-20T02:41:53+07:00] unstr      <good>   polled → unstructured_events.csv
[2026-06-20T02:42:03+07:00] pg         <good>   polled → pg_events.csv
[2026-06-20T02:42:04+07:00] mongo      <good>   polled → mongo_events.csv
[2026-06-20T02:42:04+07:00] unstr      <good>   polled → unstructured_events.csv
[2026-06-20T02:42:14+07:00] pg         <good>   polled → pg_events.csv
[2026-06-20T02:42:15+07:00] mongo      <good>   polled → mongo_events.csv
[2026-06-20T02:42:15+07:00] unstr      <good>   polled → unstructured_events.csv
[2026-06-20T02:42:25+07:00] pg         <good>   polled → pg_events.csv
[2026-06-20T02:42:26+07:00] mongo      <good>   polled → mongo_events.csv
[2026-06-20T02:42:26+07:00] unstr      <good>   polled → unstructured_events.csv
[2026-06-20T02:42:36+07:00] pg         <good>   polled → pg_events.csv
[2026-06-20T02:42:37+07:00] mongo      <good>   polled → mongo_events.csv
[2026-06-20T02:42:37+07:00] unstr      <good>   polled → unstructured_events.csv
[2026-06-20T02:42:47+07:00] pg         <good>   polled → pg_events.csv
[2026-06-20T02:42:48+07:00] mongo      <good>   polled → mongo_events.csv
[2026-06-20T02:42:48+07:00] unstr      <good>   polled → unstructured_events.csv
[2026-06-20T02:42:58+07:00] pg         <good>   polled → pg_events.csv
[2026-06-20T02:42:59+07:00] mongo      <good>   polled → mongo_events.csv
[2026-06-20T02:42:59+07:00] unstr      <good>   polled → unstructured_events.csv
[2026-06-20T02:43:09+07:00] pg         <good>   polled → pg_events.csv
[2026-06-20T02:43:10+07:00] mongo      <good>   polled → mongo_events.csv
[2026-06-20T02:43:10+07:00] unstr      <good>   polled → unstructured_events.csv
[2026-06-20T02:43:21+07:00] pg         <good>   polled → pg_events.csv
[2026-06-20T02:43:22+07:00] mongo      <good>   polled → mongo_events.csv
[2026-06-20T02:43:22+07:00] unstr      <good>   polled → unstructured_events.csv
[2026-06-20T02:43:32+07:00] pg         <good>   polled → pg_events.csv
[2026-06-20T02:43:33+07:00] mongo      <good>   polled → mongo_events.csv
[2026-06-20T02:43:33+07:00] unstr      <good>   polled → unstructured_events.csv
[2026-06-20T02:43:43+07:00] pg         <good>   polled → pg_events.csv
[2026-06-20T02:43:44+07:00] mongo      <good>   polled → mongo_events.csv
[2026-06-20T02:43:44+07:00] unstr      <good>   polled → unstructured_events.csv
[2026-06-20T02:43:54+07:00] pg         <good>   polled → pg_events.csv
[2026-06-20T02:43:55+07:00] mongo      <good>   polled → mongo_events.csv
[2026-06-20T02:43:55+07:00] unstr      <good>   polled → unstructured_events.csv
[2026-06-20T02:44:05+07:00] pg         <good>   polled → pg_events.csv
[2026-06-20T02:44:06+07:00] mongo      <good>   polled → mongo_events.csv
[2026-06-20T02:44:06+07:00] unstr      <good>   polled → unstructured_events.csv
[2026-06-20T02:44:16+07:00] pg         <good>   polled → pg_events.csv
[2026-06-20T02:44:17+07:00] mongo      <good>   polled → mongo_events.csv
[2026-06-20T02:44:17+07:00] unstr      <good>   polled → unstructured_events.csv
[2026-06-20T02:44:27+07:00] pg         <good>   polled → pg_events.csv
[2026-06-20T02:44:28+07:00] mongo      <good>   polled → mongo_events.csv
[2026-06-20T02:44:28+07:00] unstr      <good>   polled → unstructured_events.csv
[2026-06-20T02:44:38+07:00] pg         <good>   polled → pg_events.csv
[2026-06-20T02:44:39+07:00] mongo      <good>   polled → mongo_events.csv
[2026-06-20T02:44:39+07:00] unstr      <good>   polled → unstructured_events.csv
[2026-06-20T02:44:49+07:00] pg         <good>   polled → pg_events.csv
[2026-06-20T02:44:50+07:00] mongo      <good>   polled → mongo_events.csv
[2026-06-20T02:44:50+07:00] unstr      <good>   polled → unstructured_events.csv
[2026-06-20T02:45:00+07:00] pg         <good>   polled → pg_events.csv
[2026-06-20T02:45:01+07:00] mongo      <good>   polled → mongo_events.csv
[2026-06-20T02:45:01+07:00] unstr      <good>   polled → unstructured_events.csv
[2026-06-20T02:45:11+07:00] pg         <good>   polled → pg_events.csv
[2026-06-20T02:45:12+07:00] mongo      <good>   polled → mongo_events.csv
[2026-06-20T02:45:12+07:00] unstr      <good>   polled → unstructured_events.csv
[2026-06-20T02:45:22+07:00] pg         <good>   polled → pg_events.csv
[2026-06-20T02:45:23+07:00] mongo      <good>   polled → mongo_events.csv
[2026-06-20T02:45:23+07:00] unstr      <good>   polled → unstructured_events.csv
[2026-06-20T02:45:33+07:00] pg         <good>   polled → pg_events.csv
[2026-06-20T02:45:34+07:00] mongo      <good>   polled → mongo_events.csv
[2026-06-20T02:45:34+07:00] unstr      <good>   polled → unstructured_events.csv
[2026-06-20T02:45:44+07:00] pg         <good>   polled → pg_events.csv
[2026-06-20T02:45:45+07:00] mongo      <good>   polled → mongo_events.csv
[2026-06-20T02:45:45+07:00] unstr      <good>   polled → unstructured_events.csv
[2026-06-20T02:45:55+07:00] pg         <good>   polled → pg_events.csv
[2026-06-20T02:45:56+07:00] mongo      <good>   polled → mongo_events.csv
[2026-06-20T02:45:56+07:00] unstr      <good>   polled → unstructured_events.csv
[2026-06-20T02:46:06+07:00] pg         <good>   polled → pg_events.csv
[2026-06-20T02:46:07+07:00] mongo      <good>   polled → mongo_events.csv
[2026-06-20T02:46:07+07:00] unstr      <good>   polled → unstructured_events.csv
[2026-06-20T02:46:17+07:00] pg         <good>   polled → pg_events.csv
[2026-06-20T02:46:18+07:00] mongo      <good>   polled → mongo_events.csv
[2026-06-20T02:46:18+07:00] unstr      <good>   polled → unstructured_events.csv
[2026-06-20T02:46:28+07:00] pg         <good>   polled → pg_events.csv
[2026-06-20T02:46:29+07:00] mongo      <good>   polled → mongo_events.csv
[2026-06-20T02:46:29+07:00] unstr      <good>   polled → unstructured_events.csv
[2026-06-20T02:46:39+07:00] pg         <good>   polled → pg_events.csv
[2026-06-20T02:46:40+07:00] mongo      <good>   polled → mongo_events.csv
[2026-06-20T02:46:40+07:00] unstr      <good>   polled → unstructured_events.csv
[2026-06-20T02:46:50+07:00] pg         <good>   polled → pg_events.csv
[2026-06-20T02:46:51+07:00] mongo      <good>   polled → mongo_events.csv
[2026-06-20T02:46:51+07:00] unstr      <good>   polled → unstructured_events.csv
[2026-06-20T02:47:01+07:00] pg         <good>   polled → pg_events.csv
[2026-06-20T02:47:02+07:00] mongo      <good>   polled → mongo_events.csv
[2026-06-20T02:47:02+07:00] unstr      <good>   polled → unstructured_events.csv
[2026-06-20T02:47:12+07:00] pg         <good>   polled → pg_events.csv
[2026-06-20T02:47:13+07:00] mongo      <good>   polled → mongo_events.csv
[2026-06-20T02:47:13+07:00] unstr      <good>   polled → unstructured_events.csv
[2026-06-20T02:47:23+07:00] pg         <good>   polled → pg_events.csv
[2026-06-20T02:47:24+07:00] mongo      <good>   polled → mongo_events.csv
[2026-06-20T02:47:24+07:00] unstr      <good>   polled → unstructured_events.csv
[2026-06-20T02:47:34+07:00] pg         <good>   polled → pg_events.csv
[2026-06-20T02:47:35+07:00] mongo      <good>   polled → mongo_events.csv
[2026-06-20T02:47:35+07:00] unstr      <good>   polled → unstructured_events.csv
[2026-06-20T02:47:45+07:00] pg         <good>   polled → pg_events.csv
[2026-06-20T02:47:46+07:00] mongo      <good>   polled → mongo_events.csv
[2026-06-20T02:47:46+07:00] unstr      <good>   polled → unstructured_events.csv
[2026-06-20T02:47:56+07:00] pg         <good>   polled → pg_events.csv
[2026-06-20T02:47:57+07:00] mongo      <good>   polled → mongo_events.csv
[2026-06-20T02:47:57+07:00] unstr      <good>   polled → unstructured_events.csv
[2026-06-20T02:48:07+07:00] pg         <good>   polled → pg_events.csv
[2026-06-20T02:48:08+07:00] mongo      <good>   polled → mongo_events.csv
[2026-06-20T02:48:08+07:00] unstr      <good>   polled → unstructured_events.csv
[2026-06-20T02:48:19+07:00] pg         <good>   polled → pg_events.csv
[2026-06-20T02:48:20+07:00] mongo      <good>   polled → mongo_events.csv
[2026-06-20T02:48:20+07:00] unstr      <good>   polled → unstructured_events.csv
[2026-06-20T02:48:30+07:00] pg         <good>   polled → pg_events.csv
[2026-06-20T02:48:31+07:00] mongo      <good>   polled → mongo_events.csv
[2026-06-20T02:48:31+07:00] unstr      <good>   polled → unstructured_events.csv
[2026-06-20T02:48:41+07:00] pg         <good>   polled → pg_events.csv
[2026-06-20T02:48:42+07:00] mongo      <good>   polled → mongo_events.csv
[2026-06-20T02:48:42+07:00] unstr      <good>   polled → unstructured_events.csv
[2026-06-20T02:48:52+07:00] pg         <good>   polled → pg_events.csv
[2026-06-20T02:48:53+07:00] mongo      <good>   polled → mongo_events.csv
[2026-06-20T02:48:53+07:00] unstr      <good>   polled → unstructured_events.csv
[2026-06-20T02:49:03+07:00] pg         <good>   polled → pg_events.csv
[2026-06-20T02:49:04+07:00] mongo      <good>   polled → mongo_events.csv
[2026-06-20T02:49:04+07:00] unstr      <good>   polled → unstructured_events.csv
[2026-06-20T02:49:14+07:00] pg         <good>   polled → pg_events.csv
[2026-06-20T02:49:15+07:00] mongo      <good>   polled → mongo_events.csv
[2026-06-20T02:49:15+07:00] unstr      <good>   polled → unstructured_events.csv
[2026-06-20T02:49:25+07:00] pg         <good>   polled → pg_events.csv
[2026-06-20T02:49:26+07:00] mongo      <good>   polled → mongo_events.csv
[2026-06-20T02:49:26+07:00] unstr      <good>   polled → unstructured_events.csv
[2026-06-20T02:49:36+07:00] pg         <good>   polled → pg_events.csv
[2026-06-20T02:49:37+07:00] mongo      <good>   polled → mongo_events.csv
[2026-06-20T02:49:37+07:00] unstr      <good>   polled → unstructured_events.csv
[2026-06-20T02:49:47+07:00] pg         <good>   polled → pg_events.csv
[2026-06-20T02:49:48+07:00] mongo      <good>   polled → mongo_events.csv
[2026-06-20T02:49:48+07:00] unstr      <good>   polled → unstructured_events.csv
[2026-06-20T02:49:58+07:00] pg         <good>   polled → pg_events.csv
[2026-06-20T02:49:59+07:00] mongo      <good>   polled → mongo_events.csv
[2026-06-20T02:49:59+07:00] unstr      <good>   polled → unstructured_events.csv
[2026-06-20T02:50:09+07:00] pg         <good>   polled → pg_events.csv
[2026-06-20T02:50:10+07:00] mongo      <good>   polled → mongo_events.csv
[2026-06-20T02:50:10+07:00] unstr      <good>   polled → unstructured_events.csv
[2026-06-20T02:50:20+07:00] pg         <good>   polled → pg_events.csv
[2026-06-20T02:50:21+07:00] mongo      <good>   polled → mongo_events.csv
[2026-06-20T02:50:21+07:00] unstr      <good>   polled → unstructured_events.csv
[2026-06-20T02:50:31+07:00] pg         <good>   polled → pg_events.csv
[2026-06-20T02:50:32+07:00] mongo      <good>   polled → mongo_events.csv
[2026-06-20T02:50:32+07:00] unstr      <good>   polled → unstructured_events.csv
[2026-06-20T02:50:42+07:00] pg         <good>   polled → pg_events.csv
[2026-06-20T02:50:43+07:00] mongo      <good>   polled → mongo_events.csv
[2026-06-20T02:50:43+07:00] unstr      <good>   polled → unstructured_events.csv
[2026-06-20T02:50:53+07:00] pg         <good>   polled → pg_events.csv
[2026-06-20T02:50:54+07:00] mongo      <good>   polled → mongo_events.csv
[2026-06-20T02:50:54+07:00] unstr      <good>   polled → unstructured_events.csv
[2026-06-20T02:51:05+07:00] pg         <good>   polled → pg_events.csv
[2026-06-20T02:51:05+07:00] mongo      <good>   polled → mongo_events.csv
[2026-06-20T02:51:05+07:00] unstr      <good>   polled → unstructured_events.csv
[2026-06-20T02:51:16+07:00] pg         <good>   polled → pg_events.csv
[2026-06-20T02:51:16+07:00] mongo      <good>   polled → mongo_events.csv
[2026-06-20T02:51:16+07:00] unstr      <good>   polled → unstructured_events.csv
[2026-06-20T02:51:27+07:00] pg         <good>   polled → pg_events.csv
[2026-06-20T02:51:28+07:00] mongo      <good>   polled → mongo_events.csv
[2026-06-20T02:51:28+07:00] unstr      <good>   polled → unstructured_events.csv
[2026-06-20T02:51:38+07:00] pg         <good>   polled → pg_events.csv
[2026-06-20T02:51:39+07:00] mongo      <good>   polled → mongo_events.csv
[2026-06-20T02:51:39+07:00] unstr      <good>   polled → unstructured_events.csv
[2026-06-20T02:51:49+07:00] pg         <good>   polled → pg_events.csv
[2026-06-20T02:51:50+07:00] mongo      <good>   polled → mongo_events.csv
[2026-06-20T02:51:50+07:00] unstr      <good>   polled → unstructured_events.csv
[2026-06-20T02:52:00+07:00] pg         <good>   polled → pg_events.csv
[2026-06-20T02:52:01+07:00] mongo      <good>   polled → mongo_events.csv
[2026-06-20T02:52:01+07:00] unstr      <good>   polled → unstructured_events.csv
[2026-06-20T02:52:11+07:00] pg         <good>   polled → pg_events.csv
[2026-06-20T02:52:12+07:00] mongo      <good>   polled → mongo_events.csv
[2026-06-20T02:52:12+07:00] unstr      <good>   polled → unstructured_events.csv
[2026-06-20T02:52:22+07:00] pg         <good>   polled → pg_events.csv
[2026-06-20T02:52:23+07:00] mongo      <good>   polled → mongo_events.csv
[2026-06-20T02:52:23+07:00] unstr      <good>   polled → unstructured_events.csv
[2026-06-20T02:52:33+07:00] pg         <good>   polled → pg_events.csv
[2026-06-20T02:52:34+07:00] mongo      <good>   polled → mongo_events.csv
[2026-06-20T02:52:34+07:00] unstr      <good>   polled → unstructured_events.csv
[2026-06-20T02:52:44+07:00] pg         <good>   polled → pg_events.csv
[2026-06-20T02:52:45+07:00] mongo      <good>   polled → mongo_events.csv
[2026-06-20T02:52:45+07:00] unstr      <good>   polled → unstructured_events.csv
[2026-06-20T02:52:55+07:00] pg         <good>   polled → pg_events.csv
[2026-06-20T02:52:56+07:00] mongo      <good>   polled → mongo_events.csv
[2026-06-20T02:52:56+07:00] unstr      <good>   polled → unstructured_events.csv
[2026-06-20T02:53:06+07:00] pg         <good>   polled → pg_events.csv
[2026-06-20T02:53:07+07:00] mongo      <good>   polled → mongo_events.csv
[2026-06-20T02:53:07+07:00] unstr      <good>   polled → unstructured_events.csv
[2026-06-20T02:53:17+07:00] pg         <good>   polled → pg_events.csv
[2026-06-20T02:53:18+07:00] mongo      <good>   polled → mongo_events.csv
[2026-06-20T02:53:18+07:00] unstr      <good>   polled → unstructured_events.csv
[2026-06-20T02:53:28+07:00] pg         <good>   polled → pg_events.csv
[2026-06-20T02:53:29+07:00] mongo      <good>   polled → mongo_events.csv
[2026-06-20T02:53:29+07:00] unstr      <good>   polled → unstructured_events.csv
[2026-06-20T02:53:39+07:00] pg         <good>   polled → pg_events.csv
[2026-06-20T02:53:40+07:00] mongo      <good>   polled → mongo_events.csv
[2026-06-20T02:53:40+07:00] unstr      <good>   polled → unstructured_events.csv
[2026-06-20T02:53:50+07:00] pg         <good>   polled → pg_events.csv
[2026-06-20T02:53:51+07:00] mongo      <good>   polled → mongo_events.csv
[2026-06-20T02:53:51+07:00] unstr      <good>   polled → unstructured_events.csv
[2026-06-20T02:54:01+07:00] pg         <good>   polled → pg_events.csv
[2026-06-20T02:54:02+07:00] mongo      <good>   polled → mongo_events.csv
[2026-06-20T02:54:02+07:00] unstr      <good>   polled → unstructured_events.csv
[2026-06-20T02:54:12+07:00] pg         <good>   polled → pg_events.csv
[2026-06-20T02:54:13+07:00] mongo      <good>   polled → mongo_events.csv
[2026-06-20T02:54:13+07:00] unstr      <good>   polled → unstructured_events.csv
[2026-06-20T02:54:23+07:00] pg         <good>   polled → pg_events.csv
[2026-06-20T02:54:24+07:00] mongo      <good>   polled → mongo_events.csv
[2026-06-20T02:54:24+07:00] unstr      <good>   polled → unstructured_events.csv
[2026-06-20T02:54:34+07:00] pg         <good>   polled → pg_events.csv
[2026-06-20T02:54:35+07:00] mongo      <good>   polled → mongo_events.csv
[2026-06-20T02:54:35+07:00] unstr      <good>   polled → unstructured_events.csv
[2026-06-20T02:54:45+07:00] pg         <good>   polled → pg_events.csv
[2026-06-20T02:54:46+07:00] mongo      <good>   polled → mongo_events.csv
[2026-06-20T02:54:46+07:00] unstr      <good>   polled → unstructured_events.csv
[2026-06-20T02:54:56+07:00] pg         <good>   polled → pg_events.csv
[2026-06-20T02:54:57+07:00] mongo      <good>   polled → mongo_events.csv
[2026-06-20T02:54:57+07:00] unstr      <good>   polled → unstructured_events.csv
[2026-06-20T02:55:07+07:00] pg         <good>   polled → pg_events.csv
[2026-06-20T02:55:08+07:00] mongo      <good>   polled → mongo_events.csv
[2026-06-20T02:55:08+07:00] unstr      <good>   polled → unstructured_events.csv
[2026-06-20T02:55:18+07:00] pg         <good>   polled → pg_events.csv
[2026-06-20T02:55:19+07:00] mongo      <good>   polled → mongo_events.csv
[2026-06-20T02:55:19+07:00] unstr      <good>   polled → unstructured_events.csv
[2026-06-20T02:55:29+07:00] pg         <good>   polled → pg_events.csv
[2026-06-20T02:55:30+07:00] mongo      <good>   polled → mongo_events.csv
[2026-06-20T02:55:30+07:00] unstr      <good>   polled → unstructured_events.csv
[2026-06-20T02:55:41+07:00] pg         <good>   polled → pg_events.csv
[2026-06-20T02:55:41+07:00] mongo      <good>   polled → mongo_events.csv
[2026-06-20T02:55:42+07:00] unstr      <good>   polled → unstructured_events.csv
[2026-06-20T02:55:52+07:00] pg         <good>   polled → pg_events.csv
[2026-06-20T02:55:53+07:00] mongo      <good>   polled → mongo_events.csv
[2026-06-20T02:55:53+07:00] unstr      <good>   polled → unstructured_events.csv
[2026-06-20T02:56:03+07:00] pg         <good>   polled → pg_events.csv
[2026-06-20T02:56:04+07:00] mongo      <good>   polled → mongo_events.csv
[2026-06-20T02:56:04+07:00] unstr      <good>   polled → unstructured_events.csv
[2026-06-20T02:56:14+07:00] pg         <good>   polled → pg_events.csv
[2026-06-20T02:56:15+07:00] mongo      <good>   polled → mongo_events.csv
[2026-06-20T02:56:15+07:00] unstr      <good>   polled → unstructured_events.csv
[2026-06-20T02:56:25+07:00] pg         <good>   polled → pg_events.csv
[2026-06-20T02:56:26+07:00] mongo      <good>   polled → mongo_events.csv
[2026-06-20T02:56:26+07:00] unstr      <good>   polled → unstructured_events.csv
[2026-06-20T02:56:36+07:00] pg         <good>   polled → pg_events.csv
[2026-06-20T02:56:37+07:00] mongo      <good>   polled → mongo_events.csv
[2026-06-20T02:56:37+07:00] unstr      <good>   polled → unstructured_events.csv
[2026-06-20T02:56:47+07:00] pg         <good>   polled → pg_events.csv
[2026-06-20T02:56:48+07:00] mongo      <good>   polled → mongo_events.csv
[2026-06-20T02:56:48+07:00] unstr      <good>   polled → unstructured_events.csv
[2026-06-20T02:56:58+07:00] pg         <good>   polled → pg_events.csv
[2026-06-20T02:56:59+07:00] mongo      <good>   polled → mongo_events.csv
[2026-06-20T02:56:59+07:00] unstr      <good>   polled → unstructured_events.csv
[2026-06-20T02:57:09+07:00] pg         <good>   polled → pg_events.csv
[2026-06-20T02:57:10+07:00] mongo      <good>   polled → mongo_events.csv
[2026-06-20T02:57:10+07:00] unstr      <good>   polled → unstructured_events.csv
[2026-06-20T02:57:20+07:00] pg         <good>   polled → pg_events.csv
[2026-06-20T02:57:21+07:00] mongo      <good>   polled → mongo_events.csv
[2026-06-20T02:57:21+07:00] unstr      <good>   polled → unstructured_events.csv
[2026-06-20T02:57:31+07:00] pg         <good>   polled → pg_events.csv
[2026-06-20T02:57:32+07:00] mongo      <good>   polled → mongo_events.csv
[2026-06-20T02:57:32+07:00] unstr      <good>   polled → unstructured_events.csv
[2026-06-20T02:57:42+07:00] pg         <good>   polled → pg_events.csv
[2026-06-20T02:57:43+07:00] mongo      <good>   polled → mongo_events.csv
[2026-06-20T02:57:43+07:00] unstr      <good>   polled → unstructured_events.csv
[2026-06-20T02:57:53+07:00] pg         <good>   polled → pg_events.csv
[2026-06-20T02:57:54+07:00] mongo      <good>   polled → mongo_events.csv
[2026-06-20T02:57:54+07:00] unstr      <good>   polled → unstructured_events.csv
[2026-06-20T02:58:04+07:00] pg         <good>   polled → pg_events.csv
[2026-06-20T02:58:05+07:00] mongo      <good>   polled → mongo_events.csv
[2026-06-20T02:58:05+07:00] unstr      <good>   polled → unstructured_events.csv
[2026-06-20T02:58:15+07:00] pg         <good>   polled → pg_events.csv
[2026-06-20T02:58:16+07:00] mongo      <good>   polled → mongo_events.csv
[2026-06-20T02:58:16+07:00] unstr      <good>   polled → unstructured_events.csv
[2026-06-20T02:58:26+07:00] pg         <good>   polled → pg_events.csv
[2026-06-20T02:58:27+07:00] mongo      <good>   polled → mongo_events.csv
[2026-06-20T02:58:27+07:00] unstr      <good>   polled → unstructured_events.csv
[2026-06-20T02:58:37+07:00] pg         <good>   polled → pg_events.csv
[2026-06-20T02:58:38+07:00] mongo      <good>   polled → mongo_events.csv
[2026-06-20T02:58:38+07:00] unstr      <good>   polled → unstructured_events.csv
[2026-06-20T02:58:48+07:00] pg         <good>   polled → pg_events.csv
[2026-06-20T02:58:49+07:00] mongo      <good>   polled → mongo_events.csv
[2026-06-20T02:58:49+07:00] unstr      <good>   polled → unstructured_events.csv
[2026-06-20T02:58:59+07:00] pg         <good>   polled → pg_events.csv
[2026-06-20T02:59:00+07:00] mongo      <good>   polled → mongo_events.csv
[2026-06-20T02:59:00+07:00] unstr      <good>   polled → unstructured_events.csv
[2026-06-20T02:59:10+07:00] pg         <good>   polled → pg_events.csv
[2026-06-20T02:59:11+07:00] mongo      <good>   polled → mongo_events.csv
[2026-06-20T02:59:11+07:00] unstr      <good>   polled → unstructured_events.csv
[2026-06-20T02:59:21+07:00] pg         <good>   polled → pg_events.csv
[2026-06-20T02:59:22+07:00] mongo      <good>   polled → mongo_events.csv
[2026-06-20T02:59:22+07:00] unstr      <good>   polled → unstructured_events.csv
[2026-06-20T02:59:33+07:00] pg         <good>   polled → pg_events.csv
[2026-06-20T02:59:33+07:00] mongo      <good>   polled → mongo_events.csv
[2026-06-20T02:59:33+07:00] unstr      <good>   polled → unstructured_events.csv
[2026-06-20T02:59:44+07:00] pg         <good>   polled → pg_events.csv
[2026-06-20T02:59:45+07:00] mongo      <good>   polled → mongo_events.csv
[2026-06-20T02:59:45+07:00] unstr      <good>   polled → unstructured_events.csv
[2026-06-20T02:59:49+0700] main       <info>   ──────────────────────────────────────────────────────
[2026-06-20T02:59:49+0700] main       <info>   Cycle #4 starting
[2026-06-20T02:59:49+07:00] main       <info>   starting cycle=20260620_025949 at=2026-06-20T02:59:49.333923+07:00
[2026-06-20T02:59:49+07:00] main       <info>   output_root=/home/primary/data/backup-cycles
[2026-06-20T02:59:49+07:00] main       <info>   staging_root=/home/primary/data/backup-staging
[2026-06-20T02:59:49+07:00] main       <info>   state_db=/home/primary/data/backup-metadata/pfc_index.db
[2026-06-20T02:59:49+07:00] main       <info>   retention max_cycles=30 max_bytes=50.00 GiB cycle_cap=10.00 GiB
[2026-06-20T02:59:49+07:00] main       <info>   chain_version=chain-v1 versioned_cycles_root=/home/primary/data/backup-cycles/chain-v1
[2026-06-20T02:59:49+07:00] main       <info>   last_cycle_ts=1781897987 (2026-06-20T02:39:47+07:00)
[2026-06-20T02:59:51+07:00] mongo      <good>   oplog compressed raw=2.01 MiB stored=81.24 KiB ratio=0.039 elapsed=0.04s
[2026-06-20T02:59:51+07:00] fixtures   <good>   seeded target=/home/primary/data/unstructured/fixtures copied=0 skipped=25 bytes=0 elapsed=0.00s
[2026-06-20T02:59:54+07:00] main       <info>   staging_size=18.77 MiB checked_in=0.00s
[2026-06-20T02:59:54+07:00] main       <good>   wrote checksums=/home/primary/data/backup-staging/cycle_20260620_025949.tmp/checksums.sha256
[2026-06-20T02:59:54+07:00] main       <good>   finalized dir elapsed=0.00s
[2026-06-20T02:59:54+07:00] verify     <good>   ok elapsed=0.07s
[2026-06-20T02:59:54+07:00] pg         <info>   state pg_last_wal_fname=000000010000000000000011
[2026-06-20T02:59:54+07:00] main       <info>   retention elapsed=0.00s
[2026-06-20T02:59:54+07:00] transfer   <info>   pushing to 1 destination(s) as 'chain-v1/20260620_025949': ['recovery@192.168.10.129:/home/recovery/local-backup/incoming']
[2026-06-20T02:59:55+07:00] pg         <good>   polled → pg_events.csv
[2026-06-20T02:59:56+07:00] transfer   <good>   all 1 destination(s) OK elapsed=1.94s
[2026-06-20T02:59:56+07:00] main       <info>   Deleting local cycle since it was transferred: /home/primary/data/backup-cycles/chain-v1/20260620_025949
[2026-06-20T02:59:56+07:00] main       <info>   cycle_summary: wal_files=4 (0 B), pfc_chunks=86 (stored=17.67 MiB, raw=72.59 MiB), cycle_stored=18.83 MiB chain=chain-v1
[2026-06-20T02:59:56+07:00] main       <good>   completed cycle=20260620_025949 chain=chain-v1 elapsed=7.14s
[2026-06-20T02:59:56+07:00] mongo      <good>   polled → mongo_events.csv
[2026-06-20T02:59:56+07:00] unstr      <good>   polled → unstructured_events.csv
[2026-06-20T02:59:56+0700] main       <good>   Cycle #4 completed OK
[2026-06-20T02:59:56+0700] main       <info>   Sleeping 20m until next cycle …
[2026-06-20T03:00:06+07:00] pg         <good>   polled → pg_events.csv
[2026-06-20T03:00:07+07:00] mongo      <good>   polled → mongo_events.csv
[2026-06-20T03:00:07+07:00] unstr      <good>   polled → unstructured_events.csv
[2026-06-20T03:00:17+07:00] pg         <good>   polled → pg_events.csv
[2026-06-20T03:00:18+07:00] mongo      <good>   polled → mongo_events.csv
[2026-06-20T03:00:18+07:00] unstr      <good>   polled → unstructured_events.csv
[2026-06-20T03:00:28+07:00] pg         <good>   polled → pg_events.csv
[2026-06-20T03:00:29+07:00] mongo      <good>   polled → mongo_events.csv
[2026-06-20T03:00:29+07:00] unstr      <good>   polled → unstructured_events.csv
[2026-06-20T03:00:39+07:00] pg         <good>   polled → pg_events.csv
[2026-06-20T03:00:41+07:00] mongo      <good>   polled → mongo_events.csv
[2026-06-20T03:00:41+07:00] unstr      <good>   polled → unstructured_events.csv
[2026-06-20T03:00:51+07:00] pg         <good>   polled → pg_events.csv
[2026-06-20T03:00:52+07:00] mongo      <good>   polled → mongo_events.csv
[2026-06-20T03:00:52+07:00] unstr      <good>   polled → unstructured_events.csv
[2026-06-20T03:01:02+07:00] pg         <good>   polled → pg_events.csv
[2026-06-20T03:01:03+07:00] mongo      <good>   polled → mongo_events.csv
[2026-06-20T03:01:03+07:00] unstr      <good>   polled → unstructured_events.csv
[2026-06-20T03:01:13+07:00] pg         <good>   polled → pg_events.csv
[2026-06-20T03:01:14+07:00] mongo      <good>   polled → mongo_events.csv
[2026-06-20T03:01:14+07:00] unstr      <good>   polled → unstructured_events.csv
[2026-06-20T03:01:24+07:00] pg         <good>   polled → pg_events.csv
[2026-06-20T03:01:25+07:00] mongo      <good>   polled → mongo_events.csv
[2026-06-20T03:01:25+07:00] unstr      <good>   polled → unstructured_events.csv
[2026-06-20T03:01:35+07:00] pg         <good>   polled → pg_events.csv
[2026-06-20T03:01:36+07:00] mongo      <good>   polled → mongo_events.csv
[2026-06-20T03:01:36+07:00] unstr      <good>   polled → unstructured_events.csv
[2026-06-20T03:01:46+07:00] pg         <good>   polled → pg_events.csv
[2026-06-20T03:01:47+07:00] mongo      <good>   polled → mongo_events.csv
[2026-06-20T03:01:47+07:00] unstr      <good>   polled → unstructured_events.csv
[2026-06-20T03:01:57+07:00] pg         <good>   polled → pg_events.csv
[2026-06-20T03:01:58+07:00] mongo      <good>   polled → mongo_events.csv
[2026-06-20T03:01:58+07:00] unstr      <good>   polled → unstructured_events.csv
[2026-06-20T03:02:08+07:00] pg         <good>   polled → pg_events.csv
[2026-06-20T03:02:09+07:00] mongo      <good>   polled → mongo_events.csv
[2026-06-20T03:02:09+07:00] unstr      <good>   polled → unstructured_events.csv
[2026-06-20T03:02:19+07:00] pg         <good>   polled → pg_events.csv
[2026-06-20T03:02:20+07:00] mongo      <good>   polled → mongo_events.csv
[2026-06-20T03:02:20+07:00] unstr      <good>   polled → unstructured_events.csv
[2026-06-20T03:02:30+07:00] pg         <good>   polled → pg_events.csv
[2026-06-20T03:02:31+07:00] mongo      <good>   polled → mongo_events.csv
[2026-06-20T03:02:31+07:00] unstr      <good>   polled → unstructured_events.csv
[2026-06-20T03:02:41+07:00] pg         <good>   polled → pg_events.csv
[2026-06-20T03:02:42+07:00] mongo      <good>   polled → mongo_events.csv
[2026-06-20T03:02:42+07:00] unstr      <good>   polled → unstructured_events.csv
[2026-06-20T03:02:52+07:00] pg         <good>   polled → pg_events.csv
[2026-06-20T03:02:53+07:00] mongo      <good>   polled → mongo_events.csv
[2026-06-20T03:02:53+07:00] unstr      <good>   polled → unstructured_events.csv
[2026-06-20T03:03:03+07:00] pg         <good>   polled → pg_events.csv
[2026-06-20T03:03:04+07:00] mongo      <good>   polled → mongo_events.csv
[2026-06-20T03:03:04+07:00] unstr      <good>   polled → unstructured_events.csv
[2026-06-20T03:03:14+07:00] pg         <good>   polled → pg_events.csv
[2026-06-20T03:03:15+07:00] mongo      <good>   polled → mongo_events.csv
[2026-06-20T03:03:15+07:00] unstr      <good>   polled → unstructured_events.csv
[2026-06-20T03:03:25+07:00] pg         <good>   polled → pg_events.csv
[2026-06-20T03:03:26+07:00] mongo      <good>   polled → mongo_events.csv
[2026-06-20T03:03:26+07:00] unstr      <good>   polled → unstructured_events.csv
[2026-06-20T03:03:36+07:00] pg         <good>   polled → pg_events.csv
[2026-06-20T03:03:37+07:00] mongo      <good>   polled → mongo_events.csv
[2026-06-20T03:03:37+07:00] unstr      <good>   polled → unstructured_events.csv
[2026-06-20T03:03:47+07:00] pg         <good>   polled → pg_events.csv
[2026-06-20T03:03:48+07:00] mongo      <good>   polled → mongo_events.csv
[2026-06-20T03:03:48+07:00] unstr      <good>   polled → unstructured_events.csv
[2026-06-20T03:03:58+07:00] pg         <good>   polled → pg_events.csv
[2026-06-20T03:03:59+07:00] mongo      <good>   polled → mongo_events.csv
[2026-06-20T03:03:59+07:00] unstr      <good>   polled → unstructured_events.csv
[2026-06-20T03:04:09+07:00] pg         <good>   polled → pg_events.csv
[2026-06-20T03:04:10+07:00] mongo      <good>   polled → mongo_events.csv
[2026-06-20T03:04:10+07:00] unstr      <good>   polled → unstructured_events.csv
[2026-06-20T03:04:20+07:00] pg         <good>   polled → pg_events.csv
[2026-06-20T03:04:21+07:00] mongo      <good>   polled → mongo_events.csv
[2026-06-20T03:04:21+07:00] unstr      <good>   polled → unstructured_events.csv
[2026-06-20T03:04:31+07:00] pg         <good>   polled → pg_events.csv
[2026-06-20T03:04:32+07:00] mongo      <good>   polled → mongo_events.csv
[2026-06-20T03:04:32+07:00] unstr      <good>   polled → unstructured_events.csv
[2026-06-20T03:04:42+07:00] pg         <good>   polled → pg_events.csv
[2026-06-20T03:04:43+07:00] mongo      <good>   polled → mongo_events.csv
[2026-06-20T03:04:43+07:00] unstr      <good>   polled → unstructured_events.csv
[2026-06-20T03:04:53+07:00] pg         <good>   polled → pg_events.csv
[2026-06-20T03:04:54+07:00] mongo      <good>   polled → mongo_events.csv
[2026-06-20T03:04:54+07:00] unstr      <good>   polled → unstructured_events.csv
[2026-06-20T03:05:04+07:00] pg         <good>   polled → pg_events.csv
[2026-06-20T03:05:05+07:00] mongo      <good>   polled → mongo_events.csv
[2026-06-20T03:05:05+07:00] unstr      <good>   polled → unstructured_events.csv
[2026-06-20T03:05:15+07:00] pg         <good>   polled → pg_events.csv
[2026-06-20T03:05:16+07:00] mongo      <good>   polled → mongo_events.csv
[2026-06-20T03:05:16+07:00] unstr      <good>   polled → unstructured_events.csv
[2026-06-20T03:05:26+07:00] pg         <good>   polled → pg_events.csv
[2026-06-20T03:05:27+07:00] mongo      <good>   polled → mongo_events.csv
[2026-06-20T03:05:27+07:00] unstr      <good>   polled → unstructured_events.csv
[2026-06-20T03:05:37+07:00] pg         <good>   polled → pg_events.csv
[2026-06-20T03:05:38+07:00] mongo      <good>   polled → mongo_events.csv
[2026-06-20T03:05:38+07:00] unstr      <good>   polled → unstructured_events.csv
[2026-06-20T03:05:48+07:00] pg         <good>   polled → pg_events.csv
[2026-06-20T03:05:50+07:00] mongo      <good>   polled → mongo_events.csv
[2026-06-20T03:05:50+07:00] unstr      <good>   polled → unstructured_events.csv
[2026-06-20T03:06:00+07:00] pg         <good>   polled → pg_events.csv
[2026-06-20T03:06:01+07:00] mongo      <good>   polled → mongo_events.csv
[2026-06-20T03:06:01+07:00] unstr      <good>   polled → unstructured_events.csv
[2026-06-20T03:06:11+07:00] pg         <good>   polled → pg_events.csv
[2026-06-20T03:06:12+07:00] mongo      <good>   polled → mongo_events.csv
[2026-06-20T03:06:12+07:00] unstr      <good>   polled → unstructured_events.csv
[2026-06-20T03:06:22+07:00] pg         <good>   polled → pg_events.csv
[2026-06-20T03:06:23+07:00] mongo      <good>   polled → mongo_events.csv
[2026-06-20T03:06:23+07:00] unstr      <good>   polled → unstructured_events.csv
[2026-06-20T03:06:33+07:00] pg         <good>   polled → pg_events.csv
[2026-06-20T03:06:34+07:00] mongo      <good>   polled → mongo_events.csv
[2026-06-20T03:06:34+07:00] unstr      <good>   polled → unstructured_events.csv
[2026-06-20T03:06:44+07:00] pg         <good>   polled → pg_events.csv
[2026-06-20T03:06:45+07:00] mongo      <good>   polled → mongo_events.csv
[2026-06-20T03:06:45+07:00] unstr      <good>   polled → unstructured_events.csv
[2026-06-20T03:06:55+07:00] pg         <good>   polled → pg_events.csv
[2026-06-20T03:06:56+07:00] mongo      <good>   polled → mongo_events.csv
[2026-06-20T03:06:56+07:00] unstr      <good>   polled → unstructured_events.csv
[2026-06-20T03:07:06+07:00] pg         <good>   polled → pg_events.csv
[2026-06-20T03:07:07+07:00] mongo      <good>   polled → mongo_events.csv
[2026-06-20T03:07:07+07:00] unstr      <good>   polled → unstructured_events.csv
[2026-06-20T03:07:17+07:00] pg         <good>   polled → pg_events.csv
[2026-06-20T03:07:18+07:00] mongo      <good>   polled → mongo_events.csv
[2026-06-20T03:07:18+07:00] unstr      <good>   polled → unstructured_events.csv
[2026-06-20T03:07:28+07:00] pg         <good>   polled → pg_events.csv
[2026-06-20T03:07:29+07:00] mongo      <good>   polled → mongo_events.csv
[2026-06-20T03:07:29+07:00] unstr      <good>   polled → unstructured_events.csv
[2026-06-20T03:07:39+07:00] pg         <good>   polled → pg_events.csv
[2026-06-20T03:07:40+07:00] mongo      <good>   polled → mongo_events.csv
[2026-06-20T03:07:40+07:00] unstr      <good>   polled → unstructured_events.csv
[2026-06-20T03:07:50+07:00] pg         <good>   polled → pg_events.csv
[2026-06-20T03:07:51+07:00] mongo      <good>   polled → mongo_events.csv
[2026-06-20T03:07:51+07:00] unstr      <good>   polled → unstructured_events.csv
[2026-06-20T03:08:02+07:00] pg         <good>   polled → pg_events.csv
[2026-06-20T03:08:02+07:00] mongo      <good>   polled → mongo_events.csv
[2026-06-20T03:08:02+07:00] unstr      <good>   polled → unstructured_events.csv
[2026-06-20T03:08:12+07:00] pg         <good>   polled → pg_events.csv
[2026-06-20T03:08:13+07:00] mongo      <good>   polled → mongo_events.csv
[2026-06-20T03:08:13+07:00] unstr      <good>   polled → unstructured_events.csv
[2026-06-20T03:08:24+07:00] pg         <good>   polled → pg_events.csv
[2026-06-20T03:08:25+07:00] mongo      <good>   polled → mongo_events.csv
[2026-06-20T03:08:25+07:00] unstr      <good>   polled → unstructured_events.csv
[2026-06-20T03:08:35+07:00] pg         <good>   polled → pg_events.csv
[2026-06-20T03:08:36+07:00] mongo      <good>   polled → mongo_events.csv
[2026-06-20T03:08:36+07:00] unstr      <good>   polled → unstructured_events.csv
[2026-06-20T03:08:46+07:00] pg         <good>   polled → pg_events.csv
[2026-06-20T03:08:47+07:00] mongo      <good>   polled → mongo_events.csv
[2026-06-20T03:08:47+07:00] unstr      <good>   polled → unstructured_events.csv
[2026-06-20T03:08:57+07:00] pg         <good>   polled → pg_events.csv
[2026-06-20T03:08:58+07:00] mongo      <good>   polled → mongo_events.csv
[2026-06-20T03:08:58+07:00] unstr      <good>   polled → unstructured_events.csv
[2026-06-20T03:09:08+07:00] pg         <good>   polled → pg_events.csv
[2026-06-20T03:09:09+07:00] mongo      <good>   polled → mongo_events.csv
[2026-06-20T03:09:09+07:00] unstr      <good>   polled → unstructured_events.csv
[2026-06-20T03:09:19+07:00] pg         <good>   polled → pg_events.csv
[2026-06-20T03:09:20+07:00] mongo      <good>   polled → mongo_events.csv
[2026-06-20T03:09:20+07:00] unstr      <good>   polled → unstructured_events.csv
[2026-06-20T03:09:30+07:00] pg         <good>   polled → pg_events.csv
[2026-06-20T03:09:31+07:00] mongo      <good>   polled → mongo_events.csv
[2026-06-20T03:09:31+07:00] unstr      <good>   polled → unstructured_events.csv
[2026-06-20T03:09:41+07:00] pg         <good>   polled → pg_events.csv
[2026-06-20T03:09:42+07:00] mongo      <good>   polled → mongo_events.csv
[2026-06-20T03:09:42+07:00] unstr      <good>   polled → unstructured_events.csv
[2026-06-20T03:09:52+07:00] pg         <good>   polled → pg_events.csv
[2026-06-20T03:09:53+07:00] mongo      <good>   polled → mongo_events.csv
[2026-06-20T03:09:53+07:00] unstr      <good>   polled → unstructured_events.csv
[2026-06-20T03:10:03+07:00] pg         <good>   polled → pg_events.csv
[2026-06-20T03:10:04+07:00] mongo      <good>   polled → mongo_events.csv
[2026-06-20T03:10:04+07:00] unstr      <good>   polled → unstructured_events.csv
[2026-06-20T03:10:14+07:00] pg         <good>   polled → pg_events.csv
[2026-06-20T03:10:15+07:00] mongo      <good>   polled → mongo_events.csv
[2026-06-20T03:10:15+07:00] unstr      <good>   polled → unstructured_events.csv
[2026-06-20T03:10:25+07:00] pg         <good>   polled → pg_events.csv
[2026-06-20T03:10:26+07:00] mongo      <good>   polled → mongo_events.csv
[2026-06-20T03:10:26+07:00] unstr      <good>   polled → unstructured_events.csv
[2026-06-20T03:10:36+07:00] pg         <good>   polled → pg_events.csv
[2026-06-20T03:10:37+07:00] mongo      <good>   polled → mongo_events.csv
[2026-06-20T03:10:37+07:00] unstr      <good>   polled → unstructured_events.csv
[2026-06-20T03:10:47+07:00] pg         <good>   polled → pg_events.csv
[2026-06-20T03:10:48+07:00] mongo      <good>   polled → mongo_events.csv
[2026-06-20T03:10:48+07:00] unstr      <good>   polled → unstructured_events.csv
[2026-06-20T03:10:58+07:00] pg         <good>   polled → pg_events.csv
[2026-06-20T03:10:59+07:00] mongo      <good>   polled → mongo_events.csv
[2026-06-20T03:10:59+07:00] unstr      <good>   polled → unstructured_events.csv
[2026-06-20T03:11:10+07:00] pg         <good>   polled → pg_events.csv
[2026-06-20T03:11:10+07:00] mongo      <good>   polled → mongo_events.csv
[2026-06-20T03:11:10+07:00] unstr      <good>   polled → unstructured_events.csv
[2026-06-20T03:11:21+07:00] pg         <good>   polled → pg_events.csv
[2026-06-20T03:11:21+07:00] mongo      <good>   polled → mongo_events.csv
[2026-06-20T03:11:21+07:00] unstr      <good>   polled → unstructured_events.csv
[2026-06-20T03:11:32+07:00] pg         <good>   polled → pg_events.csv
[2026-06-20T03:11:33+07:00] mongo      <good>   polled → mongo_events.csv
[2026-06-20T03:11:33+07:00] unstr      <good>   polled → unstructured_events.csv
[2026-06-20T03:11:43+07:00] pg         <good>   polled → pg_events.csv
[2026-06-20T03:11:44+07:00] mongo      <good>   polled → mongo_events.csv
[2026-06-20T03:11:44+07:00] unstr      <good>   polled → unstructured_events.csv
[2026-06-20T03:11:54+07:00] pg         <good>   polled → pg_events.csv
[2026-06-20T03:11:55+07:00] mongo      <good>   polled → mongo_events.csv
[2026-06-20T03:11:55+07:00] unstr      <good>   polled → unstructured_events.csv
[2026-06-20T03:12:05+07:00] pg         <good>   polled → pg_events.csv
[2026-06-20T03:12:06+07:00] mongo      <good>   polled → mongo_events.csv
[2026-06-20T03:12:06+07:00] unstr      <good>   polled → unstructured_events.csv
[2026-06-20T03:12:16+07:00] pg         <good>   polled → pg_events.csv
[2026-06-20T03:12:17+07:00] mongo      <good>   polled → mongo_events.csv
[2026-06-20T03:12:17+07:00] unstr      <good>   polled → unstructured_events.csv
[2026-06-20T03:12:27+07:00] pg         <good>   polled → pg_events.csv
[2026-06-20T03:12:28+07:00] mongo      <good>   polled → mongo_events.csv
[2026-06-20T03:12:28+07:00] unstr      <good>   polled → unstructured_events.csv
[2026-06-20T03:12:38+07:00] pg         <good>   polled → pg_events.csv
[2026-06-20T03:12:39+07:00] mongo      <good>   polled → mongo_events.csv
[2026-06-20T03:12:39+07:00] unstr      <good>   polled → unstructured_events.csv
[2026-06-20T03:12:49+07:00] pg         <good>   polled → pg_events.csv
[2026-06-20T03:12:50+07:00] mongo      <good>   polled → mongo_events.csv
[2026-06-20T03:12:50+07:00] unstr      <good>   polled → unstructured_events.csv
[2026-06-20T03:13:00+07:00] pg         <good>   polled → pg_events.csv
[2026-06-20T03:13:01+07:00] mongo      <good>   polled → mongo_events.csv
[2026-06-20T03:13:01+07:00] unstr      <good>   polled → unstructured_events.csv
[2026-06-20T03:13:11+07:00] pg         <good>   polled → pg_events.csv
[2026-06-20T03:13:12+07:00] mongo      <good>   polled → mongo_events.csv
[2026-06-20T03:13:12+07:00] unstr      <good>   polled → unstructured_events.csv
[2026-06-20T03:13:22+07:00] pg         <good>   polled → pg_events.csv
[2026-06-20T03:13:23+07:00] mongo      <good>   polled → mongo_events.csv
[2026-06-20T03:13:23+07:00] unstr      <good>   polled → unstructured_events.csv
[2026-06-20T03:13:33+07:00] pg         <good>   polled → pg_events.csv
[2026-06-20T03:13:34+07:00] mongo      <good>   polled → mongo_events.csv
[2026-06-20T03:13:34+07:00] unstr      <good>   polled → unstructured_events.csv
[2026-06-20T03:13:44+07:00] pg         <good>   polled → pg_events.csv
[2026-06-20T03:13:45+07:00] mongo      <good>   polled → mongo_events.csv
[2026-06-20T03:13:45+07:00] unstr      <good>   polled → unstructured_events.csv
[2026-06-20T03:13:55+07:00] pg         <good>   polled → pg_events.csv
[2026-06-20T03:13:56+07:00] mongo      <good>   polled → mongo_events.csv
[2026-06-20T03:13:56+07:00] unstr      <good>   polled → unstructured_events.csv
[2026-06-20T03:14:06+07:00] pg         <good>   polled → pg_events.csv
[2026-06-20T03:14:07+07:00] mongo      <good>   polled → mongo_events.csv
[2026-06-20T03:14:07+07:00] unstr      <good>   polled → unstructured_events.csv
[2026-06-20T03:14:17+07:00] pg         <good>   polled → pg_events.csv
[2026-06-20T03:14:18+07:00] mongo      <good>   polled → mongo_events.csv
[2026-06-20T03:14:18+07:00] unstr      <good>   polled → unstructured_events.csv
[2026-06-20T03:14:28+07:00] pg         <good>   polled → pg_events.csv
[2026-06-20T03:14:29+07:00] mongo      <good>   polled → mongo_events.csv
[2026-06-20T03:14:29+07:00] unstr      <good>   polled → unstructured_events.csv
[2026-06-20T03:14:39+07:00] pg         <good>   polled → pg_events.csv
[2026-06-20T03:14:40+07:00] mongo      <good>   polled → mongo_events.csv
[2026-06-20T03:14:40+07:00] unstr      <good>   polled → unstructured_events.csv
[2026-06-20T03:14:50+07:00] pg         <good>   polled → pg_events.csv
[2026-06-20T03:14:51+07:00] mongo      <good>   polled → mongo_events.csv
[2026-06-20T03:14:51+07:00] unstr      <good>   polled → unstructured_events.csv
[2026-06-20T03:15:01+07:00] pg         <good>   polled → pg_events.csv
[2026-06-20T03:15:02+07:00] mongo      <good>   polled → mongo_events.csv
[2026-06-20T03:15:02+07:00] unstr      <good>   polled → unstructured_events.csv
[2026-06-20T03:15:12+07:00] pg         <good>   polled → pg_events.csv
[2026-06-20T03:15:13+07:00] mongo      <good>   polled → mongo_events.csv
[2026-06-20T03:15:13+07:00] unstr      <good>   polled → unstructured_events.csv
[2026-06-20T03:15:23+07:00] pg         <good>   polled → pg_events.csv
[2026-06-20T03:15:24+07:00] mongo      <good>   polled → mongo_events.csv
[2026-06-20T03:15:24+07:00] unstr      <good>   polled → unstructured_events.csv
[2026-06-20T03:15:34+07:00] pg         <good>   polled → pg_events.csv
[2026-06-20T03:15:35+07:00] mongo      <good>   polled → mongo_events.csv
[2026-06-20T03:15:35+07:00] unstr      <good>   polled → unstructured_events.csv
[2026-06-20T03:15:45+07:00] pg         <good>   polled → pg_events.csv
[2026-06-20T03:15:46+07:00] mongo      <good>   polled → mongo_events.csv
[2026-06-20T03:15:46+07:00] unstr      <good>   polled → unstructured_events.csv
[2026-06-20T03:15:56+07:00] pg         <good>   polled → pg_events.csv
[2026-06-20T03:15:57+07:00] mongo      <good>   polled → mongo_events.csv
[2026-06-20T03:15:57+07:00] unstr      <good>   polled → unstructured_events.csv
[2026-06-20T03:16:08+07:00] pg         <good>   polled → pg_events.csv
[2026-06-20T03:16:09+07:00] mongo      <good>   polled → mongo_events.csv
[2026-06-20T03:16:09+07:00] unstr      <good>   polled → unstructured_events.csv
[2026-06-20T03:16:19+07:00] pg         <good>   polled → pg_events.csv
[2026-06-20T03:16:20+07:00] mongo      <good>   polled → mongo_events.csv
[2026-06-20T03:16:20+07:00] unstr      <good>   polled → unstructured_events.csv
[2026-06-20T03:16:30+07:00] pg         <good>   polled → pg_events.csv
[2026-06-20T03:16:31+07:00] mongo      <good>   polled → mongo_events.csv
[2026-06-20T03:16:31+07:00] unstr      <good>   polled → unstructured_events.csv
[2026-06-20T03:16:41+07:00] pg         <good>   polled → pg_events.csv
[2026-06-20T03:16:42+07:00] mongo      <good>   polled → mongo_events.csv
[2026-06-20T03:16:42+07:00] unstr      <good>   polled → unstructured_events.csv
[2026-06-20T03:16:52+07:00] pg         <good>   polled → pg_events.csv
[2026-06-20T03:16:53+07:00] mongo      <good>   polled → mongo_events.csv
[2026-06-20T03:16:53+07:00] unstr      <good>   polled → unstructured_events.csv
[2026-06-20T03:17:03+07:00] pg         <good>   polled → pg_events.csv
[2026-06-20T03:17:04+07:00] mongo      <good>   polled → mongo_events.csv
[2026-06-20T03:17:04+07:00] unstr      <good>   polled → unstructured_events.csv
[2026-06-20T03:17:14+07:00] pg         <good>   polled → pg_events.csv
[2026-06-20T03:17:15+07:00] mongo      <good>   polled → mongo_events.csv
[2026-06-20T03:17:15+07:00] unstr      <good>   polled → unstructured_events.csv
[2026-06-20T03:17:25+07:00] pg         <good>   polled → pg_events.csv
[2026-06-20T03:17:26+07:00] mongo      <good>   polled → mongo_events.csv
[2026-06-20T03:17:26+07:00] unstr      <good>   polled → unstructured_events.csv
[2026-06-20T03:17:36+07:00] pg         <good>   polled → pg_events.csv
[2026-06-20T03:17:37+07:00] mongo      <good>   polled → mongo_events.csv
[2026-06-20T03:17:37+07:00] unstr      <good>   polled → unstructured_events.csv
[2026-06-20T03:17:47+07:00] pg         <good>   polled → pg_events.csv
[2026-06-20T03:17:48+07:00] mongo      <good>   polled → mongo_events.csv
[2026-06-20T03:17:48+07:00] unstr      <good>   polled → unstructured_events.csv
[2026-06-20T03:17:58+07:00] pg         <good>   polled → pg_events.csv
[2026-06-20T03:17:59+07:00] mongo      <good>   polled → mongo_events.csv
[2026-06-20T03:17:59+07:00] unstr      <good>   polled → unstructured_events.csv
[2026-06-20T03:18:09+07:00] pg         <good>   polled → pg_events.csv
[2026-06-20T03:18:11+07:00] mongo      <good>   polled → mongo_events.csv
[2026-06-20T03:18:11+07:00] unstr      <good>   polled → unstructured_events.csv
[2026-06-20T03:18:21+07:00] pg         <good>   polled → pg_events.csv
[2026-06-20T03:18:22+07:00] mongo      <good>   polled → mongo_events.csv
[2026-06-20T03:18:22+07:00] unstr      <good>   polled → unstructured_events.csv
[2026-06-20T03:18:32+07:00] pg         <good>   polled → pg_events.csv
[2026-06-20T03:18:33+07:00] mongo      <good>   polled → mongo_events.csv
[2026-06-20T03:18:33+07:00] unstr      <good>   polled → unstructured_events.csv
[2026-06-20T03:18:43+07:00] pg         <good>   polled → pg_events.csv
[2026-06-20T03:18:44+07:00] mongo      <good>   polled → mongo_events.csv
[2026-06-20T03:18:44+07:00] unstr      <good>   polled → unstructured_events.csv
[2026-06-20T03:18:54+07:00] pg         <good>   polled → pg_events.csv
[2026-06-20T03:18:55+07:00] mongo      <good>   polled → mongo_events.csv
[2026-06-20T03:18:55+07:00] unstr      <good>   polled → unstructured_events.csv
[2026-06-20T03:19:05+07:00] pg         <good>   polled → pg_events.csv
[2026-06-20T03:19:06+07:00] mongo      <good>   polled → mongo_events.csv
[2026-06-20T03:19:06+07:00] unstr      <good>   polled → unstructured_events.csv
[2026-06-20T03:19:16+07:00] pg         <good>   polled → pg_events.csv
[2026-06-20T03:19:17+07:00] mongo      <good>   polled → mongo_events.csv
[2026-06-20T03:19:17+07:00] unstr      <good>   polled → unstructured_events.csv
[2026-06-20T03:19:27+07:00] pg         <good>   polled → pg_events.csv
[2026-06-20T03:19:28+07:00] mongo      <good>   polled → mongo_events.csv
[2026-06-20T03:19:28+07:00] unstr      <good>   polled → unstructured_events.csv
[2026-06-20T03:19:38+07:00] pg         <good>   polled → pg_events.csv
[2026-06-20T03:19:39+07:00] mongo      <good>   polled → mongo_events.csv
[2026-06-20T03:19:39+07:00] unstr      <good>   polled → unstructured_events.csv
[2026-06-20T03:19:49+07:00] pg         <good>   polled → pg_events.csv
[2026-06-20T03:19:50+07:00] mongo      <good>   polled → mongo_events.csv
[2026-06-20T03:19:50+07:00] unstr      <good>   polled → unstructured_events.csv
[2026-06-20T03:19:56+0700] main       <info>   ──────────────────────────────────────────────────────
[2026-06-20T03:19:56+0700] main       <info>   Cycle #5 starting
[2026-06-20T03:19:56+07:00] main       <info>   starting cycle=20260620_031956 at=2026-06-20T03:19:56.633576+07:00
[2026-06-20T03:19:56+07:00] main       <info>   output_root=/home/primary/data/backup-cycles
[2026-06-20T03:19:56+07:00] main       <info>   staging_root=/home/primary/data/backup-staging
[2026-06-20T03:19:56+07:00] main       <info>   state_db=/home/primary/data/backup-metadata/pfc_index.db
[2026-06-20T03:19:56+07:00] main       <info>   retention max_cycles=30 max_bytes=50.00 GiB cycle_cap=10.00 GiB
[2026-06-20T03:19:56+07:00] main       <info>   chain_version=chain-v1 versioned_cycles_root=/home/primary/data/backup-cycles/chain-v1
[2026-06-20T03:19:56+07:00] main       <info>   last_cycle_ts=1781899194 (2026-06-20T02:59:54+07:00)
[2026-06-20T03:19:59+07:00] mongo      <good>   oplog compressed raw=1.91 MiB stored=78.92 KiB ratio=0.040 elapsed=0.05s
[2026-06-20T03:19:59+07:00] fixtures   <good>   seeded target=/home/primary/data/unstructured/fixtures copied=0 skipped=25 bytes=0 elapsed=0.00s
[2026-06-20T03:20:00+07:00] pg         <good>   polled → pg_events.csv
[2026-06-20T03:20:00+07:00] main       <info>   staging_size=12.77 MiB checked_in=0.00s
[2026-06-20T03:20:00+07:00] main       <good>   wrote checksums=/home/primary/data/backup-staging/cycle_20260620_031956.tmp/checksums.sha256
[2026-06-20T03:20:00+07:00] main       <good>   finalized dir elapsed=0.00s
[2026-06-20T03:20:01+07:00] verify     <good>   ok elapsed=0.07s
[2026-06-20T03:20:01+07:00] pg         <info>   state pg_last_wal_fname=000000010000000000000015
[2026-06-20T03:20:01+07:00] main       <info>   retention elapsed=0.00s
[2026-06-20T03:20:01+07:00] transfer   <info>   pushing to 1 destination(s) as 'chain-v1/20260620_031956': ['recovery@192.168.10.129:/home/recovery/local-backup/incoming']
[2026-06-20T03:20:01+07:00] mongo      <good>   polled → mongo_events.csv
[2026-06-20T03:20:01+07:00] unstr      <good>   polled → unstructured_events.csv
[2026-06-20T03:20:02+07:00] transfer   <good>   all 1 destination(s) OK elapsed=1.78s
[2026-06-20T03:20:02+07:00] main       <info>   Deleting local cycle since it was transferred: /home/primary/data/backup-cycles/chain-v1/20260620_031956
[2026-06-20T03:20:02+07:00] main       <info>   cycle_summary: wal_files=4 (0 B), pfc_chunks=59 (stored=11.35 MiB, raw=39.03 MiB), cycle_stored=12.81 MiB chain=chain-v1
[2026-06-20T03:20:02+07:00] main       <good>   completed cycle=20260620_031956 chain=chain-v1 elapsed=6.19s
[2026-06-20T03:20:02+0700] main       <good>   Cycle #5 completed OK
[2026-06-20T03:20:02+0700] main       <info>   Sleeping 20m until next cycle …
[2026-06-20T03:20:11+07:00] pg         <good>   polled → pg_events.csv
[2026-06-20T03:20:12+07:00] mongo      <good>   polled → mongo_events.csv
[2026-06-20T03:20:12+07:00] unstr      <good>   polled → unstructured_events.csv
[2026-06-20T03:20:22+07:00] pg         <good>   polled → pg_events.csv
[2026-06-20T03:20:23+07:00] mongo      <good>   polled → mongo_events.csv
[2026-06-20T03:20:23+07:00] unstr      <good>   polled → unstructured_events.csv
[2026-06-20T03:20:34+07:00] pg         <good>   polled → pg_events.csv
[2026-06-20T03:20:35+07:00] mongo      <good>   polled → mongo_events.csv
[2026-06-20T03:20:35+07:00] unstr      <good>   polled → unstructured_events.csv
[2026-06-20T03:20:45+07:00] pg         <good>   polled → pg_events.csv
[2026-06-20T03:20:46+07:00] mongo      <good>   polled → mongo_events.csv
[2026-06-20T03:20:46+07:00] unstr      <good>   polled → unstructured_events.csv
[2026-06-20T03:20:56+07:00] pg         <good>   polled → pg_events.csv
[2026-06-20T03:20:57+07:00] mongo      <good>   polled → mongo_events.csv
[2026-06-20T03:20:57+07:00] unstr      <good>   polled → unstructured_events.csv
[2026-06-20T03:21:07+07:00] pg         <good>   polled → pg_events.csv
[2026-06-20T03:21:08+07:00] mongo      <good>   polled → mongo_events.csv
[2026-06-20T03:21:08+07:00] unstr      <good>   polled → unstructured_events.csv
[2026-06-20T03:21:18+07:00] pg         <good>   polled → pg_events.csv
[2026-06-20T03:21:19+07:00] mongo      <good>   polled → mongo_events.csv
[2026-06-20T03:21:19+07:00] unstr      <good>   polled → unstructured_events.csv
[2026-06-20T03:21:29+07:00] pg         <good>   polled → pg_events.csv
[2026-06-20T03:21:30+07:00] mongo      <good>   polled → mongo_events.csv
[2026-06-20T03:21:30+07:00] unstr      <good>   polled → unstructured_events.csv
[2026-06-20T03:21:40+07:00] pg         <good>   polled → pg_events.csv
[2026-06-20T03:21:41+07:00] mongo      <good>   polled → mongo_events.csv
[2026-06-20T03:21:41+07:00] unstr      <good>   polled → unstructured_events.csv
[2026-06-20T03:21:51+07:00] pg         <good>   polled → pg_events.csv
[2026-06-20T03:21:52+07:00] mongo      <good>   polled → mongo_events.csv
[2026-06-20T03:21:52+07:00] unstr      <good>   polled → unstructured_events.csv
[2026-06-20T03:22:02+07:00] pg         <good>   polled → pg_events.csv
[2026-06-20T03:22:03+07:00] mongo      <good>   polled → mongo_events.csv
[2026-06-20T03:22:03+07:00] unstr      <good>   polled → unstructured_events.csv
[2026-06-20T03:22:13+07:00] pg         <good>   polled → pg_events.csv
[2026-06-20T03:22:14+07:00] mongo      <good>   polled → mongo_events.csv
[2026-06-20T03:22:14+07:00] unstr      <good>   polled → unstructured_events.csv
[2026-06-20T03:22:24+07:00] pg         <good>   polled → pg_events.csv
[2026-06-20T03:22:25+07:00] mongo      <good>   polled → mongo_events.csv
[2026-06-20T03:22:25+07:00] unstr      <good>   polled → unstructured_events.csv
[2026-06-20T03:22:35+07:00] pg         <good>   polled → pg_events.csv
[2026-06-20T03:22:36+07:00] mongo      <good>   polled → mongo_events.csv
[2026-06-20T03:22:36+07:00] unstr      <good>   polled → unstructured_events.csv
[2026-06-20T03:22:46+07:00] pg         <good>   polled → pg_events.csv
[2026-06-20T03:22:47+07:00] mongo      <good>   polled → mongo_events.csv
[2026-06-20T03:22:47+07:00] unstr      <good>   polled → unstructured_events.csv
[2026-06-20T03:22:57+07:00] pg         <good>   polled → pg_events.csv
[2026-06-20T03:22:58+07:00] mongo      <good>   polled → mongo_events.csv
[2026-06-20T03:22:58+07:00] unstr      <good>   polled → unstructured_events.csv
[2026-06-20T03:23:08+07:00] pg         <good>   polled → pg_events.csv
[2026-06-20T03:23:09+07:00] mongo      <good>   polled → mongo_events.csv
[2026-06-20T03:23:09+07:00] unstr      <good>   polled → unstructured_events.csv
[2026-06-20T03:23:19+07:00] pg         <good>   polled → pg_events.csv
[2026-06-20T03:23:21+07:00] mongo      <good>   polled → mongo_events.csv
[2026-06-20T03:23:21+07:00] unstr      <good>   polled → unstructured_events.csv
[2026-06-20T03:23:31+07:00] pg         <good>   polled → pg_events.csv
[2026-06-20T03:23:32+07:00] mongo      <good>   polled → mongo_events.csv
[2026-06-20T03:23:32+07:00] unstr      <good>   polled → unstructured_events.csv
[2026-06-20T03:23:42+07:00] pg         <good>   polled → pg_events.csv
[2026-06-20T03:23:43+07:00] mongo      <good>   polled → mongo_events.csv
[2026-06-20T03:23:43+07:00] unstr      <good>   polled → unstructured_events.csv
[2026-06-20T03:23:53+07:00] pg         <good>   polled → pg_events.csv
[2026-06-20T03:23:54+07:00] mongo      <good>   polled → mongo_events.csv
[2026-06-20T03:23:54+07:00] unstr      <good>   polled → unstructured_events.csv
[2026-06-20T03:24:04+07:00] pg         <good>   polled → pg_events.csv
[2026-06-20T03:24:05+07:00] mongo      <good>   polled → mongo_events.csv
[2026-06-20T03:24:05+07:00] unstr      <good>   polled → unstructured_events.csv
[2026-06-20T03:24:15+07:00] pg         <good>   polled → pg_events.csv
[2026-06-20T03:24:16+07:00] mongo      <good>   polled → mongo_events.csv
[2026-06-20T03:24:16+07:00] unstr      <good>   polled → unstructured_events.csv
[2026-06-20T03:24:26+07:00] pg         <good>   polled → pg_events.csv
[2026-06-20T03:24:27+07:00] mongo      <good>   polled → mongo_events.csv
[2026-06-20T03:24:27+07:00] unstr      <good>   polled → unstructured_events.csv
[2026-06-20T03:24:37+07:00] pg         <good>   polled → pg_events.csv
[2026-06-20T03:24:38+07:00] mongo      <good>   polled → mongo_events.csv
[2026-06-20T03:24:38+07:00] unstr      <good>   polled → unstructured_events.csv
[2026-06-20T03:24:48+07:00] pg         <good>   polled → pg_events.csv
[2026-06-20T03:24:49+07:00] mongo      <good>   polled → mongo_events.csv
[2026-06-20T03:24:49+07:00] unstr      <good>   polled → unstructured_events.csv
[2026-06-20T03:24:59+07:00] pg         <good>   polled → pg_events.csv
[2026-06-20T03:25:00+07:00] mongo      <good>   polled → mongo_events.csv
[2026-06-20T03:25:00+07:00] unstr      <good>   polled → unstructured_events.csv
[2026-06-20T03:25:10+07:00] pg         <good>   polled → pg_events.csv
[2026-06-20T03:25:11+07:00] mongo      <good>   polled → mongo_events.csv
[2026-06-20T03:25:11+07:00] unstr      <good>   polled → unstructured_events.csv
[2026-06-20T03:25:21+07:00] pg         <good>   polled → pg_events.csv
[2026-06-20T03:25:22+07:00] mongo      <good>   polled → mongo_events.csv
[2026-06-20T03:25:22+07:00] unstr      <good>   polled → unstructured_events.csv
[2026-06-20T03:25:32+07:00] pg         <good>   polled → pg_events.csv
[2026-06-20T03:25:33+07:00] mongo      <good>   polled → mongo_events.csv
[2026-06-20T03:25:33+07:00] unstr      <good>   polled → unstructured_events.csv
[2026-06-20T03:25:43+07:00] pg         <good>   polled → pg_events.csv
[2026-06-20T03:25:44+07:00] mongo      <good>   polled → mongo_events.csv
[2026-06-20T03:25:44+07:00] unstr      <good>   polled → unstructured_events.csv
[2026-06-20T03:25:54+07:00] pg         <good>   polled → pg_events.csv
[2026-06-20T03:25:55+07:00] mongo      <good>   polled → mongo_events.csv
[2026-06-20T03:25:55+07:00] unstr      <good>   polled → unstructured_events.csv
[2026-06-20T03:26:05+07:00] pg         <good>   polled → pg_events.csv
[2026-06-20T03:26:06+07:00] mongo      <good>   polled → mongo_events.csv
[2026-06-20T03:26:06+07:00] unstr      <good>   polled → unstructured_events.csv
[2026-06-20T03:26:16+07:00] pg         <good>   polled → pg_events.csv
[2026-06-20T03:26:17+07:00] mongo      <good>   polled → mongo_events.csv
[2026-06-20T03:26:17+07:00] unstr      <good>   polled → unstructured_events.csv
[2026-06-20T03:26:27+07:00] pg         <good>   polled → pg_events.csv
[2026-06-20T03:26:28+07:00] mongo      <good>   polled → mongo_events.csv
[2026-06-20T03:26:28+07:00] unstr      <good>   polled → unstructured_events.csv
[2026-06-20T03:26:38+07:00] pg         <good>   polled → pg_events.csv
[2026-06-20T03:26:39+07:00] mongo      <good>   polled → mongo_events.csv
[2026-06-20T03:26:39+07:00] unstr      <good>   polled → unstructured_events.csv
[2026-06-20T03:26:49+07:00] pg         <good>   polled → pg_events.csv
[2026-06-20T03:26:50+07:00] mongo      <good>   polled → mongo_events.csv
[2026-06-20T03:26:50+07:00] unstr      <good>   polled → unstructured_events.csv
[2026-06-20T03:27:00+07:00] pg         <good>   polled → pg_events.csv
[2026-06-20T03:27:01+07:00] mongo      <good>   polled → mongo_events.csv
[2026-06-20T03:27:01+07:00] unstr      <good>   polled → unstructured_events.csv
[2026-06-20T03:27:12+07:00] pg         <good>   polled → pg_events.csv
[2026-06-20T03:27:13+07:00] mongo      <good>   polled → mongo_events.csv
[2026-06-20T03:27:13+07:00] unstr      <good>   polled → unstructured_events.csv
[2026-06-20T03:27:23+07:00] pg         <good>   polled → pg_events.csv
[2026-06-20T03:27:23+07:00] mongo      <good>   polled → mongo_events.csv
[2026-06-20T03:27:23+07:00] unstr      <good>   polled → unstructured_events.csv
[2026-06-20T03:27:34+07:00] pg         <good>   polled → pg_events.csv
[2026-06-20T03:27:35+07:00] mongo      <good>   polled → mongo_events.csv
[2026-06-20T03:27:35+07:00] unstr      <good>   polled → unstructured_events.csv
[2026-06-20T03:27:45+07:00] pg         <good>   polled → pg_events.csv
[2026-06-20T03:27:46+07:00] mongo      <good>   polled → mongo_events.csv
[2026-06-20T03:27:46+07:00] unstr      <good>   polled → unstructured_events.csv
[2026-06-20T03:27:56+07:00] pg         <good>   polled → pg_events.csv
[2026-06-20T03:27:57+07:00] mongo      <good>   polled → mongo_events.csv
[2026-06-20T03:27:57+07:00] unstr      <good>   polled → unstructured_events.csv
[2026-06-20T03:28:07+07:00] pg         <good>   polled → pg_events.csv
[2026-06-20T03:28:08+07:00] mongo      <good>   polled → mongo_events.csv
[2026-06-20T03:28:08+07:00] unstr      <good>   polled → unstructured_events.csv
[2026-06-20T03:28:18+07:00] pg         <good>   polled → pg_events.csv
[2026-06-20T03:28:19+07:00] mongo      <good>   polled → mongo_events.csv
[2026-06-20T03:28:19+07:00] unstr      <good>   polled → unstructured_events.csv
[2026-06-20T03:28:29+07:00] pg         <good>   polled → pg_events.csv
[2026-06-20T03:28:30+07:00] mongo      <good>   polled → mongo_events.csv
[2026-06-20T03:28:30+07:00] unstr      <good>   polled → unstructured_events.csv
[2026-06-20T03:28:40+07:00] pg         <good>   polled → pg_events.csv
[2026-06-20T03:28:41+07:00] mongo      <good>   polled → mongo_events.csv
[2026-06-20T03:28:41+07:00] unstr      <good>   polled → unstructured_events.csv
[2026-06-20T03:28:51+07:00] pg         <good>   polled → pg_events.csv
[2026-06-20T03:28:52+07:00] mongo      <good>   polled → mongo_events.csv
[2026-06-20T03:28:52+07:00] unstr      <good>   polled → unstructured_events.csv
[2026-06-20T03:29:02+07:00] pg         <good>   polled → pg_events.csv
[2026-06-20T03:29:03+07:00] mongo      <good>   polled → mongo_events.csv
[2026-06-20T03:29:03+07:00] unstr      <good>   polled → unstructured_events.csv
[2026-06-20T03:29:13+07:00] pg         <good>   polled → pg_events.csv
[2026-06-20T03:29:14+07:00] mongo      <good>   polled → mongo_events.csv
[2026-06-20T03:29:14+07:00] unstr      <good>   polled → unstructured_events.csv
[2026-06-20T03:29:24+07:00] pg         <good>   polled → pg_events.csv
[2026-06-20T03:29:25+07:00] mongo      <good>   polled → mongo_events.csv
[2026-06-20T03:29:25+07:00] unstr      <good>   polled → unstructured_events.csv
[2026-06-20T03:29:35+07:00] pg         <good>   polled → pg_events.csv
[2026-06-20T03:29:36+07:00] mongo      <good>   polled → mongo_events.csv
[2026-06-20T03:29:36+07:00] unstr      <good>   polled → unstructured_events.csv
[2026-06-20T03:29:46+07:00] pg         <good>   polled → pg_events.csv
[2026-06-20T03:29:47+07:00] mongo      <good>   polled → mongo_events.csv
[2026-06-20T03:29:47+07:00] unstr      <good>   polled → unstructured_events.csv
[2026-06-20T03:29:57+07:00] pg         <good>   polled → pg_events.csv
[2026-06-20T03:29:58+07:00] mongo      <good>   polled → mongo_events.csv
[2026-06-20T03:29:58+07:00] unstr      <good>   polled → unstructured_events.csv
[2026-06-20T03:30:08+07:00] pg         <good>   polled → pg_events.csv
[2026-06-20T03:30:09+07:00] mongo      <good>   polled → mongo_events.csv
[2026-06-20T03:30:09+07:00] unstr      <good>   polled → unstructured_events.csv
[2026-06-20T03:30:19+07:00] pg         <good>   polled → pg_events.csv
[2026-06-20T03:30:20+07:00] mongo      <good>   polled → mongo_events.csv
[2026-06-20T03:30:20+07:00] unstr      <good>   polled → unstructured_events.csv
[2026-06-20T03:30:30+07:00] pg         <good>   polled → pg_events.csv
[2026-06-20T03:30:31+07:00] mongo      <good>   polled → mongo_events.csv
[2026-06-20T03:30:31+07:00] unstr      <good>   polled → unstructured_events.csv
[2026-06-20T03:30:41+07:00] pg         <good>   polled → pg_events.csv
[2026-06-20T03:30:42+07:00] mongo      <good>   polled → mongo_events.csv
[2026-06-20T03:30:42+07:00] unstr      <good>   polled → unstructured_events.csv
[2026-06-20T03:30:52+07:00] pg         <good>   polled → pg_events.csv
[2026-06-20T03:30:53+07:00] mongo      <good>   polled → mongo_events.csv
[2026-06-20T03:30:53+07:00] unstr      <good>   polled → unstructured_events.csv
[2026-06-20T03:31:03+07:00] pg         <good>   polled → pg_events.csv
[2026-06-20T03:31:04+07:00] mongo      <good>   polled → mongo_events.csv
[2026-06-20T03:31:04+07:00] unstr      <good>   polled → unstructured_events.csv
[2026-06-20T03:31:15+07:00] pg         <good>   polled → pg_events.csv
[2026-06-20T03:31:16+07:00] mongo      <good>   polled → mongo_events.csv
[2026-06-20T03:31:16+07:00] unstr      <good>   polled → unstructured_events.csv
[2026-06-20T03:31:26+07:00] pg         <good>   polled → pg_events.csv
[2026-06-20T03:31:27+07:00] mongo      <good>   polled → mongo_events.csv
[2026-06-20T03:31:27+07:00] unstr      <good>   polled → unstructured_events.csv
[2026-06-20T03:31:37+07:00] pg         <good>   polled → pg_events.csv
[2026-06-20T03:31:38+07:00] mongo      <good>   polled → mongo_events.csv
[2026-06-20T03:31:38+07:00] unstr      <good>   polled → unstructured_events.csv
[2026-06-20T03:31:48+07:00] pg         <good>   polled → pg_events.csv
[2026-06-20T03:31:49+07:00] mongo      <good>   polled → mongo_events.csv
[2026-06-20T03:31:49+07:00] unstr      <good>   polled → unstructured_events.csv
[2026-06-20T03:31:59+07:00] pg         <good>   polled → pg_events.csv
[2026-06-20T03:32:00+07:00] mongo      <good>   polled → mongo_events.csv
[2026-06-20T03:32:00+07:00] unstr      <good>   polled → unstructured_events.csv
[2026-06-20T03:32:10+07:00] pg         <good>   polled → pg_events.csv
[2026-06-20T03:32:11+07:00] mongo      <good>   polled → mongo_events.csv
[2026-06-20T03:32:11+07:00] unstr      <good>   polled → unstructured_events.csv
[2026-06-20T03:32:21+07:00] pg         <good>   polled → pg_events.csv
[2026-06-20T03:32:22+07:00] mongo      <good>   polled → mongo_events.csv
[2026-06-20T03:32:22+07:00] unstr      <good>   polled → unstructured_events.csv
[2026-06-20T03:32:32+07:00] pg         <good>   polled → pg_events.csv
[2026-06-20T03:32:33+07:00] mongo      <good>   polled → mongo_events.csv
[2026-06-20T03:32:33+07:00] unstr      <good>   polled → unstructured_events.csv
[2026-06-20T03:32:43+07:00] pg         <good>   polled → pg_events.csv
[2026-06-20T03:32:44+07:00] mongo      <good>   polled → mongo_events.csv
[2026-06-20T03:32:44+07:00] unstr      <good>   polled → unstructured_events.csv
[2026-06-20T03:32:54+07:00] pg         <good>   polled → pg_events.csv
[2026-06-20T03:32:55+07:00] mongo      <good>   polled → mongo_events.csv
[2026-06-20T03:32:55+07:00] unstr      <good>   polled → unstructured_events.csv
[2026-06-20T03:33:05+07:00] pg         <good>   polled → pg_events.csv
[2026-06-20T03:33:06+07:00] mongo      <good>   polled → mongo_events.csv
[2026-06-20T03:33:06+07:00] unstr      <good>   polled → unstructured_events.csv
[2026-06-20T03:33:16+07:00] pg         <good>   polled → pg_events.csv
[2026-06-20T03:33:17+07:00] mongo      <good>   polled → mongo_events.csv
[2026-06-20T03:33:17+07:00] unstr      <good>   polled → unstructured_events.csv
[2026-06-20T03:33:27+07:00] pg         <good>   polled → pg_events.csv
[2026-06-20T03:33:28+07:00] mongo      <good>   polled → mongo_events.csv
[2026-06-20T03:33:28+07:00] unstr      <good>   polled → unstructured_events.csv
[2026-06-20T03:33:38+07:00] pg         <good>   polled → pg_events.csv
[2026-06-20T03:33:39+07:00] mongo      <good>   polled → mongo_events.csv
[2026-06-20T03:33:39+07:00] unstr      <good>   polled → unstructured_events.csv
[2026-06-20T03:33:49+07:00] pg         <good>   polled → pg_events.csv
[2026-06-20T03:33:50+07:00] mongo      <good>   polled → mongo_events.csv
[2026-06-20T03:33:50+07:00] unstr      <good>   polled → unstructured_events.csv
[2026-06-20T03:34:00+07:00] pg         <good>   polled → pg_events.csv
[2026-06-20T03:34:01+07:00] mongo      <good>   polled → mongo_events.csv
[2026-06-20T03:34:01+07:00] unstr      <good>   polled → unstructured_events.csv
[2026-06-20T03:34:11+07:00] pg         <good>   polled → pg_events.csv
[2026-06-20T03:34:12+07:00] mongo      <good>   polled → mongo_events.csv
[2026-06-20T03:34:12+07:00] unstr      <good>   polled → unstructured_events.csv
[2026-06-20T03:34:22+07:00] pg         <good>   polled → pg_events.csv
[2026-06-20T03:34:23+07:00] mongo      <good>   polled → mongo_events.csv
[2026-06-20T03:34:23+07:00] unstr      <good>   polled → unstructured_events.csv
[2026-06-20T03:34:33+07:00] pg         <good>   polled → pg_events.csv
[2026-06-20T03:34:34+07:00] mongo      <good>   polled → mongo_events.csv
[2026-06-20T03:34:34+07:00] unstr      <good>   polled → unstructured_events.csv
[2026-06-20T03:34:45+07:00] pg         <good>   polled → pg_events.csv
[2026-06-20T03:34:46+07:00] mongo      <good>   polled → mongo_events.csv
[2026-06-20T03:34:46+07:00] unstr      <good>   polled → unstructured_events.csv
[2026-06-20T03:34:56+07:00] pg         <good>   polled → pg_events.csv
[2026-06-20T03:34:57+07:00] mongo      <good>   polled → mongo_events.csv
[2026-06-20T03:34:57+07:00] unstr      <good>   polled → unstructured_events.csv
[2026-06-20T03:35:07+07:00] pg         <good>   polled → pg_events.csv
[2026-06-20T03:35:08+07:00] mongo      <good>   polled → mongo_events.csv
[2026-06-20T03:35:08+07:00] unstr      <good>   polled → unstructured_events.csv
[2026-06-20T03:35:18+07:00] pg         <good>   polled → pg_events.csv
[2026-06-20T03:35:19+07:00] mongo      <good>   polled → mongo_events.csv
[2026-06-20T03:35:19+07:00] unstr      <good>   polled → unstructured_events.csv
[2026-06-20T03:35:29+07:00] pg         <good>   polled → pg_events.csv
[2026-06-20T03:35:30+07:00] mongo      <good>   polled → mongo_events.csv
[2026-06-20T03:35:30+07:00] unstr      <good>   polled → unstructured_events.csv
[2026-06-20T03:35:40+07:00] pg         <good>   polled → pg_events.csv
[2026-06-20T03:35:41+07:00] mongo      <good>   polled → mongo_events.csv
[2026-06-20T03:35:41+07:00] unstr      <good>   polled → unstructured_events.csv
[2026-06-20T03:35:51+07:00] pg         <good>   polled → pg_events.csv
[2026-06-20T03:35:52+07:00] mongo      <good>   polled → mongo_events.csv
[2026-06-20T03:35:52+07:00] unstr      <good>   polled → unstructured_events.csv
[2026-06-20T03:36:02+07:00] pg         <good>   polled → pg_events.csv
[2026-06-20T03:36:03+07:00] mongo      <good>   polled → mongo_events.csv
[2026-06-20T03:36:03+07:00] unstr      <good>   polled → unstructured_events.csv
[2026-06-20T03:36:13+07:00] pg         <good>   polled → pg_events.csv
[2026-06-20T03:36:14+07:00] mongo      <good>   polled → mongo_events.csv
[2026-06-20T03:36:14+07:00] unstr      <good>   polled → unstructured_events.csv
[2026-06-20T03:36:24+07:00] pg         <good>   polled → pg_events.csv
[2026-06-20T03:36:25+07:00] mongo      <good>   polled → mongo_events.csv
[2026-06-20T03:36:25+07:00] unstr      <good>   polled → unstructured_events.csv
[2026-06-20T03:36:35+07:00] pg         <good>   polled → pg_events.csv
[2026-06-20T03:36:36+07:00] mongo      <good>   polled → mongo_events.csv
[2026-06-20T03:36:36+07:00] unstr      <good>   polled → unstructured_events.csv
[2026-06-20T03:36:46+07:00] pg         <good>   polled → pg_events.csv
[2026-06-20T03:36:47+07:00] mongo      <good>   polled → mongo_events.csv
[2026-06-20T03:36:47+07:00] unstr      <good>   polled → unstructured_events.csv
[2026-06-20T03:36:57+07:00] pg         <good>   polled → pg_events.csv
[2026-06-20T03:36:58+07:00] mongo      <good>   polled → mongo_events.csv
[2026-06-20T03:36:58+07:00] unstr      <good>   polled → unstructured_events.csv
[2026-06-20T03:37:08+07:00] pg         <good>   polled → pg_events.csv
[2026-06-20T03:37:09+07:00] mongo      <good>   polled → mongo_events.csv
[2026-06-20T03:37:09+07:00] unstr      <good>   polled → unstructured_events.csv
[2026-06-20T03:37:19+07:00] pg         <good>   polled → pg_events.csv
[2026-06-20T03:37:20+07:00] mongo      <good>   polled → mongo_events.csv
[2026-06-20T03:37:20+07:00] unstr      <good>   polled → unstructured_events.csv
[2026-06-20T03:37:30+07:00] pg         <good>   polled → pg_events.csv
[2026-06-20T03:37:31+07:00] mongo      <good>   polled → mongo_events.csv
[2026-06-20T03:37:31+07:00] unstr      <good>   polled → unstructured_events.csv
[2026-06-20T03:37:41+07:00] pg         <good>   polled → pg_events.csv
[2026-06-20T03:37:42+07:00] mongo      <good>   polled → mongo_events.csv
[2026-06-20T03:37:42+07:00] unstr      <good>   polled → unstructured_events.csv
[2026-06-20T03:37:52+07:00] pg         <good>   polled → pg_events.csv
[2026-06-20T03:37:53+07:00] mongo      <good>   polled → mongo_events.csv
[2026-06-20T03:37:53+07:00] unstr      <good>   polled → unstructured_events.csv
[2026-06-20T03:38:03+07:00] pg         <good>   polled → pg_events.csv
[2026-06-20T03:38:04+07:00] mongo      <good>   polled → mongo_events.csv
[2026-06-20T03:38:04+07:00] unstr      <good>   polled → unstructured_events.csv
[2026-06-20T03:38:14+07:00] pg         <good>   polled → pg_events.csv
[2026-06-20T03:38:15+07:00] mongo      <good>   polled → mongo_events.csv
[2026-06-20T03:38:15+07:00] unstr      <good>   polled → unstructured_events.csv
[2026-06-20T03:38:25+07:00] pg         <good>   polled → pg_events.csv
[2026-06-20T03:38:26+07:00] mongo      <good>   polled → mongo_events.csv
[2026-06-20T03:38:26+07:00] unstr      <good>   polled → unstructured_events.csv
[2026-06-20T03:38:36+07:00] pg         <good>   polled → pg_events.csv
[2026-06-20T03:38:37+07:00] mongo      <good>   polled → mongo_events.csv
[2026-06-20T03:38:37+07:00] unstr      <good>   polled → unstructured_events.csv
[2026-06-20T03:38:47+07:00] pg         <good>   polled → pg_events.csv
[2026-06-20T03:38:48+07:00] mongo      <good>   polled → mongo_events.csv
[2026-06-20T03:38:48+07:00] unstr      <good>   polled → unstructured_events.csv
[2026-06-20T03:38:58+07:00] pg         <good>   polled → pg_events.csv
[2026-06-20T03:38:59+07:00] mongo      <good>   polled → mongo_events.csv
[2026-06-20T03:38:59+07:00] unstr      <good>   polled → unstructured_events.csv
[2026-06-20T03:39:09+07:00] pg         <good>   polled → pg_events.csv
[2026-06-20T03:39:10+07:00] mongo      <good>   polled → mongo_events.csv
[2026-06-20T03:39:10+07:00] unstr      <good>   polled → unstructured_events.csv
[2026-06-20T03:39:20+07:00] pg         <good>   polled → pg_events.csv
[2026-06-20T03:39:21+07:00] mongo      <good>   polled → mongo_events.csv
[2026-06-20T03:39:21+07:00] unstr      <good>   polled → unstructured_events.csv
[2026-06-20T03:39:31+07:00] pg         <good>   polled → pg_events.csv
[2026-06-20T03:39:32+07:00] mongo      <good>   polled → mongo_events.csv
[2026-06-20T03:39:32+07:00] unstr      <good>   polled → unstructured_events.csv
[2026-06-20T03:39:42+07:00] pg         <good>   polled → pg_events.csv
[2026-06-20T03:39:44+07:00] mongo      <good>   polled → mongo_events.csv
[2026-06-20T03:39:44+07:00] unstr      <good>   polled → unstructured_events.csv
[2026-06-20T03:39:54+07:00] pg         <good>   polled → pg_events.csv
[2026-06-20T03:39:55+07:00] mongo      <good>   polled → mongo_events.csv
[2026-06-20T03:39:55+07:00] unstr      <good>   polled → unstructured_events.csv
[2026-06-20T03:40:02+0700] main       <info>   ──────────────────────────────────────────────────────
[2026-06-20T03:40:02+0700] main       <info>   Cycle #6 starting
[2026-06-20T03:40:02+07:00] main       <info>   starting cycle=20260620_034002 at=2026-06-20T03:40:02.975073+07:00
[2026-06-20T03:40:02+07:00] main       <info>   output_root=/home/primary/data/backup-cycles
[2026-06-20T03:40:02+07:00] main       <info>   staging_root=/home/primary/data/backup-staging
[2026-06-20T03:40:02+07:00] main       <info>   state_db=/home/primary/data/backup-metadata/pfc_index.db
[2026-06-20T03:40:02+07:00] main       <info>   retention max_cycles=30 max_bytes=50.00 GiB cycle_cap=10.00 GiB
[2026-06-20T03:40:02+07:00] main       <info>   chain_version=chain-v1 versioned_cycles_root=/home/primary/data/backup-cycles/chain-v1
[2026-06-20T03:40:02+07:00] main       <info>   last_cycle_ts=1781900401 (2026-06-20T03:20:01+07:00)
[2026-06-20T03:40:05+07:00] pg         <good>   polled → pg_events.csv
[2026-06-20T03:40:05+07:00] mongo      <good>   oplog compressed raw=1.99 MiB stored=80.77 KiB ratio=0.040 elapsed=0.04s
[2026-06-20T03:40:05+07:00] fixtures   <good>   seeded target=/home/primary/data/unstructured/fixtures copied=0 skipped=25 bytes=0 elapsed=0.00s
[2026-06-20T03:40:06+07:00] mongo      <good>   polled → mongo_events.csv
[2026-06-20T03:40:06+07:00] unstr      <good>   polled → unstructured_events.csv
[2026-06-20T03:40:08+07:00] main       <info>   staging_size=19.04 MiB checked_in=0.00s
[2026-06-20T03:40:08+07:00] main       <good>   wrote checksums=/home/primary/data/backup-staging/cycle_20260620_034002.tmp/checksums.sha256
[2026-06-20T03:40:08+07:00] main       <good>   finalized dir elapsed=0.00s
[2026-06-20T03:40:08+07:00] verify     <good>   ok elapsed=0.05s
[2026-06-20T03:40:08+07:00] pg         <info>   state pg_last_wal_fname=000000010000000000000019
[2026-06-20T03:40:08+07:00] main       <info>   retention elapsed=0.00s
[2026-06-20T03:40:08+07:00] transfer   <info>   pushing to 1 destination(s) as 'chain-v1/20260620_034002': ['recovery@192.168.10.129:/home/recovery/local-backup/incoming']
[2026-06-20T03:40:10+07:00] transfer   <good>   all 1 destination(s) OK elapsed=1.94s
[2026-06-20T03:40:10+07:00] main       <info>   Deleting local cycle since it was transferred: /home/primary/data/backup-cycles/chain-v1/20260620_034002
[2026-06-20T03:40:10+07:00] main       <info>   cycle_summary: wal_files=4 (0 B), pfc_chunks=87 (stored=17.77 MiB, raw=68.14 MiB), cycle_stored=19.10 MiB chain=chain-v1
[2026-06-20T03:40:10+07:00] main       <good>   completed cycle=20260620_034002 chain=chain-v1 elapsed=7.41s
[2026-06-20T03:40:10+0700] main       <good>   Cycle #6 completed OK
[2026-06-20T03:40:10+0700] main       <info>   Sleeping 20m until next cycle …
[2026-06-20T03:40:16+07:00] pg         <good>   polled → pg_events.csv
[2026-06-20T03:40:17+07:00] mongo      <good>   polled → mongo_events.csv
[2026-06-20T03:40:17+07:00] unstr      <good>   polled → unstructured_events.csv
[2026-06-20T03:40:27+07:00] pg         <good>   polled → pg_events.csv
[2026-06-20T03:40:28+07:00] mongo      <good>   polled → mongo_events.csv
[2026-06-20T03:40:28+07:00] unstr      <good>   polled → unstructured_events.csv
[2026-06-20T03:40:38+07:00] pg         <good>   polled → pg_events.csv
[2026-06-20T03:40:39+07:00] mongo      <good>   polled → mongo_events.csv
[2026-06-20T03:40:39+07:00] unstr      <good>   polled → unstructured_events.csv
[2026-06-20T03:40:49+07:00] pg         <good>   polled → pg_events.csv
[2026-06-20T03:40:50+07:00] mongo      <good>   polled → mongo_events.csv
[2026-06-20T03:40:50+07:00] unstr      <good>   polled → unstructured_events.csv
[2026-06-20T03:41:01+07:00] pg         <good>   polled → pg_events.csv
[2026-06-20T03:41:02+07:00] mongo      <good>   polled → mongo_events.csv
[2026-06-20T03:41:02+07:00] unstr      <good>   polled → unstructured_events.csv
[2026-06-20T03:41:12+07:00] pg         <good>   polled → pg_events.csv
[2026-06-20T03:41:13+07:00] mongo      <good>   polled → mongo_events.csv
[2026-06-20T03:41:13+07:00] unstr      <good>   polled → unstructured_events.csv
[2026-06-20T03:41:23+07:00] pg         <good>   polled → pg_events.csv
[2026-06-20T03:41:24+07:00] mongo      <good>   polled → mongo_events.csv
[2026-06-20T03:41:24+07:00] unstr      <good>   polled → unstructured_events.csv
[2026-06-20T03:41:34+07:00] pg         <good>   polled → pg_events.csv
[2026-06-20T03:41:35+07:00] mongo      <good>   polled → mongo_events.csv
[2026-06-20T03:41:35+07:00] unstr      <good>   polled → unstructured_events.csv
[2026-06-20T03:41:45+07:00] pg         <good>   polled → pg_events.csv
[2026-06-20T03:41:46+07:00] mongo      <good>   polled → mongo_events.csv
[2026-06-20T03:41:46+07:00] unstr      <good>   polled → unstructured_events.csv
[2026-06-20T03:41:56+07:00] pg         <good>   polled → pg_events.csv
[2026-06-20T03:41:57+07:00] mongo      <good>   polled → mongo_events.csv
[2026-06-20T03:41:57+07:00] unstr      <good>   polled → unstructured_events.csv
[2026-06-20T03:42:07+07:00] pg         <good>   polled → pg_events.csv
[2026-06-20T03:42:08+07:00] mongo      <good>   polled → mongo_events.csv
[2026-06-20T03:42:08+07:00] unstr      <good>   polled → unstructured_events.csv
[2026-06-20T03:42:18+07:00] pg         <good>   polled → pg_events.csv
[2026-06-20T03:42:19+07:00] mongo      <good>   polled → mongo_events.csv
[2026-06-20T03:42:19+07:00] unstr      <good>   polled → unstructured_events.csv
[2026-06-20T03:42:29+07:00] pg         <good>   polled → pg_events.csv
[2026-06-20T03:42:30+07:00] mongo      <good>   polled → mongo_events.csv
[2026-06-20T03:42:30+07:00] unstr      <good>   polled → unstructured_events.csv
[2026-06-20T03:42:40+07:00] pg         <good>   polled → pg_events.csv
[2026-06-20T03:42:41+07:00] mongo      <good>   polled → mongo_events.csv
[2026-06-20T03:42:41+07:00] unstr      <good>   polled → unstructured_events.csv
[2026-06-20T03:42:51+07:00] pg         <good>   polled → pg_events.csv
[2026-06-20T03:42:52+07:00] mongo      <good>   polled → mongo_events.csv
[2026-06-20T03:42:52+07:00] unstr      <good>   polled → unstructured_events.csv
[2026-06-20T03:43:02+07:00] pg         <good>   polled → pg_events.csv
[2026-06-20T03:43:03+07:00] mongo      <good>   polled → mongo_events.csv
[2026-06-20T03:43:03+07:00] unstr      <good>   polled → unstructured_events.csv
[2026-06-20T03:43:13+07:00] pg         <good>   polled → pg_events.csv
[2026-06-20T03:43:14+07:00] mongo      <good>   polled → mongo_events.csv
[2026-06-20T03:43:14+07:00] unstr      <good>   polled → unstructured_events.csv
[2026-06-20T03:43:24+07:00] pg         <good>   polled → pg_events.csv
[2026-06-20T03:43:25+07:00] mongo      <good>   polled → mongo_events.csv
[2026-06-20T03:43:25+07:00] unstr      <good>   polled → unstructured_events.csv
[2026-06-20T03:43:35+07:00] pg         <good>   polled → pg_events.csv
[2026-06-20T03:43:36+07:00] mongo      <good>   polled → mongo_events.csv
[2026-06-20T03:43:36+07:00] unstr      <good>   polled → unstructured_events.csv
[2026-06-20T03:43:46+07:00] pg         <good>   polled → pg_events.csv
[2026-06-20T03:43:47+07:00] mongo      <good>   polled → mongo_events.csv
[2026-06-20T03:43:47+07:00] unstr      <good>   polled → unstructured_events.csv
[2026-06-20T03:43:58+07:00] pg         <good>   polled → pg_events.csv
[2026-06-20T03:43:59+07:00] mongo      <good>   polled → mongo_events.csv
[2026-06-20T03:43:59+07:00] unstr      <good>   polled → unstructured_events.csv
[2026-06-20T03:44:09+07:00] pg         <good>   polled → pg_events.csv
[2026-06-20T03:44:09+07:00] mongo      <good>   polled → mongo_events.csv
[2026-06-20T03:44:09+07:00] unstr      <good>   polled → unstructured_events.csv
[2026-06-20T03:44:20+07:00] pg         <good>   polled → pg_events.csv
[2026-06-20T03:44:21+07:00] mongo      <good>   polled → mongo_events.csv
[2026-06-20T03:44:21+07:00] unstr      <good>   polled → unstructured_events.csv
[2026-06-20T03:44:31+07:00] pg         <good>   polled → pg_events.csv
[2026-06-20T03:44:32+07:00] mongo      <good>   polled → mongo_events.csv
[2026-06-20T03:44:32+07:00] unstr      <good>   polled → unstructured_events.csv
[2026-06-20T03:44:42+07:00] pg         <good>   polled → pg_events.csv
[2026-06-20T03:44:43+07:00] mongo      <good>   polled → mongo_events.csv
[2026-06-20T03:44:43+07:00] unstr      <good>   polled → unstructured_events.csv
[2026-06-20T03:44:53+07:00] pg         <good>   polled → pg_events.csv
[2026-06-20T03:44:54+07:00] mongo      <good>   polled → mongo_events.csv
[2026-06-20T03:44:54+07:00] unstr      <good>   polled → unstructured_events.csv
[2026-06-20T03:45:04+07:00] pg         <good>   polled → pg_events.csv
[2026-06-20T03:45:05+07:00] mongo      <good>   polled → mongo_events.csv
[2026-06-20T03:45:05+07:00] unstr      <good>   polled → unstructured_events.csv
[2026-06-20T03:45:15+07:00] pg         <good>   polled → pg_events.csv
[2026-06-20T03:45:16+07:00] mongo      <good>   polled → mongo_events.csv
[2026-06-20T03:45:16+07:00] unstr      <good>   polled → unstructured_events.csv
[2026-06-20T03:45:26+07:00] pg         <good>   polled → pg_events.csv
[2026-06-20T03:45:27+07:00] mongo      <good>   polled → mongo_events.csv
[2026-06-20T03:45:27+07:00] unstr      <good>   polled → unstructured_events.csv
[2026-06-20T03:45:37+07:00] pg         <good>   polled → pg_events.csv
[2026-06-20T03:45:38+07:00] mongo      <good>   polled → mongo_events.csv
[2026-06-20T03:45:38+07:00] unstr      <good>   polled → unstructured_events.csv
[2026-06-20T03:45:48+07:00] pg         <good>   polled → pg_events.csv
[2026-06-20T03:45:49+07:00] mongo      <good>   polled → mongo_events.csv
[2026-06-20T03:45:49+07:00] unstr      <good>   polled → unstructured_events.csv
[2026-06-20T03:45:59+07:00] pg         <good>   polled → pg_events.csv
[2026-06-20T03:46:00+07:00] mongo      <good>   polled → mongo_events.csv
[2026-06-20T03:46:00+07:00] unstr      <good>   polled → unstructured_events.csv
[2026-06-20T03:46:10+07:00] pg         <good>   polled → pg_events.csv
[2026-06-20T03:46:11+07:00] mongo      <good>   polled → mongo_events.csv
[2026-06-20T03:46:11+07:00] unstr      <good>   polled → unstructured_events.csv
[2026-06-20T03:46:21+07:00] pg         <good>   polled → pg_events.csv
[2026-06-20T03:46:22+07:00] mongo      <good>   polled → mongo_events.csv
[2026-06-20T03:46:22+07:00] unstr      <good>   polled → unstructured_events.csv
[2026-06-20T03:46:32+07:00] pg         <good>   polled → pg_events.csv
[2026-06-20T03:46:33+07:00] mongo      <good>   polled → mongo_events.csv
[2026-06-20T03:46:33+07:00] unstr      <good>   polled → unstructured_events.csv
[2026-06-20T03:46:43+07:00] pg         <good>   polled → pg_events.csv
[2026-06-20T03:46:44+07:00] mongo      <good>   polled → mongo_events.csv
[2026-06-20T03:46:44+07:00] unstr      <good>   polled → unstructured_events.csv
[2026-06-20T03:46:54+07:00] pg         <good>   polled → pg_events.csv
[2026-06-20T03:46:55+07:00] mongo      <good>   polled → mongo_events.csv
[2026-06-20T03:46:55+07:00] unstr      <good>   polled → unstructured_events.csv
[2026-06-20T03:47:05+07:00] pg         <good>   polled → pg_events.csv
[2026-06-20T03:47:06+07:00] mongo      <good>   polled → mongo_events.csv
[2026-06-20T03:47:06+07:00] unstr      <good>   polled → unstructured_events.csv
[2026-06-20T03:47:16+07:00] pg         <good>   polled → pg_events.csv
[2026-06-20T03:47:17+07:00] mongo      <good>   polled → mongo_events.csv
[2026-06-20T03:47:17+07:00] unstr      <good>   polled → unstructured_events.csv
[2026-06-20T03:47:27+07:00] pg         <good>   polled → pg_events.csv
[2026-06-20T03:47:28+07:00] mongo      <good>   polled → mongo_events.csv
[2026-06-20T03:47:28+07:00] unstr      <good>   polled → unstructured_events.csv
[2026-06-20T03:47:38+07:00] pg         <good>   polled → pg_events.csv
[2026-06-20T03:47:39+07:00] mongo      <good>   polled → mongo_events.csv
[2026-06-20T03:47:39+07:00] unstr      <good>   polled → unstructured_events.csv
[2026-06-20T03:47:49+07:00] pg         <good>   polled → pg_events.csv
[2026-06-20T03:47:50+07:00] mongo      <good>   polled → mongo_events.csv
[2026-06-20T03:47:50+07:00] unstr      <good>   polled → unstructured_events.csv
[2026-06-20T03:48:01+07:00] pg         <good>   polled → pg_events.csv
[2026-06-20T03:48:01+07:00] mongo      <good>   polled → mongo_events.csv
[2026-06-20T03:48:01+07:00] unstr      <good>   polled → unstructured_events.csv
[2026-06-20T03:48:12+07:00] pg         <good>   polled → pg_events.csv
[2026-06-20T03:48:12+07:00] mongo      <good>   polled → mongo_events.csv
[2026-06-20T03:48:12+07:00] unstr      <good>   polled → unstructured_events.csv
[2026-06-20T03:48:23+07:00] pg         <good>   polled → pg_events.csv
[2026-06-20T03:48:24+07:00] mongo      <good>   polled → mongo_events.csv
[2026-06-20T03:48:24+07:00] unstr      <good>   polled → unstructured_events.csv
[2026-06-20T03:48:34+07:00] pg         <good>   polled → pg_events.csv
[2026-06-20T03:48:35+07:00] mongo      <good>   polled → mongo_events.csv
[2026-06-20T03:48:35+07:00] unstr      <good>   polled → unstructured_events.csv
[2026-06-20T03:48:45+07:00] pg         <good>   polled → pg_events.csv
[2026-06-20T03:48:46+07:00] mongo      <good>   polled → mongo_events.csv
[2026-06-20T03:48:46+07:00] unstr      <good>   polled → unstructured_events.csv
[2026-06-20T03:48:56+07:00] pg         <good>   polled → pg_events.csv
[2026-06-20T03:48:57+07:00] mongo      <good>   polled → mongo_events.csv
[2026-06-20T03:48:57+07:00] unstr      <good>   polled → unstructured_events.csv
[2026-06-20T03:49:07+07:00] pg         <good>   polled → pg_events.csv
[2026-06-20T03:49:08+07:00] mongo      <good>   polled → mongo_events.csv
[2026-06-20T03:49:08+07:00] unstr      <good>   polled → unstructured_events.csv
[2026-06-20T03:49:18+07:00] pg         <good>   polled → pg_events.csv
[2026-06-20T03:49:19+07:00] mongo      <good>   polled → mongo_events.csv
[2026-06-20T03:49:19+07:00] unstr      <good>   polled → unstructured_events.csv
[2026-06-20T03:49:29+07:00] pg         <good>   polled → pg_events.csv
[2026-06-20T03:49:30+07:00] mongo      <good>   polled → mongo_events.csv
[2026-06-20T03:49:30+07:00] unstr      <good>   polled → unstructured_events.csv
[2026-06-20T03:49:40+07:00] pg         <good>   polled → pg_events.csv
[2026-06-20T03:49:41+07:00] mongo      <good>   polled → mongo_events.csv
[2026-06-20T03:49:41+07:00] unstr      <good>   polled → unstructured_events.csv
[2026-06-20T03:49:51+07:00] pg         <good>   polled → pg_events.csv
[2026-06-20T03:49:52+07:00] mongo      <good>   polled → mongo_events.csv
[2026-06-20T03:49:52+07:00] unstr      <good>   polled → unstructured_events.csv
[2026-06-20T03:50:02+07:00] pg         <good>   polled → pg_events.csv
[2026-06-20T03:50:03+07:00] mongo      <good>   polled → mongo_events.csv
[2026-06-20T03:50:03+07:00] unstr      <good>   polled → unstructured_events.csv
[2026-06-20T03:50:13+07:00] pg         <good>   polled → pg_events.csv
[2026-06-20T03:50:14+07:00] mongo      <good>   polled → mongo_events.csv
[2026-06-20T03:50:14+07:00] unstr      <good>   polled → unstructured_events.csv
[2026-06-20T03:50:24+07:00] pg         <good>   polled → pg_events.csv
[2026-06-20T03:50:25+07:00] mongo      <good>   polled → mongo_events.csv
[2026-06-20T03:50:25+07:00] unstr      <good>   polled → unstructured_events.csv
[2026-06-20T03:50:35+07:00] pg         <good>   polled → pg_events.csv
[2026-06-20T03:50:36+07:00] mongo      <good>   polled → mongo_events.csv
[2026-06-20T03:50:36+07:00] unstr      <good>   polled → unstructured_events.csv
[2026-06-20T03:50:46+07:00] pg         <good>   polled → pg_events.csv
[2026-06-20T03:50:47+07:00] mongo      <good>   polled → mongo_events.csv
[2026-06-20T03:50:47+07:00] unstr      <good>   polled → unstructured_events.csv
[2026-06-20T03:50:57+07:00] pg         <good>   polled → pg_events.csv
[2026-06-20T03:50:58+07:00] mongo      <good>   polled → mongo_events.csv
[2026-06-20T03:50:58+07:00] unstr      <good>   polled → unstructured_events.csv
[2026-06-20T03:51:08+07:00] pg         <good>   polled → pg_events.csv
[2026-06-20T03:51:09+07:00] mongo      <good>   polled → mongo_events.csv
[2026-06-20T03:51:09+07:00] unstr      <good>   polled → unstructured_events.csv
[2026-06-20T03:51:20+07:00] pg         <good>   polled → pg_events.csv
[2026-06-20T03:51:20+07:00] mongo      <good>   polled → mongo_events.csv
[2026-06-20T03:51:20+07:00] unstr      <good>   polled → unstructured_events.csv
[2026-06-20T03:51:31+07:00] pg         <good>   polled → pg_events.csv
[2026-06-20T03:51:31+07:00] mongo      <good>   polled → mongo_events.csv
[2026-06-20T03:51:31+07:00] unstr      <good>   polled → unstructured_events.csv
[2026-06-20T03:51:42+07:00] pg         <good>   polled → pg_events.csv
[2026-06-20T03:51:42+07:00] mongo      <good>   polled → mongo_events.csv
[2026-06-20T03:51:42+07:00] unstr      <good>   polled → unstructured_events.csv
[2026-06-20T03:51:53+07:00] pg         <good>   polled → pg_events.csv
[2026-06-20T03:51:53+07:00] mongo      <good>   polled → mongo_events.csv
[2026-06-20T03:51:53+07:00] unstr      <good>   polled → unstructured_events.csv
[2026-06-20T03:52:04+07:00] pg         <good>   polled → pg_events.csv
[2026-06-20T03:52:05+07:00] mongo      <good>   polled → mongo_events.csv
[2026-06-20T03:52:05+07:00] unstr      <good>   polled → unstructured_events.csv
[2026-06-20T03:52:15+07:00] pg         <good>   polled → pg_events.csv
[2026-06-20T03:52:16+07:00] mongo      <good>   polled → mongo_events.csv
[2026-06-20T03:52:16+07:00] unstr      <good>   polled → unstructured_events.csv
[2026-06-20T03:52:26+07:00] pg         <good>   polled → pg_events.csv
[2026-06-20T03:52:27+07:00] mongo      <good>   polled → mongo_events.csv
[2026-06-20T03:52:27+07:00] unstr      <good>   polled → unstructured_events.csv
[2026-06-20T03:52:37+07:00] pg         <good>   polled → pg_events.csv
[2026-06-20T03:52:38+07:00] mongo      <good>   polled → mongo_events.csv
[2026-06-20T03:52:38+07:00] unstr      <good>   polled → unstructured_events.csv
[2026-06-20T03:52:48+07:00] pg         <good>   polled → pg_events.csv
[2026-06-20T03:52:49+07:00] mongo      <good>   polled → mongo_events.csv
[2026-06-20T03:52:49+07:00] unstr      <good>   polled → unstructured_events.csv
[2026-06-20T03:52:59+07:00] pg         <good>   polled → pg_events.csv
[2026-06-20T03:53:00+07:00] mongo      <good>   polled → mongo_events.csv
[2026-06-20T03:53:00+07:00] unstr      <good>   polled → unstructured_events.csv
[2026-06-20T03:53:10+07:00] pg         <good>   polled → pg_events.csv
[2026-06-20T03:53:11+07:00] mongo      <good>   polled → mongo_events.csv
[2026-06-20T03:53:11+07:00] unstr      <good>   polled → unstructured_events.csv
[2026-06-20T03:53:21+07:00] pg         <good>   polled → pg_events.csv
[2026-06-20T03:53:22+07:00] mongo      <good>   polled → mongo_events.csv
[2026-06-20T03:53:22+07:00] unstr      <good>   polled → unstructured_events.csv
[2026-06-20T03:53:32+07:00] pg         <good>   polled → pg_events.csv
[2026-06-20T03:53:33+07:00] mongo      <good>   polled → mongo_events.csv
[2026-06-20T03:53:33+07:00] unstr      <good>   polled → unstructured_events.csv
[2026-06-20T03:53:43+07:00] pg         <good>   polled → pg_events.csv
[2026-06-20T03:53:44+07:00] mongo      <good>   polled → mongo_events.csv
[2026-06-20T03:53:44+07:00] unstr      <good>   polled → unstructured_events.csv
[2026-06-20T03:53:54+07:00] pg         <good>   polled → pg_events.csv
[2026-06-20T03:53:55+07:00] mongo      <good>   polled → mongo_events.csv
[2026-06-20T03:53:55+07:00] unstr      <good>   polled → unstructured_events.csv
[2026-06-20T03:54:05+07:00] pg         <good>   polled → pg_events.csv
[2026-06-20T03:54:06+07:00] mongo      <good>   polled → mongo_events.csv
[2026-06-20T03:54:06+07:00] unstr      <good>   polled → unstructured_events.csv
[2026-06-20T03:54:16+07:00] pg         <good>   polled → pg_events.csv
[2026-06-20T03:54:17+07:00] mongo      <good>   polled → mongo_events.csv
[2026-06-20T03:54:17+07:00] unstr      <good>   polled → unstructured_events.csv
[2026-06-20T03:54:27+07:00] pg         <good>   polled → pg_events.csv
[2026-06-20T03:54:28+07:00] mongo      <good>   polled → mongo_events.csv
[2026-06-20T03:54:28+07:00] unstr      <good>   polled → unstructured_events.csv
[2026-06-20T03:54:38+07:00] pg         <good>   polled → pg_events.csv
[2026-06-20T03:54:38+07:00] mongo      <good>   polled → mongo_events.csv
[2026-06-20T03:54:39+07:00] unstr      <good>   polled → unstructured_events.csv
[2026-06-20T03:54:49+07:00] pg         <good>   polled → pg_events.csv
[2026-06-20T03:54:49+07:00] mongo      <good>   polled → mongo_events.csv
[2026-06-20T03:54:49+07:00] unstr      <good>   polled → unstructured_events.csv
[2026-06-20T03:54:59+07:00] pg         <good>   polled → pg_events.csv
[2026-06-20T03:55:00+07:00] mongo      <good>   polled → mongo_events.csv
[2026-06-20T03:55:00+07:00] unstr      <good>   polled → unstructured_events.csv
[2026-06-20T03:55:10+07:00] pg         <good>   polled → pg_events.csv
[2026-06-20T03:55:11+07:00] mongo      <good>   polled → mongo_events.csv
[2026-06-20T03:55:11+07:00] unstr      <good>   polled → unstructured_events.csv
[2026-06-20T03:55:21+07:00] pg         <good>   polled → pg_events.csv
[2026-06-20T03:55:22+07:00] mongo      <good>   polled → mongo_events.csv
[2026-06-20T03:55:22+07:00] unstr      <good>   polled → unstructured_events.csv
[2026-06-20T03:55:32+07:00] pg         <good>   polled → pg_events.csv
[2026-06-20T03:55:33+07:00] mongo      <good>   polled → mongo_events.csv
[2026-06-20T03:55:33+07:00] unstr      <good>   polled → unstructured_events.csv
[2026-06-20T03:55:43+07:00] pg         <good>   polled → pg_events.csv
[2026-06-20T03:55:44+07:00] mongo      <good>   polled → mongo_events.csv
[2026-06-20T03:55:44+07:00] unstr      <good>   polled → unstructured_events.csv
[2026-06-20T03:55:54+07:00] pg         <good>   polled → pg_events.csv
[2026-06-20T03:55:55+07:00] mongo      <good>   polled → mongo_events.csv
[2026-06-20T03:55:55+07:00] unstr      <good>   polled → unstructured_events.csv
[2026-06-20T03:56:05+07:00] pg         <good>   polled → pg_events.csv
[2026-06-20T03:56:06+07:00] mongo      <good>   polled → mongo_events.csv
[2026-06-20T03:56:06+07:00] unstr      <good>   polled → unstructured_events.csv
[2026-06-20T03:56:16+07:00] pg         <good>   polled → pg_events.csv
[2026-06-20T03:56:17+07:00] mongo      <good>   polled → mongo_events.csv
[2026-06-20T03:56:17+07:00] unstr      <good>   polled → unstructured_events.csv
[2026-06-20T03:56:27+07:00] pg         <good>   polled → pg_events.csv
[2026-06-20T03:56:28+07:00] mongo      <good>   polled → mongo_events.csv
[2026-06-20T03:56:28+07:00] unstr      <good>   polled → unstructured_events.csv
[2026-06-20T03:56:38+07:00] pg         <good>   polled → pg_events.csv
[2026-06-20T03:56:39+07:00] mongo      <good>   polled → mongo_events.csv
[2026-06-20T03:56:39+07:00] unstr      <good>   polled → unstructured_events.csv
[2026-06-20T03:56:49+07:00] pg         <good>   polled → pg_events.csv
[2026-06-20T03:56:50+07:00] mongo      <good>   polled → mongo_events.csv
[2026-06-20T03:56:50+07:00] unstr      <good>   polled → unstructured_events.csv
[2026-06-20T03:57:00+07:00] pg         <good>   polled → pg_events.csv
[2026-06-20T03:57:01+07:00] mongo      <good>   polled → mongo_events.csv
[2026-06-20T03:57:01+07:00] unstr      <good>   polled → unstructured_events.csv
[2026-06-20T03:57:11+07:00] pg         <good>   polled → pg_events.csv
[2026-06-20T03:57:11+07:00] mongo      <good>   polled → mongo_events.csv
[2026-06-20T03:57:11+07:00] unstr      <good>   polled → unstructured_events.csv
[2026-06-20T03:57:22+07:00] pg         <good>   polled → pg_events.csv
[2026-06-20T03:57:22+07:00] mongo      <good>   polled → mongo_events.csv
[2026-06-20T03:57:22+07:00] unstr      <good>   polled → unstructured_events.csv
[2026-06-20T03:57:32+07:00] pg         <good>   polled → pg_events.csv
[2026-06-20T03:57:33+07:00] mongo      <good>   polled → mongo_events.csv
[2026-06-20T03:57:33+07:00] unstr      <good>   polled → unstructured_events.csv
[2026-06-20T03:57:43+07:00] pg         <good>   polled → pg_events.csv
[2026-06-20T03:57:44+07:00] mongo      <good>   polled → mongo_events.csv
[2026-06-20T03:57:44+07:00] unstr      <good>   polled → unstructured_events.csv
[2026-06-20T03:57:54+07:00] pg         <good>   polled → pg_events.csv
[2026-06-20T03:57:55+07:00] mongo      <good>   polled → mongo_events.csv
[2026-06-20T03:57:55+07:00] unstr      <good>   polled → unstructured_events.csv
[2026-06-20T03:58:05+07:00] pg         <good>   polled → pg_events.csv
[2026-06-20T03:58:06+07:00] mongo      <good>   polled → mongo_events.csv
[2026-06-20T03:58:06+07:00] unstr      <good>   polled → unstructured_events.csv
[2026-06-20T03:58:16+07:00] pg         <good>   polled → pg_events.csv
[2026-06-20T03:58:17+07:00] mongo      <good>   polled → mongo_events.csv
[2026-06-20T03:58:17+07:00] unstr      <good>   polled → unstructured_events.csv
[2026-06-20T03:58:27+07:00] pg         <good>   polled → pg_events.csv
[2026-06-20T03:58:28+07:00] mongo      <good>   polled → mongo_events.csv
[2026-06-20T03:58:28+07:00] unstr      <good>   polled → unstructured_events.csv
[2026-06-20T03:58:38+07:00] pg         <good>   polled → pg_events.csv
[2026-06-20T03:58:39+07:00] mongo      <good>   polled → mongo_events.csv
[2026-06-20T03:58:39+07:00] unstr      <good>   polled → unstructured_events.csv
[2026-06-20T03:58:49+07:00] pg         <good>   polled → pg_events.csv
[2026-06-20T03:58:50+07:00] mongo      <good>   polled → mongo_events.csv
[2026-06-20T03:58:50+07:00] unstr      <good>   polled → unstructured_events.csv
[2026-06-20T03:59:00+07:00] pg         <good>   polled → pg_events.csv
[2026-06-20T03:59:01+07:00] mongo      <good>   polled → mongo_events.csv
[2026-06-20T03:59:01+07:00] unstr      <good>   polled → unstructured_events.csv
[2026-06-20T03:59:11+07:00] pg         <good>   polled → pg_events.csv
[2026-06-20T03:59:12+07:00] mongo      <good>   polled → mongo_events.csv
[2026-06-20T03:59:12+07:00] unstr      <good>   polled → unstructured_events.csv
[2026-06-20T03:59:22+07:00] pg         <good>   polled → pg_events.csv
[2026-06-20T03:59:23+07:00] mongo      <good>   polled → mongo_events.csv
[2026-06-20T03:59:23+07:00] unstr      <good>   polled → unstructured_events.csv
[2026-06-20T03:59:33+07:00] pg         <good>   polled → pg_events.csv
[2026-06-20T03:59:34+07:00] mongo      <good>   polled → mongo_events.csv
[2026-06-20T03:59:34+07:00] unstr      <good>   polled → unstructured_events.csv
[2026-06-20T03:59:44+07:00] pg         <good>   polled → pg_events.csv
[2026-06-20T03:59:45+07:00] mongo      <good>   polled → mongo_events.csv
[2026-06-20T03:59:45+07:00] unstr      <good>   polled → unstructured_events.csv
[2026-06-20T03:59:55+07:00] pg         <good>   polled → pg_events.csv
[2026-06-20T03:59:56+07:00] mongo      <good>   polled → mongo_events.csv
[2026-06-20T03:59:56+07:00] unstr      <good>   polled → unstructured_events.csv
[2026-06-20T04:00:06+07:00] pg         <good>   polled → pg_events.csv
[2026-06-20T04:00:06+07:00] mongo      <good>   polled → mongo_events.csv
[2026-06-20T04:00:06+07:00] unstr      <good>   polled → unstructured_events.csv
[2026-06-20T04:00:10+0700] main       <info>   ──────────────────────────────────────────────────────
[2026-06-20T04:00:10+0700] main       <info>   Cycle #7 starting
[2026-06-20T04:00:10+07:00] main       <info>   starting cycle=20260620_040010 at=2026-06-20T04:00:10.544185+07:00
[2026-06-20T04:00:10+07:00] main       <info>   output_root=/home/primary/data/backup-cycles
[2026-06-20T04:00:10+07:00] main       <info>   staging_root=/home/primary/data/backup-staging
[2026-06-20T04:00:10+07:00] main       <info>   state_db=/home/primary/data/backup-metadata/pfc_index.db
[2026-06-20T04:00:10+07:00] main       <info>   retention max_cycles=30 max_bytes=50.00 GiB cycle_cap=10.00 GiB
[2026-06-20T04:00:10+07:00] main       <info>   chain_version=chain-v1 versioned_cycles_root=/home/primary/data/backup-cycles/chain-v1
[2026-06-20T04:00:10+07:00] main       <info>   last_cycle_ts=1781901608 (2026-06-20T03:40:08+07:00)
[2026-06-20T04:00:12+07:00] mongo      <good>   oplog compressed raw=1.85 MiB stored=76.09 KiB ratio=0.040 elapsed=0.03s
[2026-06-20T04:00:12+07:00] fixtures   <good>   seeded target=/home/primary/data/unstructured/fixtures copied=0 skipped=25 bytes=0 elapsed=0.00s
[2026-06-20T04:00:15+07:00] main       <info>   staging_size=101.18 MiB checked_in=0.00s
[2026-06-20T04:00:15+07:00] main       <good>   wrote checksums=/home/primary/data/backup-staging/cycle_20260620_040010.tmp/checksums.sha256
[2026-06-20T04:00:15+07:00] main       <good>   finalized dir elapsed=0.00s
[2026-06-20T04:00:16+07:00] verify     <good>   ok elapsed=0.20s
[2026-06-20T04:00:16+07:00] pg         <info>   state pg_last_wal_fname=00000001000000000000001D
[2026-06-20T04:00:16+07:00] main       <info>   retention elapsed=0.00s
[2026-06-20T04:00:16+07:00] transfer   <info>   pushing to 1 destination(s) as 'chain-v1/20260620_040010': ['recovery@192.168.10.129:/home/recovery/local-backup/incoming']
[2026-06-20T04:00:17+07:00] pg         <good>   polled → pg_events.csv
[2026-06-20T04:00:18+07:00] mongo      <good>   polled → mongo_events.csv
[2026-06-20T04:00:18+07:00] unstr      <good>   polled → unstructured_events.csv
[2026-06-20T04:00:19+07:00] transfer   <good>   all 1 destination(s) OK elapsed=2.99s
[2026-06-20T04:00:19+07:00] main       <info>   Deleting local cycle since it was transferred: /home/primary/data/backup-cycles/chain-v1/20260620_040010
[2026-06-20T04:00:19+07:00] main       <info>   cycle_summary: wal_files=4 (0 B), pfc_chunks=198 (stored=99.53 MiB, raw=181.14 MiB), cycle_stored=101.31 MiB chain=chain-v1
[2026-06-20T04:00:19+07:00] main       <good>   completed cycle=20260620_040010 chain=chain-v1 elapsed=8.63s
[2026-06-20T04:00:19+0700] main       <good>   Cycle #7 completed OK
[2026-06-20T04:00:19+0700] main       <info>   Sleeping 20m until next cycle …
[2026-06-20T04:00:28+07:00] pg         <good>   polled → pg_events.csv
[2026-06-20T04:00:29+07:00] mongo      <good>   polled → mongo_events.csv
[2026-06-20T04:00:29+07:00] unstr      <good>   polled → unstructured_events.csv
[2026-06-20T04:00:39+07:00] pg         <good>   polled → pg_events.csv
[2026-06-20T04:00:40+07:00] mongo      <good>   polled → mongo_events.csv
[2026-06-20T04:00:40+07:00] unstr      <good>   polled → unstructured_events.csv
[2026-06-20T04:00:50+07:00] pg         <good>   polled → pg_events.csv
[2026-06-20T04:00:51+07:00] mongo      <good>   polled → mongo_events.csv
[2026-06-20T04:00:51+07:00] unstr      <good>   polled → unstructured_events.csv
[2026-06-20T04:01:01+07:00] pg         <good>   polled → pg_events.csv
[2026-06-20T04:01:02+07:00] mongo      <good>   polled → mongo_events.csv
[2026-06-20T04:01:02+07:00] unstr      <good>   polled → unstructured_events.csv
[2026-06-20T04:01:12+07:00] pg         <good>   polled → pg_events.csv
[2026-06-20T04:01:13+07:00] mongo      <good>   polled → mongo_events.csv
[2026-06-20T04:01:13+07:00] unstr      <good>   polled → unstructured_events.csv
[2026-06-20T04:01:23+07:00] pg         <good>   polled → pg_events.csv
[2026-06-20T04:01:24+07:00] mongo      <good>   polled → mongo_events.csv
[2026-06-20T04:01:24+07:00] unstr      <good>   polled → unstructured_events.csv
[2026-06-20T04:01:34+07:00] pg         <good>   polled → pg_events.csv
[2026-06-20T04:01:35+07:00] mongo      <good>   polled → mongo_events.csv
[2026-06-20T04:01:35+07:00] unstr      <good>   polled → unstructured_events.csv
[2026-06-20T04:01:45+07:00] pg         <good>   polled → pg_events.csv
[2026-06-20T04:01:46+07:00] mongo      <good>   polled → mongo_events.csv
[2026-06-20T04:01:46+07:00] unstr      <good>   polled → unstructured_events.csv
[2026-06-20T04:01:56+07:00] pg         <good>   polled → pg_events.csv
[2026-06-20T04:01:57+07:00] mongo      <good>   polled → mongo_events.csv
[2026-06-20T04:01:57+07:00] unstr      <good>   polled → unstructured_events.csv
[2026-06-20T04:02:07+07:00] pg         <good>   polled → pg_events.csv
[2026-06-20T04:02:08+07:00] mongo      <good>   polled → mongo_events.csv
[2026-06-20T04:02:08+07:00] unstr      <good>   polled → unstructured_events.csv
[2026-06-20T04:02:18+07:00] pg         <good>   polled → pg_events.csv
[2026-06-20T04:02:19+07:00] mongo      <good>   polled → mongo_events.csv
[2026-06-20T04:02:19+07:00] unstr      <good>   polled → unstructured_events.csv
[2026-06-20T04:02:29+07:00] pg         <good>   polled → pg_events.csv
[2026-06-20T04:02:30+07:00] mongo      <good>   polled → mongo_events.csv
[2026-06-20T04:02:30+07:00] unstr      <good>   polled → unstructured_events.csv
[2026-06-20T04:02:40+07:00] pg         <good>   polled → pg_events.csv
[2026-06-20T04:02:41+07:00] mongo      <good>   polled → mongo_events.csv
[2026-06-20T04:02:41+07:00] unstr      <good>   polled → unstructured_events.csv
[2026-06-20T04:02:51+07:00] pg         <good>   polled → pg_events.csv
[2026-06-20T04:02:52+07:00] mongo      <good>   polled → mongo_events.csv
[2026-06-20T04:02:52+07:00] unstr      <good>   polled → unstructured_events.csv
[2026-06-20T04:03:02+07:00] pg         <good>   polled → pg_events.csv
[2026-06-20T04:03:03+07:00] mongo      <good>   polled → mongo_events.csv
[2026-06-20T04:03:03+07:00] unstr      <good>   polled → unstructured_events.csv
[2026-06-20T04:03:13+07:00] pg         <good>   polled → pg_events.csv
[2026-06-20T04:03:14+07:00] mongo      <good>   polled → mongo_events.csv
[2026-06-20T04:03:14+07:00] unstr      <good>   polled → unstructured_events.csv
[2026-06-20T04:03:24+07:00] pg         <good>   polled → pg_events.csv
[2026-06-20T04:03:24+07:00] mongo      <good>   polled → mongo_events.csv
[2026-06-20T04:03:24+07:00] unstr      <good>   polled → unstructured_events.csv
[2026-06-20T04:03:35+07:00] pg         <good>   polled → pg_events.csv
[2026-06-20T04:03:35+07:00] mongo      <good>   polled → mongo_events.csv
[2026-06-20T04:03:35+07:00] unstr      <good>   polled → unstructured_events.csv
[2026-06-20T04:03:46+07:00] pg         <good>   polled → pg_events.csv
[2026-06-20T04:03:46+07:00] mongo      <good>   polled → mongo_events.csv
[2026-06-20T04:03:46+07:00] unstr      <good>   polled → unstructured_events.csv
[2026-06-20T04:03:56+07:00] pg         <good>   polled → pg_events.csv
[2026-06-20T04:03:57+07:00] mongo      <good>   polled → mongo_events.csv
[2026-06-20T04:03:57+07:00] unstr      <good>   polled → unstructured_events.csv
[2026-06-20T04:04:07+07:00] pg         <good>   polled → pg_events.csv
[2026-06-20T04:04:08+07:00] mongo      <good>   polled → mongo_events.csv
[2026-06-20T04:04:08+07:00] unstr      <good>   polled → unstructured_events.csv
[2026-06-20T04:04:18+07:00] pg         <good>   polled → pg_events.csv
[2026-06-20T04:04:19+07:00] mongo      <good>   polled → mongo_events.csv
[2026-06-20T04:04:19+07:00] unstr      <good>   polled → unstructured_events.csv
[2026-06-20T04:04:29+07:00] pg         <good>   polled → pg_events.csv
[2026-06-20T04:04:30+07:00] mongo      <good>   polled → mongo_events.csv
[2026-06-20T04:04:30+07:00] unstr      <good>   polled → unstructured_events.csv
[2026-06-20T04:04:41+07:00] pg         <good>   polled → pg_events.csv
[2026-06-20T04:04:41+07:00] mongo      <good>   polled → mongo_events.csv
[2026-06-20T04:04:41+07:00] unstr      <good>   polled → unstructured_events.csv
[2026-06-20T04:04:51+07:00] pg         <good>   polled → pg_events.csv
[2026-06-20T04:04:52+07:00] mongo      <good>   polled → mongo_events.csv
[2026-06-20T04:04:52+07:00] unstr      <good>   polled → unstructured_events.csv
[2026-06-20T04:05:02+07:00] pg         <good>   polled → pg_events.csv
[2026-06-20T04:05:03+07:00] mongo      <good>   polled → mongo_events.csv
[2026-06-20T04:05:03+07:00] unstr      <good>   polled → unstructured_events.csv
[2026-06-20T04:05:13+07:00] pg         <good>   polled → pg_events.csv
[2026-06-20T04:05:14+07:00] mongo      <good>   polled → mongo_events.csv
[2026-06-20T04:05:14+07:00] unstr      <good>   polled → unstructured_events.csv
[2026-06-20T04:05:24+07:00] pg         <good>   polled → pg_events.csv
[2026-06-20T04:05:25+07:00] mongo      <good>   polled → mongo_events.csv
[2026-06-20T04:05:25+07:00] unstr      <good>   polled → unstructured_events.csv
[2026-06-20T04:05:35+07:00] pg         <good>   polled → pg_events.csv
[2026-06-20T04:05:36+07:00] mongo      <good>   polled → mongo_events.csv
[2026-06-20T04:05:36+07:00] unstr      <good>   polled → unstructured_events.csv
[2026-06-20T04:05:46+07:00] pg         <good>   polled → pg_events.csv
[2026-06-20T04:05:47+07:00] mongo      <good>   polled → mongo_events.csv
[2026-06-20T04:05:47+07:00] unstr      <good>   polled → unstructured_events.csv
[2026-06-20T04:05:57+07:00] pg         <good>   polled → pg_events.csv
[2026-06-20T04:05:58+07:00] mongo      <good>   polled → mongo_events.csv
[2026-06-20T04:05:58+07:00] unstr      <good>   polled → unstructured_events.csv
[2026-06-20T04:06:08+07:00] pg         <good>   polled → pg_events.csv
[2026-06-20T04:06:08+07:00] mongo      <good>   polled → mongo_events.csv
[2026-06-20T04:06:08+07:00] unstr      <good>   polled → unstructured_events.csv
[2026-06-20T04:06:19+07:00] pg         <good>   polled → pg_events.csv
[2026-06-20T04:06:20+07:00] mongo      <good>   polled → mongo_events.csv
[2026-06-20T04:06:20+07:00] unstr      <good>   polled → unstructured_events.csv
[2026-06-20T04:06:30+07:00] pg         <good>   polled → pg_events.csv
[2026-06-20T04:06:30+07:00] mongo      <good>   polled → mongo_events.csv
[2026-06-20T04:06:30+07:00] unstr      <good>   polled → unstructured_events.csv
[2026-06-20T04:06:40+07:00] pg         <good>   polled → pg_events.csv
[2026-06-20T04:06:41+07:00] mongo      <good>   polled → mongo_events.csv
[2026-06-20T04:06:41+07:00] unstr      <good>   polled → unstructured_events.csv
[2026-06-20T04:06:51+07:00] pg         <good>   polled → pg_events.csv
[2026-06-20T04:06:52+07:00] mongo      <good>   polled → mongo_events.csv
[2026-06-20T04:06:52+07:00] unstr      <good>   polled → unstructured_events.csv
[2026-06-20T04:07:02+07:00] pg         <good>   polled → pg_events.csv
[2026-06-20T04:07:03+07:00] mongo      <good>   polled → mongo_events.csv
[2026-06-20T04:07:03+07:00] unstr      <good>   polled → unstructured_events.csv
[2026-06-20T04:07:13+07:00] pg         <good>   polled → pg_events.csv
[2026-06-20T04:07:14+07:00] mongo      <good>   polled → mongo_events.csv
[2026-06-20T04:07:14+07:00] unstr      <good>   polled → unstructured_events.csv
[2026-06-20T04:07:24+07:00] pg         <good>   polled → pg_events.csv
[2026-06-20T04:07:25+07:00] mongo      <good>   polled → mongo_events.csv
[2026-06-20T04:07:25+07:00] unstr      <good>   polled → unstructured_events.csv
[2026-06-20T04:07:35+07:00] pg         <good>   polled → pg_events.csv
[2026-06-20T04:07:36+07:00] mongo      <good>   polled → mongo_events.csv
[2026-06-20T04:07:36+07:00] unstr      <good>   polled → unstructured_events.csv
[2026-06-20T04:07:46+07:00] pg         <good>   polled → pg_events.csv
[2026-06-20T04:07:47+07:00] mongo      <good>   polled → mongo_events.csv
[2026-06-20T04:07:47+07:00] unstr      <good>   polled → unstructured_events.csv
[2026-06-20T04:07:57+07:00] pg         <good>   polled → pg_events.csv
[2026-06-20T04:07:58+07:00] mongo      <good>   polled → mongo_events.csv
[2026-06-20T04:07:58+07:00] unstr      <good>   polled → unstructured_events.csv
[2026-06-20T04:08:08+07:00] pg         <good>   polled → pg_events.csv
[2026-06-20T04:08:09+07:00] mongo      <good>   polled → mongo_events.csv
[2026-06-20T04:08:09+07:00] unstr      <good>   polled → unstructured_events.csv
[2026-06-20T04:08:19+07:00] pg         <good>   polled → pg_events.csv
[2026-06-20T04:08:20+07:00] mongo      <good>   polled → mongo_events.csv
[2026-06-20T04:08:20+07:00] unstr      <good>   polled → unstructured_events.csv
[2026-06-20T04:08:30+07:00] pg         <good>   polled → pg_events.csv
[2026-06-20T04:08:31+07:00] mongo      <good>   polled → mongo_events.csv
[2026-06-20T04:08:31+07:00] unstr      <good>   polled → unstructured_events.csv
[2026-06-20T04:08:41+07:00] pg         <good>   polled → pg_events.csv
[2026-06-20T04:08:42+07:00] mongo      <good>   polled → mongo_events.csv
[2026-06-20T04:08:42+07:00] unstr      <good>   polled → unstructured_events.csv
[2026-06-20T04:08:52+07:00] pg         <good>   polled → pg_events.csv
[2026-06-20T04:08:52+07:00] mongo      <good>   polled → mongo_events.csv
[2026-06-20T04:08:52+07:00] unstr      <good>   polled → unstructured_events.csv
[2026-06-20T04:09:03+07:00] pg         <good>   polled → pg_events.csv
[2026-06-20T04:09:03+07:00] mongo      <good>   polled → mongo_events.csv
[2026-06-20T04:09:03+07:00] unstr      <good>   polled → unstructured_events.csv
[2026-06-20T04:09:14+07:00] pg         <good>   polled → pg_events.csv
[2026-06-20T04:09:14+07:00] mongo      <good>   polled → mongo_events.csv
[2026-06-20T04:09:14+07:00] unstr      <good>   polled → unstructured_events.csv
[2026-06-20T04:09:24+07:00] pg         <good>   polled → pg_events.csv
[2026-06-20T04:09:25+07:00] mongo      <good>   polled → mongo_events.csv
[2026-06-20T04:09:25+07:00] unstr      <good>   polled → unstructured_events.csv
[2026-06-20T04:09:35+07:00] pg         <good>   polled → pg_events.csv
[2026-06-20T04:09:36+07:00] mongo      <good>   polled → mongo_events.csv
[2026-06-20T04:09:36+07:00] unstr      <good>   polled → unstructured_events.csv
[2026-06-20T04:09:46+07:00] pg         <good>   polled → pg_events.csv
[2026-06-20T04:09:47+07:00] mongo      <good>   polled → mongo_events.csv
[2026-06-20T04:09:47+07:00] unstr      <good>   polled → unstructured_events.csv
[2026-06-20T04:09:57+07:00] pg         <good>   polled → pg_events.csv
[2026-06-20T04:09:58+07:00] mongo      <good>   polled → mongo_events.csv
[2026-06-20T04:09:58+07:00] unstr      <good>   polled → unstructured_events.csv
[2026-06-20T04:10:08+07:00] pg         <good>   polled → pg_events.csv
[2026-06-20T04:10:09+07:00] mongo      <good>   polled → mongo_events.csv
[2026-06-20T04:10:09+07:00] unstr      <good>   polled → unstructured_events.csv
[2026-06-20T04:10:19+07:00] pg         <good>   polled → pg_events.csv
[2026-06-20T04:10:20+07:00] mongo      <good>   polled → mongo_events.csv
[2026-06-20T04:10:20+07:00] unstr      <good>   polled → unstructured_events.csv
[2026-06-20T04:10:30+07:00] pg         <good>   polled → pg_events.csv
[2026-06-20T04:10:31+07:00] mongo      <good>   polled → mongo_events.csv
[2026-06-20T04:10:31+07:00] unstr      <good>   polled → unstructured_events.csv
[2026-06-20T04:10:41+07:00] pg         <good>   polled → pg_events.csv
[2026-06-20T04:10:42+07:00] mongo      <good>   polled → mongo_events.csv
[2026-06-20T04:10:42+07:00] unstr      <good>   polled → unstructured_events.csv
[2026-06-20T04:10:52+07:00] pg         <good>   polled → pg_events.csv
[2026-06-20T04:10:53+07:00] mongo      <good>   polled → mongo_events.csv
[2026-06-20T04:10:53+07:00] unstr      <good>   polled → unstructured_events.csv
[2026-06-20T04:11:03+07:00] pg         <good>   polled → pg_events.csv
[2026-06-20T04:11:04+07:00] mongo      <good>   polled → mongo_events.csv
[2026-06-20T04:11:04+07:00] unstr      <good>   polled → unstructured_events.csv
[2026-06-20T04:11:14+07:00] pg         <good>   polled → pg_events.csv
[2026-06-20T04:11:15+07:00] mongo      <good>   polled → mongo_events.csv
[2026-06-20T04:11:15+07:00] unstr      <good>   polled → unstructured_events.csv
[2026-06-20T04:11:25+07:00] pg         <good>   polled → pg_events.csv
[2026-06-20T04:11:26+07:00] mongo      <good>   polled → mongo_events.csv
[2026-06-20T04:11:26+07:00] unstr      <good>   polled → unstructured_events.csv
[2026-06-20T04:11:36+07:00] pg         <good>   polled → pg_events.csv
[2026-06-20T04:11:37+07:00] mongo      <good>   polled → mongo_events.csv
[2026-06-20T04:11:37+07:00] unstr      <good>   polled → unstructured_events.csv
[2026-06-20T04:11:47+07:00] pg         <good>   polled → pg_events.csv
[2026-06-20T04:11:48+07:00] mongo      <good>   polled → mongo_events.csv
[2026-06-20T04:11:48+07:00] unstr      <good>   polled → unstructured_events.csv
[2026-06-20T04:11:58+07:00] pg         <good>   polled → pg_events.csv
[2026-06-20T04:11:59+07:00] mongo      <good>   polled → mongo_events.csv
[2026-06-20T04:11:59+07:00] unstr      <good>   polled → unstructured_events.csv
[2026-06-20T04:12:09+07:00] pg         <good>   polled → pg_events.csv
[2026-06-20T04:12:09+07:00] mongo      <good>   polled → mongo_events.csv
[2026-06-20T04:12:09+07:00] unstr      <good>   polled → unstructured_events.csv
[2026-06-20T04:12:20+07:00] pg         <good>   polled → pg_events.csv
[2026-06-20T04:12:20+07:00] mongo      <good>   polled → mongo_events.csv
[2026-06-20T04:12:20+07:00] unstr      <good>   polled → unstructured_events.csv
[2026-06-20T04:12:30+07:00] pg         <good>   polled → pg_events.csv
[2026-06-20T04:12:31+07:00] mongo      <good>   polled → mongo_events.csv
[2026-06-20T04:12:31+07:00] unstr      <good>   polled → unstructured_events.csv
[2026-06-20T04:12:41+07:00] pg         <good>   polled → pg_events.csv
[2026-06-20T04:12:42+07:00] mongo      <good>   polled → mongo_events.csv
[2026-06-20T04:12:42+07:00] unstr      <good>   polled → unstructured_events.csv
[2026-06-20T04:12:52+07:00] pg         <good>   polled → pg_events.csv
[2026-06-20T04:12:53+07:00] mongo      <good>   polled → mongo_events.csv
[2026-06-20T04:12:53+07:00] unstr      <good>   polled → unstructured_events.csv
[2026-06-20T04:13:03+07:00] pg         <good>   polled → pg_events.csv
[2026-06-20T04:13:04+07:00] mongo      <good>   polled → mongo_events.csv
[2026-06-20T04:13:04+07:00] unstr      <good>   polled → unstructured_events.csv
[2026-06-20T04:13:14+07:00] pg         <good>   polled → pg_events.csv
[2026-06-20T04:13:15+07:00] mongo      <good>   polled → mongo_events.csv
[2026-06-20T04:13:15+07:00] unstr      <good>   polled → unstructured_events.csv
[2026-06-20T04:13:25+07:00] pg         <good>   polled → pg_events.csv
[2026-06-20T04:13:26+07:00] mongo      <good>   polled → mongo_events.csv
[2026-06-20T04:13:26+07:00] unstr      <good>   polled → unstructured_events.csv
[2026-06-20T04:13:36+07:00] pg         <good>   polled → pg_events.csv
[2026-06-20T04:13:37+07:00] mongo      <good>   polled → mongo_events.csv
[2026-06-20T04:13:37+07:00] unstr      <good>   polled → unstructured_events.csv
[2026-06-20T04:13:47+07:00] pg         <good>   polled → pg_events.csv
[2026-06-20T04:13:48+07:00] mongo      <good>   polled → mongo_events.csv
[2026-06-20T04:13:48+07:00] unstr      <good>   polled → unstructured_events.csv
[2026-06-20T04:13:58+07:00] pg         <good>   polled → pg_events.csv
[2026-06-20T04:13:58+07:00] mongo      <good>   polled → mongo_events.csv
[2026-06-20T04:13:58+07:00] unstr      <good>   polled → unstructured_events.csv
[2026-06-20T04:14:09+07:00] pg         <good>   polled → pg_events.csv
[2026-06-20T04:14:09+07:00] mongo      <good>   polled → mongo_events.csv
[2026-06-20T04:14:09+07:00] unstr      <good>   polled → unstructured_events.csv
[2026-06-20T04:14:19+07:00] pg         <good>   polled → pg_events.csv
[2026-06-20T04:14:20+07:00] mongo      <good>   polled → mongo_events.csv
[2026-06-20T04:14:20+07:00] unstr      <good>   polled → unstructured_events.csv
[2026-06-20T04:14:30+07:00] pg         <good>   polled → pg_events.csv
[2026-06-20T04:14:31+07:00] mongo      <good>   polled → mongo_events.csv
[2026-06-20T04:14:31+07:00] unstr      <good>   polled → unstructured_events.csv
[2026-06-20T04:14:41+07:00] pg         <good>   polled → pg_events.csv
[2026-06-20T04:14:42+07:00] mongo      <good>   polled → mongo_events.csv
[2026-06-20T04:14:42+07:00] unstr      <good>   polled → unstructured_events.csv
[2026-06-20T04:14:52+07:00] pg         <good>   polled → pg_events.csv
[2026-06-20T04:14:53+07:00] mongo      <good>   polled → mongo_events.csv
[2026-06-20T04:14:53+07:00] unstr      <good>   polled → unstructured_events.csv
[2026-06-20T04:15:03+07:00] pg         <good>   polled → pg_events.csv
[2026-06-20T04:15:04+07:00] mongo      <good>   polled → mongo_events.csv
[2026-06-20T04:15:04+07:00] unstr      <good>   polled → unstructured_events.csv
[2026-06-20T04:15:14+07:00] pg         <good>   polled → pg_events.csv
[2026-06-20T04:15:15+07:00] mongo      <good>   polled → mongo_events.csv
[2026-06-20T04:15:15+07:00] unstr      <good>   polled → unstructured_events.csv
[2026-06-20T04:15:25+07:00] pg         <good>   polled → pg_events.csv
[2026-06-20T04:15:26+07:00] mongo      <good>   polled → mongo_events.csv
[2026-06-20T04:15:26+07:00] unstr      <good>   polled → unstructured_events.csv
[2026-06-20T04:15:36+07:00] pg         <good>   polled → pg_events.csv
[2026-06-20T04:15:37+07:00] mongo      <good>   polled → mongo_events.csv
[2026-06-20T04:15:37+07:00] unstr      <good>   polled → unstructured_events.csv
[2026-06-20T04:15:47+07:00] pg         <good>   polled → pg_events.csv
[2026-06-20T04:15:48+07:00] mongo      <good>   polled → mongo_events.csv
[2026-06-20T04:15:48+07:00] unstr      <good>   polled → unstructured_events.csv
[2026-06-20T04:15:58+07:00] pg         <good>   polled → pg_events.csv
[2026-06-20T04:15:59+07:00] mongo      <good>   polled → mongo_events.csv
[2026-06-20T04:15:59+07:00] unstr      <good>   polled → unstructured_events.csv
[2026-06-20T04:16:09+07:00] pg         <good>   polled → pg_events.csv
[2026-06-20T04:16:09+07:00] mongo      <good>   polled → mongo_events.csv
[2026-06-20T04:16:09+07:00] unstr      <good>   polled → unstructured_events.csv
[2026-06-20T04:16:20+07:00] pg         <good>   polled → pg_events.csv
[2026-06-20T04:16:20+07:00] mongo      <good>   polled → mongo_events.csv
[2026-06-20T04:16:20+07:00] unstr      <good>   polled → unstructured_events.csv
[2026-06-20T04:16:31+07:00] pg         <good>   polled → pg_events.csv
[2026-06-20T04:16:31+07:00] mongo      <good>   polled → mongo_events.csv
[2026-06-20T04:16:31+07:00] unstr      <good>   polled → unstructured_events.csv
[2026-06-20T04:16:41+07:00] pg         <good>   polled → pg_events.csv
[2026-06-20T04:16:42+07:00] mongo      <good>   polled → mongo_events.csv
[2026-06-20T04:16:42+07:00] unstr      <good>   polled → unstructured_events.csv
[2026-06-20T04:16:52+07:00] pg         <good>   polled → pg_events.csv
[2026-06-20T04:16:53+07:00] mongo      <good>   polled → mongo_events.csv
[2026-06-20T04:16:53+07:00] unstr      <good>   polled → unstructured_events.csv
[2026-06-20T04:17:03+07:00] pg         <good>   polled → pg_events.csv
[2026-06-20T04:17:04+07:00] mongo      <good>   polled → mongo_events.csv
[2026-06-20T04:17:04+07:00] unstr      <good>   polled → unstructured_events.csv
[2026-06-20T04:17:14+07:00] pg         <good>   polled → pg_events.csv
[2026-06-20T04:17:15+07:00] mongo      <good>   polled → mongo_events.csv
[2026-06-20T04:17:15+07:00] unstr      <good>   polled → unstructured_events.csv
[2026-06-20T04:17:25+07:00] pg         <good>   polled → pg_events.csv
[2026-06-20T04:17:26+07:00] mongo      <good>   polled → mongo_events.csv
[2026-06-20T04:17:26+07:00] unstr      <good>   polled → unstructured_events.csv
[2026-06-20T04:17:36+07:00] pg         <good>   polled → pg_events.csv
[2026-06-20T04:17:37+07:00] mongo      <good>   polled → mongo_events.csv
[2026-06-20T04:17:37+07:00] unstr      <good>   polled → unstructured_events.csv
[2026-06-20T04:17:47+07:00] pg         <good>   polled → pg_events.csv
[2026-06-20T04:17:48+07:00] mongo      <good>   polled → mongo_events.csv
[2026-06-20T04:17:48+07:00] unstr      <good>   polled → unstructured_events.csv
[2026-06-20T04:17:58+07:00] pg         <good>   polled → pg_events.csv
[2026-06-20T04:17:59+07:00] mongo      <good>   polled → mongo_events.csv
[2026-06-20T04:17:59+07:00] unstr      <good>   polled → unstructured_events.csv
[2026-06-20T04:18:09+07:00] pg         <good>   polled → pg_events.csv
[2026-06-20T04:18:10+07:00] mongo      <good>   polled → mongo_events.csv
[2026-06-20T04:18:10+07:00] unstr      <good>   polled → unstructured_events.csv
[2026-06-20T04:18:20+07:00] pg         <good>   polled → pg_events.csv
[2026-06-20T04:18:21+07:00] mongo      <good>   polled → mongo_events.csv
[2026-06-20T04:18:21+07:00] unstr      <good>   polled → unstructured_events.csv
[2026-06-20T04:18:31+07:00] pg         <good>   polled → pg_events.csv
[2026-06-20T04:18:31+07:00] mongo      <good>   polled → mongo_events.csv
[2026-06-20T04:18:31+07:00] unstr      <good>   polled → unstructured_events.csv
[2026-06-20T04:18:41+07:00] pg         <good>   polled → pg_events.csv
[2026-06-20T04:18:42+07:00] mongo      <good>   polled → mongo_events.csv
[2026-06-20T04:18:42+07:00] unstr      <good>   polled → unstructured_events.csv
[2026-06-20T04:18:52+07:00] pg         <good>   polled → pg_events.csv
[2026-06-20T04:18:53+07:00] mongo      <good>   polled → mongo_events.csv
[2026-06-20T04:18:53+07:00] unstr      <good>   polled → unstructured_events.csv
[2026-06-20T04:19:03+07:00] pg         <good>   polled → pg_events.csv
[2026-06-20T04:19:04+07:00] mongo      <good>   polled → mongo_events.csv
[2026-06-20T04:19:04+07:00] unstr      <good>   polled → unstructured_events.csv
[2026-06-20T04:19:14+07:00] pg         <good>   polled → pg_events.csv
[2026-06-20T04:19:15+07:00] mongo      <good>   polled → mongo_events.csv
[2026-06-20T04:19:15+07:00] unstr      <good>   polled → unstructured_events.csv
[2026-06-20T04:19:25+07:00] pg         <good>   polled → pg_events.csv
[2026-06-20T04:19:26+07:00] mongo      <good>   polled → mongo_events.csv
[2026-06-20T04:19:26+07:00] unstr      <good>   polled → unstructured_events.csv
[2026-06-20T04:19:36+07:00] pg         <good>   polled → pg_events.csv
[2026-06-20T04:19:37+07:00] mongo      <good>   polled → mongo_events.csv
[2026-06-20T04:19:37+07:00] unstr      <good>   polled → unstructured_events.csv
[2026-06-20T04:19:47+07:00] pg         <good>   polled → pg_events.csv
[2026-06-20T04:19:48+07:00] mongo      <good>   polled → mongo_events.csv
[2026-06-20T04:19:48+07:00] unstr      <good>   polled → unstructured_events.csv
[2026-06-20T04:19:58+07:00] pg         <good>   polled → pg_events.csv
[2026-06-20T04:19:59+07:00] mongo      <good>   polled → mongo_events.csv
[2026-06-20T04:19:59+07:00] unstr      <good>   polled → unstructured_events.csv
[2026-06-20T04:20:09+07:00] pg         <good>   polled → pg_events.csv
[2026-06-20T04:20:10+07:00] mongo      <good>   polled → mongo_events.csv
[2026-06-20T04:20:10+07:00] unstr      <good>   polled → unstructured_events.csv
[2026-06-20T04:20:19+0700] main       <info>   ──────────────────────────────────────────────────────
[2026-06-20T04:20:19+0700] main       <info>   Cycle #8 starting
[2026-06-20T04:20:19+07:00] main       <info>   starting cycle=20260620_042019 at=2026-06-20T04:20:19.330032+07:00
[2026-06-20T04:20:19+07:00] main       <info>   output_root=/home/primary/data/backup-cycles
[2026-06-20T04:20:19+07:00] main       <info>   staging_root=/home/primary/data/backup-staging
[2026-06-20T04:20:19+07:00] main       <info>   state_db=/home/primary/data/backup-metadata/pfc_index.db
[2026-06-20T04:20:19+07:00] main       <info>   retention max_cycles=30 max_bytes=50.00 GiB cycle_cap=10.00 GiB
[2026-06-20T04:20:19+07:00] main       <info>   chain_version=chain-v2 versioned_cycles_root=/home/primary/data/backup-cycles/chain-v2
[2026-06-20T04:20:19+07:00] main       <info>   last_cycle_ts=1781902816 (2026-06-20T04:00:16+07:00)
[2026-06-20T04:20:20+07:00] pg         <good>   polled → pg_events.csv
[2026-06-20T04:20:21+07:00] mongo      <good>   polled → mongo_events.csv
[2026-06-20T04:20:21+07:00] unstr      <good>   polled → unstructured_events.csv
[2026-06-20T04:20:31+07:00] pg         <good>   polled → pg_events.csv
[2026-06-20T04:20:32+07:00] mongo      <good>   polled → mongo_events.csv
[2026-06-20T04:20:32+07:00] unstr      <good>   polled → unstructured_events.csv
[2026-06-20T04:20:33+07:00] pfc        <info>   chain changed (was chain-v1, now chain-v2), taking unstructured basebackup
[2026-06-20T04:20:42+07:00] pg         <good>   polled → pg_events.csv
[2026-06-20T04:20:43+07:00] mongo      <good>   polled → mongo_events.csv
[2026-06-20T04:20:43+07:00] unstr      <good>   polled → unstructured_events.csv
[2026-06-20T04:20:53+07:00] pg         <good>   polled → pg_events.csv
[2026-06-20T04:20:55+07:00] mongo      <good>   polled → mongo_events.csv
[2026-06-20T04:20:55+07:00] unstr      <good>   polled → unstructured_events.csv
[2026-06-20T04:21:00+07:00] pfc        <good>   basebackup done bytes=540.05 MiB elapsed=26.38s
[2026-06-20T04:21:02+07:00] mongo      <good>   oplog compressed raw=2.03 MiB stored=83.28 KiB ratio=0.040 elapsed=0.03s
[2026-06-20T04:21:02+07:00] fixtures   <good>   seeded target=/home/primary/data/unstructured/fixtures copied=0 skipped=25 bytes=0 elapsed=0.00s
[2026-06-20T04:21:04+07:00] main       <info>   staging_size=558.31 MiB checked_in=0.00s
[2026-06-20T04:21:05+07:00] main       <good>   wrote checksums=/home/primary/data/backup-staging/cycle_20260620_042019.tmp/checksums.sha256
[2026-06-20T04:21:05+07:00] main       <good>   finalized dir elapsed=0.00s
[2026-06-20T04:21:05+07:00] pg         <good>   polled → pg_events.csv
[2026-06-20T04:21:06+07:00] mongo      <good>   polled → mongo_events.csv
[2026-06-20T04:21:06+07:00] unstr      <good>   polled → unstructured_events.csv
[2026-06-20T04:21:07+07:00] verify     <good>   ok elapsed=1.85s
[2026-06-20T04:21:07+07:00] pg         <info>   state pg_last_wal_fname=000000010000000000000023
[2026-06-20T04:21:07+07:00] main       <info>   retention elapsed=0.00s
[2026-06-20T04:21:07+07:00] transfer   <info>   pushing to 1 destination(s) as 'chain-v2/20260620_042019': ['recovery@192.168.10.129:/home/recovery/local-backup/incoming']
[2026-06-20T04:21:13+07:00] transfer   <good>   all 1 destination(s) OK elapsed=6.15s
[2026-06-20T04:21:13+07:00] main       <info>   Deleting local cycle since it was transferred: /home/primary/data/backup-cycles/chain-v2/20260620_042019
[2026-06-20T04:21:13+07:00] main       <info>   cycle_summary: wal_files=7 (0 B), pfc_chunks=56 (stored=12.56 MiB, raw=37.26 MiB), cycle_stored=558.35 MiB chain=chain-v2
[2026-06-20T04:21:13+07:00] main       <good>   completed cycle=20260620_042019 chain=chain-v2 elapsed=54.29s
[2026-06-20T04:21:13+0700] main       <good>   Cycle #8 completed OK
[2026-06-20T04:21:13+0700] main       <info>   Sleeping 20m until next cycle …
[2026-06-20T04:21:17+07:00] pg         <good>   polled → pg_events.csv
[2026-06-20T04:21:17+07:00] mongo      <good>   polled → mongo_events.csv
[2026-06-20T04:21:17+07:00] unstr      <good>   polled → unstructured_events.csv
[2026-06-20T04:21:27+07:00] pg         <good>   polled → pg_events.csv
[2026-06-20T04:21:28+07:00] mongo      <good>   polled → mongo_events.csv
[2026-06-20T04:21:28+07:00] unstr      <good>   polled → unstructured_events.csv
[2026-06-20T04:21:39+07:00] pg         <good>   polled → pg_events.csv
[2026-06-20T04:21:39+07:00] mongo      <good>   polled → mongo_events.csv
[2026-06-20T04:21:39+07:00] unstr      <good>   polled → unstructured_events.csv
[2026-06-20T04:21:50+07:00] pg         <good>   polled → pg_events.csv
[2026-06-20T04:21:50+07:00] mongo      <good>   polled → mongo_events.csv
[2026-06-20T04:21:50+07:00] unstr      <good>   polled → unstructured_events.csv
[2026-06-20T04:22:01+07:00] pg         <good>   polled → pg_events.csv
[2026-06-20T04:22:01+07:00] mongo      <good>   polled → mongo_events.csv
[2026-06-20T04:22:01+07:00] unstr      <good>   polled → unstructured_events.csv
[2026-06-20T04:22:12+07:00] pg         <good>   polled → pg_events.csv
[2026-06-20T04:22:12+07:00] mongo      <good>   polled → mongo_events.csv
[2026-06-20T04:22:12+07:00] unstr      <good>   polled → unstructured_events.csv
[2026-06-20T04:22:23+07:00] pg         <good>   polled → pg_events.csv
[2026-06-20T04:22:24+07:00] mongo      <good>   polled → mongo_events.csv
[2026-06-20T04:22:24+07:00] unstr      <good>   polled → unstructured_events.csv
[2026-06-20T04:22:34+07:00] pg         <good>   polled → pg_events.csv
[2026-06-20T04:22:35+07:00] mongo      <good>   polled → mongo_events.csv
[2026-06-20T04:22:35+07:00] unstr      <good>   polled → unstructured_events.csv
[2026-06-20T04:22:45+07:00] pg         <good>   polled → pg_events.csv
[2026-06-20T04:22:46+07:00] mongo      <good>   polled → mongo_events.csv
[2026-06-20T04:22:46+07:00] unstr      <good>   polled → unstructured_events.csv
[2026-06-20T04:22:56+07:00] pg         <good>   polled → pg_events.csv
[2026-06-20T04:22:57+07:00] mongo      <good>   polled → mongo_events.csv
[2026-06-20T04:22:57+07:00] unstr      <good>   polled → unstructured_events.csv
[2026-06-20T04:23:07+07:00] pg         <good>   polled → pg_events.csv
[2026-06-20T04:23:08+07:00] mongo      <good>   polled → mongo_events.csv
[2026-06-20T04:23:08+07:00] unstr      <good>   polled → unstructured_events.csv
[2026-06-20T04:23:18+07:00] pg         <good>   polled → pg_events.csv
[2026-06-20T04:23:19+07:00] mongo      <good>   polled → mongo_events.csv
[2026-06-20T04:23:19+07:00] unstr      <good>   polled → unstructured_events.csv
[2026-06-20T04:23:29+07:00] pg         <good>   polled → pg_events.csv
[2026-06-20T04:23:30+07:00] mongo      <good>   polled → mongo_events.csv
[2026-06-20T04:23:30+07:00] unstr      <good>   polled → unstructured_events.csv
[2026-06-20T04:23:40+07:00] pg         <good>   polled → pg_events.csv
[2026-06-20T04:23:41+07:00] mongo      <good>   polled → mongo_events.csv
[2026-06-20T04:23:41+07:00] unstr      <good>   polled → unstructured_events.csv
[2026-06-20T04:23:51+07:00] pg         <good>   polled → pg_events.csv
[2026-06-20T04:23:52+07:00] mongo      <good>   polled → mongo_events.csv
[2026-06-20T04:23:52+07:00] unstr      <good>   polled → unstructured_events.csv
[2026-06-20T04:24:02+07:00] pg         <good>   polled → pg_events.csv
[2026-06-20T04:24:03+07:00] mongo      <good>   polled → mongo_events.csv
[2026-06-20T04:24:03+07:00] unstr      <good>   polled → unstructured_events.csv
[2026-06-20T04:24:13+07:00] pg         <good>   polled → pg_events.csv
[2026-06-20T04:24:14+07:00] mongo      <good>   polled → mongo_events.csv
[2026-06-20T04:24:14+07:00] unstr      <good>   polled → unstructured_events.csv
[2026-06-20T04:24:24+07:00] pg         <good>   polled → pg_events.csv
[2026-06-20T04:24:25+07:00] mongo      <good>   polled → mongo_events.csv
[2026-06-20T04:24:25+07:00] unstr      <good>   polled → unstructured_events.csv
[2026-06-20T04:24:35+07:00] pg         <good>   polled → pg_events.csv
[2026-06-20T04:24:36+07:00] mongo      <good>   polled → mongo_events.csv
[2026-06-20T04:24:36+07:00] unstr      <good>   polled → unstructured_events.csv
[2026-06-20T04:24:46+07:00] pg         <good>   polled → pg_events.csv
[2026-06-20T04:24:47+07:00] mongo      <good>   polled → mongo_events.csv
[2026-06-20T04:24:47+07:00] unstr      <good>   polled → unstructured_events.csv
[2026-06-20T04:24:57+07:00] pg         <good>   polled → pg_events.csv
[2026-06-20T04:24:58+07:00] mongo      <good>   polled → mongo_events.csv
[2026-06-20T04:24:58+07:00] unstr      <good>   polled → unstructured_events.csv
[2026-06-20T04:25:08+07:00] pg         <good>   polled → pg_events.csv
[2026-06-20T04:25:09+07:00] mongo      <good>   polled → mongo_events.csv
[2026-06-20T04:25:09+07:00] unstr      <good>   polled → unstructured_events.csv
[2026-06-20T04:25:19+07:00] pg         <good>   polled → pg_events.csv
[2026-06-20T04:25:20+07:00] mongo      <good>   polled → mongo_events.csv
[2026-06-20T04:25:20+07:00] unstr      <good>   polled → unstructured_events.csv
[2026-06-20T04:25:30+07:00] pg         <good>   polled → pg_events.csv
[2026-06-20T04:25:31+07:00] mongo      <good>   polled → mongo_events.csv
[2026-06-20T04:25:31+07:00] unstr      <good>   polled → unstructured_events.csv
[2026-06-20T04:25:41+07:00] pg         <good>   polled → pg_events.csv
[2026-06-20T04:25:42+07:00] mongo      <good>   polled → mongo_events.csv
[2026-06-20T04:25:42+07:00] unstr      <good>   polled → unstructured_events.csv
[2026-06-20T04:25:52+07:00] pg         <good>   polled → pg_events.csv
[2026-06-20T04:25:53+07:00] mongo      <good>   polled → mongo_events.csv
[2026-06-20T04:25:53+07:00] unstr      <good>   polled → unstructured_events.csv
[2026-06-20T04:26:03+07:00] pg         <good>   polled → pg_events.csv
[2026-06-20T04:26:04+07:00] mongo      <good>   polled → mongo_events.csv
[2026-06-20T04:26:04+07:00] unstr      <good>   polled → unstructured_events.csv
[2026-06-20T04:26:14+07:00] pg         <good>   polled → pg_events.csv
[2026-06-20T04:26:15+07:00] mongo      <good>   polled → mongo_events.csv
[2026-06-20T04:26:15+07:00] unstr      <good>   polled → unstructured_events.csv
[2026-06-20T04:26:25+07:00] pg         <good>   polled → pg_events.csv
[2026-06-20T04:26:26+07:00] mongo      <good>   polled → mongo_events.csv
[2026-06-20T04:26:26+07:00] unstr      <good>   polled → unstructured_events.csv
[2026-06-20T04:26:36+07:00] pg         <good>   polled → pg_events.csv
[2026-06-20T04:26:37+07:00] mongo      <good>   polled → mongo_events.csv
[2026-06-20T04:26:37+07:00] unstr      <good>   polled → unstructured_events.csv
[2026-06-20T04:26:47+07:00] pg         <good>   polled → pg_events.csv
[2026-06-20T04:26:48+07:00] mongo      <good>   polled → mongo_events.csv
[2026-06-20T04:26:48+07:00] unstr      <good>   polled → unstructured_events.csv
[2026-06-20T04:26:58+07:00] pg         <good>   polled → pg_events.csv
[2026-06-20T04:26:59+07:00] mongo      <good>   polled → mongo_events.csv
[2026-06-20T04:26:59+07:00] unstr      <good>   polled → unstructured_events.csv
[2026-06-20T04:27:09+07:00] pg         <good>   polled → pg_events.csv
[2026-06-20T04:27:10+07:00] mongo      <good>   polled → mongo_events.csv
[2026-06-20T04:27:10+07:00] unstr      <good>   polled → unstructured_events.csv
[2026-06-20T04:27:20+07:00] pg         <good>   polled → pg_events.csv
[2026-06-20T04:27:21+07:00] mongo      <good>   polled → mongo_events.csv
[2026-06-20T04:27:21+07:00] unstr      <good>   polled → unstructured_events.csv
[2026-06-20T04:27:31+07:00] pg         <good>   polled → pg_events.csv
[2026-06-20T04:27:32+07:00] mongo      <good>   polled → mongo_events.csv
[2026-06-20T04:27:32+07:00] unstr      <good>   polled → unstructured_events.csv
[2026-06-20T04:27:42+07:00] pg         <good>   polled → pg_events.csv
[2026-06-20T04:27:43+07:00] mongo      <good>   polled → mongo_events.csv
[2026-06-20T04:27:43+07:00] unstr      <good>   polled → unstructured_events.csv
[2026-06-20T04:27:53+07:00] pg         <good>   polled → pg_events.csv
[2026-06-20T04:27:54+07:00] mongo      <good>   polled → mongo_events.csv
[2026-06-20T04:27:54+07:00] unstr      <good>   polled → unstructured_events.csv
[2026-06-20T04:28:04+07:00] pg         <good>   polled → pg_events.csv
[2026-06-20T04:28:05+07:00] mongo      <good>   polled → mongo_events.csv
[2026-06-20T04:28:05+07:00] unstr      <good>   polled → unstructured_events.csv
[2026-06-20T04:28:15+07:00] pg         <good>   polled → pg_events.csv
[2026-06-20T04:28:16+07:00] mongo      <good>   polled → mongo_events.csv
[2026-06-20T04:28:16+07:00] unstr      <good>   polled → unstructured_events.csv
[2026-06-20T04:28:26+07:00] pg         <good>   polled → pg_events.csv
[2026-06-20T04:28:26+07:00] mongo      <good>   polled → mongo_events.csv
[2026-06-20T04:28:26+07:00] unstr      <good>   polled → unstructured_events.csv
[2026-06-20T04:28:37+07:00] pg         <good>   polled → pg_events.csv
[2026-06-20T04:28:37+07:00] mongo      <good>   polled → mongo_events.csv
[2026-06-20T04:28:37+07:00] unstr      <good>   polled → unstructured_events.csv
[2026-06-20T04:28:47+07:00] pg         <good>   polled → pg_events.csv
[2026-06-20T04:28:48+07:00] mongo      <good>   polled → mongo_events.csv
[2026-06-20T04:28:48+07:00] unstr      <good>   polled → unstructured_events.csv
[2026-06-20T04:28:58+07:00] pg         <good>   polled → pg_events.csv
[2026-06-20T04:28:59+07:00] mongo      <good>   polled → mongo_events.csv
[2026-06-20T04:28:59+07:00] unstr      <good>   polled → unstructured_events.csv
[2026-06-20T04:29:09+07:00] pg         <good>   polled → pg_events.csv
[2026-06-20T04:29:10+07:00] mongo      <good>   polled → mongo_events.csv
[2026-06-20T04:29:10+07:00] unstr      <good>   polled → unstructured_events.csv
[2026-06-20T04:29:21+07:00] pg         <good>   polled → pg_events.csv
[2026-06-20T04:29:21+07:00] mongo      <good>   polled → mongo_events.csv
[2026-06-20T04:29:21+07:00] unstr      <good>   polled → unstructured_events.csv
[2026-06-20T04:29:32+07:00] pg         <good>   polled → pg_events.csv
[2026-06-20T04:29:32+07:00] mongo      <good>   polled → mongo_events.csv
[2026-06-20T04:29:32+07:00] unstr      <good>   polled → unstructured_events.csv
[2026-06-20T04:29:42+07:00] pg         <good>   polled → pg_events.csv
[2026-06-20T04:29:43+07:00] mongo      <good>   polled → mongo_events.csv
[2026-06-20T04:29:43+07:00] unstr      <good>   polled → unstructured_events.csv
[2026-06-20T04:29:53+07:00] pg         <good>   polled → pg_events.csv
[2026-06-20T04:29:54+07:00] mongo      <good>   polled → mongo_events.csv
[2026-06-20T04:29:54+07:00] unstr      <good>   polled → unstructured_events.csv
[2026-06-20T04:30:04+07:00] pg         <good>   polled → pg_events.csv
[2026-06-20T04:30:05+07:00] mongo      <good>   polled → mongo_events.csv
[2026-06-20T04:30:05+07:00] unstr      <good>   polled → unstructured_events.csv
[2026-06-20T04:30:15+07:00] pg         <good>   polled → pg_events.csv
[2026-06-20T04:30:16+07:00] mongo      <good>   polled → mongo_events.csv
[2026-06-20T04:30:16+07:00] unstr      <good>   polled → unstructured_events.csv
[2026-06-20T04:30:26+07:00] pg         <good>   polled → pg_events.csv
[2026-06-20T04:30:27+07:00] mongo      <good>   polled → mongo_events.csv
[2026-06-20T04:30:27+07:00] unstr      <good>   polled → unstructured_events.csv
[2026-06-20T04:30:37+07:00] pg         <good>   polled → pg_events.csv
[2026-06-20T04:30:38+07:00] mongo      <good>   polled → mongo_events.csv
[2026-06-20T04:30:38+07:00] unstr      <good>   polled → unstructured_events.csv
[2026-06-20T04:30:48+07:00] pg         <good>   polled → pg_events.csv
[2026-06-20T04:30:49+07:00] mongo      <good>   polled → mongo_events.csv
[2026-06-20T04:30:49+07:00] unstr      <good>   polled → unstructured_events.csv
[2026-06-20T04:30:59+07:00] pg         <good>   polled → pg_events.csv
[2026-06-20T04:31:00+07:00] mongo      <good>   polled → mongo_events.csv
[2026-06-20T04:31:00+07:00] unstr      <good>   polled → unstructured_events.csv
[2026-06-20T04:31:10+07:00] pg         <good>   polled → pg_events.csv
[2026-06-20T04:31:11+07:00] mongo      <good>   polled → mongo_events.csv
[2026-06-20T04:31:11+07:00] unstr      <good>   polled → unstructured_events.csv
[2026-06-20T04:31:21+07:00] pg         <good>   polled → pg_events.csv
[2026-06-20T04:31:22+07:00] mongo      <good>   polled → mongo_events.csv
[2026-06-20T04:31:22+07:00] unstr      <good>   polled → unstructured_events.csv
[2026-06-20T04:31:32+07:00] pg         <good>   polled → pg_events.csv
[2026-06-20T04:31:32+07:00] mongo      <good>   polled → mongo_events.csv
[2026-06-20T04:31:32+07:00] unstr      <good>   polled → unstructured_events.csv
[2026-06-20T04:31:43+07:00] pg         <good>   polled → pg_events.csv
[2026-06-20T04:31:43+07:00] mongo      <good>   polled → mongo_events.csv
[2026-06-20T04:31:43+07:00] unstr      <good>   polled → unstructured_events.csv
[2026-06-20T04:31:54+07:00] pg         <good>   polled → pg_events.csv
[2026-06-20T04:31:54+07:00] mongo      <good>   polled → mongo_events.csv
[2026-06-20T04:31:54+07:00] unstr      <good>   polled → unstructured_events.csv
[2026-06-20T04:32:04+07:00] pg         <good>   polled → pg_events.csv
[2026-06-20T04:32:05+07:00] mongo      <good>   polled → mongo_events.csv
[2026-06-20T04:32:05+07:00] unstr      <good>   polled → unstructured_events.csv
[2026-06-20T04:32:15+07:00] pg         <good>   polled → pg_events.csv
[2026-06-20T04:32:16+07:00] mongo      <good>   polled → mongo_events.csv
[2026-06-20T04:32:16+07:00] unstr      <good>   polled → unstructured_events.csv
[2026-06-20T04:32:26+07:00] pg         <good>   polled → pg_events.csv
[2026-06-20T04:32:27+07:00] mongo      <good>   polled → mongo_events.csv
[2026-06-20T04:32:27+07:00] unstr      <good>   polled → unstructured_events.csv
[2026-06-20T04:32:37+07:00] pg         <good>   polled → pg_events.csv
[2026-06-20T04:32:38+07:00] mongo      <good>   polled → mongo_events.csv
[2026-06-20T04:32:38+07:00] unstr      <good>   polled → unstructured_events.csv
[2026-06-20T04:32:48+07:00] pg         <good>   polled → pg_events.csv
[2026-06-20T04:32:49+07:00] mongo      <good>   polled → mongo_events.csv
[2026-06-20T04:32:49+07:00] unstr      <good>   polled → unstructured_events.csv
[2026-06-20T04:32:59+07:00] pg         <good>   polled → pg_events.csv
[2026-06-20T04:33:00+07:00] mongo      <good>   polled → mongo_events.csv
[2026-06-20T04:33:00+07:00] unstr      <good>   polled → unstructured_events.csv
[2026-06-20T04:33:10+07:00] pg         <good>   polled → pg_events.csv
[2026-06-20T04:33:11+07:00] mongo      <good>   polled → mongo_events.csv
[2026-06-20T04:33:11+07:00] unstr      <good>   polled → unstructured_events.csv
[2026-06-20T04:33:21+07:00] pg         <good>   polled → pg_events.csv
[2026-06-20T04:33:22+07:00] mongo      <good>   polled → mongo_events.csv
[2026-06-20T04:33:22+07:00] unstr      <good>   polled → unstructured_events.csv
[2026-06-20T04:33:32+07:00] pg         <good>   polled → pg_events.csv
[2026-06-20T04:33:33+07:00] mongo      <good>   polled → mongo_events.csv
[2026-06-20T04:33:33+07:00] unstr      <good>   polled → unstructured_events.csv
[2026-06-20T04:33:43+07:00] pg         <good>   polled → pg_events.csv
[2026-06-20T04:33:44+07:00] mongo      <good>   polled → mongo_events.csv
[2026-06-20T04:33:44+07:00] unstr      <good>   polled → unstructured_events.csv
[2026-06-20T04:33:54+07:00] pg         <good>   polled → pg_events.csv
[2026-06-20T04:33:55+07:00] mongo      <good>   polled → mongo_events.csv
[2026-06-20T04:33:55+07:00] unstr      <good>   polled → unstructured_events.csv
[2026-06-20T04:34:05+07:00] pg         <good>   polled → pg_events.csv
[2026-06-20T04:34:06+07:00] mongo      <good>   polled → mongo_events.csv
[2026-06-20T04:34:06+07:00] unstr      <good>   polled → unstructured_events.csv
[2026-06-20T04:34:16+07:00] pg         <good>   polled → pg_events.csv
[2026-06-20T04:34:17+07:00] mongo      <good>   polled → mongo_events.csv
[2026-06-20T04:34:17+07:00] unstr      <good>   polled → unstructured_events.csv
[2026-06-20T04:34:27+07:00] pg         <good>   polled → pg_events.csv
[2026-06-20T04:34:28+07:00] mongo      <good>   polled → mongo_events.csv
[2026-06-20T04:34:28+07:00] unstr      <good>   polled → unstructured_events.csv
[2026-06-20T04:34:38+07:00] pg         <good>   polled → pg_events.csv
[2026-06-20T04:34:38+07:00] mongo      <good>   polled → mongo_events.csv
[2026-06-20T04:34:38+07:00] unstr      <good>   polled → unstructured_events.csv
[2026-06-20T04:34:49+07:00] pg         <good>   polled → pg_events.csv
[2026-06-20T04:34:49+07:00] mongo      <good>   polled → mongo_events.csv
[2026-06-20T04:34:49+07:00] unstr      <good>   polled → unstructured_events.csv
[2026-06-20T04:34:59+07:00] pg         <good>   polled → pg_events.csv
[2026-06-20T04:35:00+07:00] mongo      <good>   polled → mongo_events.csv
[2026-06-20T04:35:00+07:00] unstr      <good>   polled → unstructured_events.csv
[2026-06-20T04:35:10+07:00] pg         <good>   polled → pg_events.csv
[2026-06-20T04:35:11+07:00] mongo      <good>   polled → mongo_events.csv
[2026-06-20T04:35:11+07:00] unstr      <good>   polled → unstructured_events.csv
[2026-06-20T04:35:21+07:00] pg         <good>   polled → pg_events.csv
[2026-06-20T04:35:22+07:00] mongo      <good>   polled → mongo_events.csv
[2026-06-20T04:35:22+07:00] unstr      <good>   polled → unstructured_events.csv
[2026-06-20T04:35:32+07:00] pg         <good>   polled → pg_events.csv
[2026-06-20T04:35:33+07:00] mongo      <good>   polled → mongo_events.csv
[2026-06-20T04:35:33+07:00] unstr      <good>   polled → unstructured_events.csv
[2026-06-20T04:35:43+07:00] pg         <good>   polled → pg_events.csv
[2026-06-20T04:35:44+07:00] mongo      <good>   polled → mongo_events.csv
[2026-06-20T04:35:44+07:00] unstr      <good>   polled → unstructured_events.csv
[2026-06-20T04:35:54+07:00] pg         <good>   polled → pg_events.csv
[2026-06-20T04:35:55+07:00] mongo      <good>   polled → mongo_events.csv
[2026-06-20T04:35:55+07:00] unstr      <good>   polled → unstructured_events.csv
[2026-06-20T04:36:05+07:00] pg         <good>   polled → pg_events.csv
[2026-06-20T04:36:06+07:00] mongo      <good>   polled → mongo_events.csv
[2026-06-20T04:36:06+07:00] unstr      <good>   polled → unstructured_events.csv
[2026-06-20T04:36:16+07:00] pg         <good>   polled → pg_events.csv
[2026-06-20T04:36:17+07:00] mongo      <good>   polled → mongo_events.csv
[2026-06-20T04:36:17+07:00] unstr      <good>   polled → unstructured_events.csv
[2026-06-20T04:36:27+07:00] pg         <good>   polled → pg_events.csv
[2026-06-20T04:36:27+07:00] mongo      <good>   polled → mongo_events.csv
[2026-06-20T04:36:27+07:00] unstr      <good>   polled → unstructured_events.csv
[2026-06-20T04:36:38+07:00] pg         <good>   polled → pg_events.csv
[2026-06-20T04:36:38+07:00] mongo      <good>   polled → mongo_events.csv
[2026-06-20T04:36:38+07:00] unstr      <good>   polled → unstructured_events.csv
[2026-06-20T04:36:49+07:00] pg         <good>   polled → pg_events.csv
[2026-06-20T04:36:49+07:00] mongo      <good>   polled → mongo_events.csv
[2026-06-20T04:36:49+07:00] unstr      <good>   polled → unstructured_events.csv
[2026-06-20T04:37:00+07:00] pg         <good>   polled → pg_events.csv
[2026-06-20T04:37:00+07:00] mongo      <good>   polled → mongo_events.csv
[2026-06-20T04:37:00+07:00] unstr      <good>   polled → unstructured_events.csv
[2026-06-20T04:37:11+07:00] pg         <good>   polled → pg_events.csv
[2026-06-20T04:37:11+07:00] mongo      <good>   polled → mongo_events.csv
[2026-06-20T04:37:11+07:00] unstr      <good>   polled → unstructured_events.csv
[2026-06-20T04:37:21+07:00] pg         <good>   polled → pg_events.csv
[2026-06-20T04:37:22+07:00] mongo      <good>   polled → mongo_events.csv
[2026-06-20T04:37:22+07:00] unstr      <good>   polled → unstructured_events.csv
[2026-06-20T04:37:32+07:00] pg         <good>   polled → pg_events.csv
[2026-06-20T04:37:33+07:00] mongo      <good>   polled → mongo_events.csv
[2026-06-20T04:37:33+07:00] unstr      <good>   polled → unstructured_events.csv
[2026-06-20T04:37:43+07:00] pg         <good>   polled → pg_events.csv
[2026-06-20T04:37:44+07:00] mongo      <good>   polled → mongo_events.csv
[2026-06-20T04:37:44+07:00] unstr      <good>   polled → unstructured_events.csv
[2026-06-20T04:37:54+07:00] pg         <good>   polled → pg_events.csv
[2026-06-20T04:37:55+07:00] mongo      <good>   polled → mongo_events.csv
[2026-06-20T04:37:55+07:00] unstr      <good>   polled → unstructured_events.csv
[2026-06-20T04:38:05+07:00] pg         <good>   polled → pg_events.csv
[2026-06-20T04:38:06+07:00] mongo      <good>   polled → mongo_events.csv
[2026-06-20T04:38:06+07:00] unstr      <good>   polled → unstructured_events.csv
[2026-06-20T04:38:16+07:00] pg         <good>   polled → pg_events.csv
[2026-06-20T04:38:17+07:00] mongo      <good>   polled → mongo_events.csv
[2026-06-20T04:38:17+07:00] unstr      <good>   polled → unstructured_events.csv
[2026-06-20T04:38:27+07:00] pg         <good>   polled → pg_events.csv
[2026-06-20T04:38:28+07:00] mongo      <good>   polled → mongo_events.csv
[2026-06-20T04:38:28+07:00] unstr      <good>   polled → unstructured_events.csv
[2026-06-20T04:38:38+07:00] pg         <good>   polled → pg_events.csv
[2026-06-20T04:38:39+07:00] mongo      <good>   polled → mongo_events.csv
[2026-06-20T04:38:39+07:00] unstr      <good>   polled → unstructured_events.csv
[2026-06-20T04:38:49+07:00] pg         <good>   polled → pg_events.csv
[2026-06-20T04:38:50+07:00] mongo      <good>   polled → mongo_events.csv
[2026-06-20T04:38:50+07:00] unstr      <good>   polled → unstructured_events.csv
[2026-06-20T04:39:00+07:00] pg         <good>   polled → pg_events.csv
[2026-06-20T04:39:01+07:00] mongo      <good>   polled → mongo_events.csv
[2026-06-20T04:39:01+07:00] unstr      <good>   polled → unstructured_events.csv
[2026-06-20T04:39:11+07:00] pg         <good>   polled → pg_events.csv
[2026-06-20T04:39:12+07:00] mongo      <good>   polled → mongo_events.csv
[2026-06-20T04:39:12+07:00] unstr      <good>   polled → unstructured_events.csv
[2026-06-20T04:39:22+07:00] pg         <good>   polled → pg_events.csv
[2026-06-20T04:39:23+07:00] mongo      <good>   polled → mongo_events.csv
[2026-06-20T04:39:23+07:00] unstr      <good>   polled → unstructured_events.csv
[2026-06-20T04:39:33+07:00] pg         <good>   polled → pg_events.csv
[2026-06-20T04:39:34+07:00] mongo      <good>   polled → mongo_events.csv
[2026-06-20T04:39:34+07:00] unstr      <good>   polled → unstructured_events.csv
[2026-06-20T04:39:44+07:00] pg         <good>   polled → pg_events.csv
[2026-06-20T04:39:45+07:00] mongo      <good>   polled → mongo_events.csv
[2026-06-20T04:39:45+07:00] unstr      <good>   polled → unstructured_events.csv
[2026-06-20T04:39:55+07:00] pg         <good>   polled → pg_events.csv
[2026-06-20T04:39:56+07:00] mongo      <good>   polled → mongo_events.csv
[2026-06-20T04:39:56+07:00] unstr      <good>   polled → unstructured_events.csv
[2026-06-20T04:40:06+07:00] pg         <good>   polled → pg_events.csv
[2026-06-20T04:40:07+07:00] mongo      <good>   polled → mongo_events.csv
[2026-06-20T04:40:07+07:00] unstr      <good>   polled → unstructured_events.csv
[2026-06-20T04:40:17+07:00] pg         <good>   polled → pg_events.csv
[2026-06-20T04:40:18+07:00] mongo      <good>   polled → mongo_events.csv
[2026-06-20T04:40:18+07:00] unstr      <good>   polled → unstructured_events.csv
[2026-06-20T04:40:29+07:00] pg         <good>   polled → pg_events.csv
[2026-06-20T04:40:30+07:00] mongo      <good>   polled → mongo_events.csv
[2026-06-20T04:40:30+07:00] unstr      <good>   polled → unstructured_events.csv
[2026-06-20T04:40:40+07:00] pg         <good>   polled → pg_events.csv
[2026-06-20T04:40:41+07:00] mongo      <good>   polled → mongo_events.csv
[2026-06-20T04:40:41+07:00] unstr      <good>   polled → unstructured_events.csv
[2026-06-20T04:40:51+07:00] pg         <good>   polled → pg_events.csv
[2026-06-20T04:40:52+07:00] mongo      <good>   polled → mongo_events.csv
[2026-06-20T04:40:52+07:00] unstr      <good>   polled → unstructured_events.csv
[2026-06-20T04:41:02+07:00] pg         <good>   polled → pg_events.csv
[2026-06-20T04:41:03+07:00] mongo      <good>   polled → mongo_events.csv
[2026-06-20T04:41:03+07:00] unstr      <good>   polled → unstructured_events.csv
[2026-06-20T04:41:13+0700] main       <info>   ──────────────────────────────────────────────────────
[2026-06-20T04:41:13+0700] main       <info>   Cycle #9 starting
[2026-06-20T04:41:13+07:00] pg         <good>   polled → pg_events.csv
[2026-06-20T04:41:13+07:00] main       <info>   starting cycle=20260620_044113 at=2026-06-20T04:41:13.945195+07:00
[2026-06-20T04:41:13+07:00] main       <info>   output_root=/home/primary/data/backup-cycles
[2026-06-20T04:41:13+07:00] main       <info>   staging_root=/home/primary/data/backup-staging
[2026-06-20T04:41:13+07:00] main       <info>   state_db=/home/primary/data/backup-metadata/pfc_index.db
[2026-06-20T04:41:13+07:00] main       <info>   retention max_cycles=30 max_bytes=50.00 GiB cycle_cap=10.00 GiB
[2026-06-20T04:41:13+07:00] main       <info>   chain_version=chain-v2 versioned_cycles_root=/home/primary/data/backup-cycles/chain-v2
[2026-06-20T04:41:13+07:00] main       <info>   last_cycle_ts=1781904067 (2026-06-20T04:21:07+07:00)
[2026-06-20T04:41:15+07:00] mongo      <good>   polled → mongo_events.csv
[2026-06-20T04:41:15+07:00] unstr      <good>   polled → unstructured_events.csv
[2026-06-20T04:41:16+07:00] mongo      <good>   oplog compressed raw=1.88 MiB stored=78.20 KiB ratio=0.041 elapsed=0.04s
[2026-06-20T04:41:16+07:00] fixtures   <good>   seeded target=/home/primary/data/unstructured/fixtures copied=0 skipped=25 bytes=0 elapsed=0.00s
[2026-06-20T04:41:19+07:00] main       <info>   staging_size=13.59 MiB checked_in=0.00s
[2026-06-20T04:41:19+07:00] main       <good>   wrote checksums=/home/primary/data/backup-staging/cycle_20260620_044113.tmp/checksums.sha256
[2026-06-20T04:41:19+07:00] main       <good>   finalized dir elapsed=0.00s
[2026-06-20T04:41:19+07:00] verify     <good>   ok elapsed=0.03s
[2026-06-20T04:41:19+07:00] pg         <info>   state pg_last_wal_fname=000000010000000000000027
[2026-06-20T04:41:19+07:00] main       <info>   retention elapsed=0.00s
[2026-06-20T04:41:19+07:00] transfer   <info>   pushing to 1 destination(s) as 'chain-v2/20260620_044113': ['recovery@192.168.10.129:/home/recovery/local-backup/incoming']
[2026-06-20T04:41:21+07:00] transfer   <good>   all 1 destination(s) OK elapsed=1.93s
[2026-06-20T04:41:21+07:00] main       <info>   Deleting local cycle since it was transferred: /home/primary/data/backup-cycles/chain-v2/20260620_044113
[2026-06-20T04:41:21+07:00] main       <info>   cycle_summary: wal_files=4 (0 B), pfc_chunks=54 (stored=11.88 MiB, raw=38.51 MiB), cycle_stored=13.63 MiB chain=chain-v2
[2026-06-20T04:41:21+07:00] main       <good>   completed cycle=20260620_044113 chain=chain-v2 elapsed=7.37s
[2026-06-20T04:41:21+0700] main       <good>   Cycle #9 completed OK
[2026-06-20T04:41:21+0700] main       <info>   Sleeping 20m until next cycle …
[2026-06-20T04:41:25+07:00] pg         <good>   polled → pg_events.csv
[2026-06-20T04:41:26+07:00] mongo      <good>   polled → mongo_events.csv
[2026-06-20T04:41:26+07:00] unstr      <good>   polled → unstructured_events.csv
[2026-06-20T04:41:36+07:00] pg         <good>   polled → pg_events.csv
[2026-06-20T04:41:37+07:00] mongo      <good>   polled → mongo_events.csv
[2026-06-20T04:41:37+07:00] unstr      <good>   polled → unstructured_events.csv
[2026-06-20T04:41:47+07:00] pg         <good>   polled → pg_events.csv
[2026-06-20T04:41:48+07:00] mongo      <good>   polled → mongo_events.csv
[2026-06-20T04:41:48+07:00] unstr      <good>   polled → unstructured_events.csv
[2026-06-20T04:41:58+07:00] pg         <good>   polled → pg_events.csv
[2026-06-20T04:41:59+07:00] mongo      <good>   polled → mongo_events.csv
[2026-06-20T04:41:59+07:00] unstr      <good>   polled → unstructured_events.csv
[2026-06-20T04:42:09+07:00] pg         <good>   polled → pg_events.csv
[2026-06-20T04:42:10+07:00] mongo      <good>   polled → mongo_events.csv
[2026-06-20T04:42:10+07:00] unstr      <good>   polled → unstructured_events.csv
[2026-06-20T04:42:20+07:00] pg         <good>   polled → pg_events.csv
[2026-06-20T04:42:21+07:00] mongo      <good>   polled → mongo_events.csv
[2026-06-20T04:42:21+07:00] unstr      <good>   polled → unstructured_events.csv
[2026-06-20T04:42:31+07:00] pg         <good>   polled → pg_events.csv
[2026-06-20T04:42:32+07:00] mongo      <good>   polled → mongo_events.csv
[2026-06-20T04:42:32+07:00] unstr      <good>   polled → unstructured_events.csv
[2026-06-20T04:42:42+07:00] pg         <good>   polled → pg_events.csv
[2026-06-20T04:42:43+07:00] mongo      <good>   polled → mongo_events.csv
[2026-06-20T04:42:43+07:00] unstr      <good>   polled → unstructured_events.csv
[2026-06-20T04:42:53+07:00] pg         <good>   polled → pg_events.csv
[2026-06-20T04:42:54+07:00] mongo      <good>   polled → mongo_events.csv
[2026-06-20T04:42:54+07:00] unstr      <good>   polled → unstructured_events.csv
[2026-06-20T04:43:04+07:00] pg         <good>   polled → pg_events.csv
[2026-06-20T04:43:05+07:00] mongo      <good>   polled → mongo_events.csv
[2026-06-20T04:43:05+07:00] unstr      <good>   polled → unstructured_events.csv
[2026-06-20T04:43:15+07:00] pg         <good>   polled → pg_events.csv
[2026-06-20T04:43:16+07:00] mongo      <good>   polled → mongo_events.csv
[2026-06-20T04:43:16+07:00] unstr      <good>   polled → unstructured_events.csv
[2026-06-20T04:43:27+07:00] pg         <good>   polled → pg_events.csv
[2026-06-20T04:43:27+07:00] mongo      <good>   polled → mongo_events.csv
[2026-06-20T04:43:27+07:00] unstr      <good>   polled → unstructured_events.csv
[2026-06-20T04:43:38+07:00] pg         <good>   polled → pg_events.csv
[2026-06-20T04:43:38+07:00] mongo      <good>   polled → mongo_events.csv
[2026-06-20T04:43:38+07:00] unstr      <good>   polled → unstructured_events.csv
[2026-06-20T04:43:49+07:00] pg         <good>   polled → pg_events.csv
[2026-06-20T04:43:50+07:00] mongo      <good>   polled → mongo_events.csv
[2026-06-20T04:43:50+07:00] unstr      <good>   polled → unstructured_events.csv
[2026-06-20T04:44:00+07:00] pg         <good>   polled → pg_events.csv
[2026-06-20T04:44:01+07:00] mongo      <good>   polled → mongo_events.csv
[2026-06-20T04:44:01+07:00] unstr      <good>   polled → unstructured_events.csv
[2026-06-20T04:44:11+07:00] pg         <good>   polled → pg_events.csv
[2026-06-20T04:44:12+07:00] mongo      <good>   polled → mongo_events.csv
[2026-06-20T04:44:12+07:00] unstr      <good>   polled → unstructured_events.csv
[2026-06-20T04:44:22+07:00] pg         <good>   polled → pg_events.csv
[2026-06-20T04:44:23+07:00] mongo      <good>   polled → mongo_events.csv
[2026-06-20T04:44:23+07:00] unstr      <good>   polled → unstructured_events.csv
[2026-06-20T04:44:33+07:00] pg         <good>   polled → pg_events.csv
[2026-06-20T04:44:34+07:00] mongo      <good>   polled → mongo_events.csv
[2026-06-20T04:44:34+07:00] unstr      <good>   polled → unstructured_events.csv
[2026-06-20T04:44:44+07:00] pg         <good>   polled → pg_events.csv
[2026-06-20T04:44:45+07:00] mongo      <good>   polled → mongo_events.csv
[2026-06-20T04:44:45+07:00] unstr      <good>   polled → unstructured_events.csv
[2026-06-20T04:44:55+07:00] pg         <good>   polled → pg_events.csv
[2026-06-20T04:44:56+07:00] mongo      <good>   polled → mongo_events.csv
[2026-06-20T04:44:56+07:00] unstr      <good>   polled → unstructured_events.csv
[2026-06-20T04:45:06+07:00] pg         <good>   polled → pg_events.csv
[2026-06-20T04:45:07+07:00] mongo      <good>   polled → mongo_events.csv
[2026-06-20T04:45:07+07:00] unstr      <good>   polled → unstructured_events.csv
[2026-06-20T04:45:17+07:00] pg         <good>   polled → pg_events.csv
[2026-06-20T04:45:18+07:00] mongo      <good>   polled → mongo_events.csv
[2026-06-20T04:45:18+07:00] unstr      <good>   polled → unstructured_events.csv
[2026-06-20T04:45:28+07:00] pg         <good>   polled → pg_events.csv
[2026-06-20T04:45:29+07:00] mongo      <good>   polled → mongo_events.csv
[2026-06-20T04:45:29+07:00] unstr      <good>   polled → unstructured_events.csv
[2026-06-20T04:45:39+07:00] pg         <good>   polled → pg_events.csv
[2026-06-20T04:45:40+07:00] mongo      <good>   polled → mongo_events.csv
[2026-06-20T04:45:40+07:00] unstr      <good>   polled → unstructured_events.csv
[2026-06-20T04:45:50+07:00] pg         <good>   polled → pg_events.csv
[2026-06-20T04:45:51+07:00] mongo      <good>   polled → mongo_events.csv
[2026-06-20T04:45:51+07:00] unstr      <good>   polled → unstructured_events.csv
[2026-06-20T04:46:01+07:00] pg         <good>   polled → pg_events.csv
[2026-06-20T04:46:02+07:00] mongo      <good>   polled → mongo_events.csv
[2026-06-20T04:46:02+07:00] unstr      <good>   polled → unstructured_events.csv
[2026-06-20T04:46:12+07:00] pg         <good>   polled → pg_events.csv
[2026-06-20T04:46:13+07:00] mongo      <good>   polled → mongo_events.csv
[2026-06-20T04:46:13+07:00] unstr      <good>   polled → unstructured_events.csv
[2026-06-20T04:46:23+07:00] pg         <good>   polled → pg_events.csv
[2026-06-20T04:46:24+07:00] mongo      <good>   polled → mongo_events.csv
[2026-06-20T04:46:24+07:00] unstr      <good>   polled → unstructured_events.csv
[2026-06-20T04:46:34+07:00] pg         <good>   polled → pg_events.csv
[2026-06-20T04:46:35+07:00] mongo      <good>   polled → mongo_events.csv
[2026-06-20T04:46:35+07:00] unstr      <good>   polled → unstructured_events.csv
[2026-06-20T04:46:45+07:00] pg         <good>   polled → pg_events.csv
[2026-06-20T04:46:46+07:00] mongo      <good>   polled → mongo_events.csv
[2026-06-20T04:46:46+07:00] unstr      <good>   polled → unstructured_events.csv
[2026-06-20T04:46:57+07:00] pg         <good>   polled → pg_events.csv
[2026-06-20T04:46:58+07:00] mongo      <good>   polled → mongo_events.csv
[2026-06-20T04:46:58+07:00] unstr      <good>   polled → unstructured_events.csv
[2026-06-20T04:47:08+07:00] pg         <good>   polled → pg_events.csv
[2026-06-20T04:47:09+07:00] mongo      <good>   polled → mongo_events.csv
[2026-06-20T04:47:09+07:00] unstr      <good>   polled → unstructured_events.csv
[2026-06-20T04:47:19+07:00] pg         <good>   polled → pg_events.csv
[2026-06-20T04:47:20+07:00] mongo      <good>   polled → mongo_events.csv
[2026-06-20T04:47:20+07:00] unstr      <good>   polled → unstructured_events.csv
[2026-06-20T04:47:30+07:00] pg         <good>   polled → pg_events.csv
[2026-06-20T04:47:31+07:00] mongo      <good>   polled → mongo_events.csv
[2026-06-20T04:47:31+07:00] unstr      <good>   polled → unstructured_events.csv
[2026-06-20T04:47:41+07:00] pg         <good>   polled → pg_events.csv
[2026-06-20T04:47:42+07:00] mongo      <good>   polled → mongo_events.csv
[2026-06-20T04:47:42+07:00] unstr      <good>   polled → unstructured_events.csv
[2026-06-20T04:47:52+07:00] pg         <good>   polled → pg_events.csv
[2026-06-20T04:47:53+07:00] mongo      <good>   polled → mongo_events.csv
[2026-06-20T04:47:53+07:00] unstr      <good>   polled → unstructured_events.csv
[2026-06-20T04:48:03+07:00] pg         <good>   polled → pg_events.csv
[2026-06-20T04:48:04+07:00] mongo      <good>   polled → mongo_events.csv
[2026-06-20T04:48:04+07:00] unstr      <good>   polled → unstructured_events.csv
[2026-06-20T04:48:14+07:00] pg         <good>   polled → pg_events.csv
[2026-06-20T04:48:15+07:00] mongo      <good>   polled → mongo_events.csv
[2026-06-20T04:48:15+07:00] unstr      <good>   polled → unstructured_events.csv
[2026-06-20T04:48:25+07:00] pg         <good>   polled → pg_events.csv
[2026-06-20T04:48:26+07:00] mongo      <good>   polled → mongo_events.csv
[2026-06-20T04:48:26+07:00] unstr      <good>   polled → unstructured_events.csv
[2026-06-20T04:48:36+07:00] pg         <good>   polled → pg_events.csv
[2026-06-20T04:48:37+07:00] mongo      <good>   polled → mongo_events.csv
[2026-06-20T04:48:37+07:00] unstr      <good>   polled → unstructured_events.csv
[2026-06-20T04:48:47+07:00] pg         <good>   polled → pg_events.csv
[2026-06-20T04:48:48+07:00] mongo      <good>   polled → mongo_events.csv
[2026-06-20T04:48:48+07:00] unstr      <good>   polled → unstructured_events.csv
[2026-06-20T04:48:58+07:00] pg         <good>   polled → pg_events.csv
[2026-06-20T04:48:59+07:00] mongo      <good>   polled → mongo_events.csv
[2026-06-20T04:48:59+07:00] unstr      <good>   polled → unstructured_events.csv
[2026-06-20T04:49:09+07:00] pg         <good>   polled → pg_events.csv
[2026-06-20T04:49:10+07:00] mongo      <good>   polled → mongo_events.csv
[2026-06-20T04:49:10+07:00] unstr      <good>   polled → unstructured_events.csv
[2026-06-20T04:49:21+07:00] pg         <good>   polled → pg_events.csv
[2026-06-20T04:49:21+07:00] mongo      <good>   polled → mongo_events.csv
[2026-06-20T04:49:21+07:00] unstr      <good>   polled → unstructured_events.csv
[2026-06-20T04:49:32+07:00] pg         <good>   polled → pg_events.csv
[2026-06-20T04:49:33+07:00] mongo      <good>   polled → mongo_events.csv
[2026-06-20T04:49:33+07:00] unstr      <good>   polled → unstructured_events.csv
[2026-06-20T04:49:43+07:00] pg         <good>   polled → pg_events.csv
[2026-06-20T04:49:44+07:00] mongo      <good>   polled → mongo_events.csv
[2026-06-20T04:49:44+07:00] unstr      <good>   polled → unstructured_events.csv
[2026-06-20T04:49:54+07:00] pg         <good>   polled → pg_events.csv
[2026-06-20T04:49:55+07:00] mongo      <good>   polled → mongo_events.csv
[2026-06-20T04:49:55+07:00] unstr      <good>   polled → unstructured_events.csv
[2026-06-20T04:50:05+07:00] pg         <good>   polled → pg_events.csv
[2026-06-20T04:50:06+07:00] mongo      <good>   polled → mongo_events.csv
[2026-06-20T04:50:06+07:00] unstr      <good>   polled → unstructured_events.csv
[2026-06-20T04:50:16+07:00] pg         <good>   polled → pg_events.csv
[2026-06-20T04:50:17+07:00] mongo      <good>   polled → mongo_events.csv
[2026-06-20T04:50:17+07:00] unstr      <good>   polled → unstructured_events.csv
[2026-06-20T04:50:27+07:00] pg         <good>   polled → pg_events.csv
[2026-06-20T04:50:28+07:00] mongo      <good>   polled → mongo_events.csv
[2026-06-20T04:50:28+07:00] unstr      <good>   polled → unstructured_events.csv
[2026-06-20T04:50:38+07:00] pg         <good>   polled → pg_events.csv
[2026-06-20T04:50:39+07:00] mongo      <good>   polled → mongo_events.csv
[2026-06-20T04:50:39+07:00] unstr      <good>   polled → unstructured_events.csv
[2026-06-20T04:50:49+07:00] pg         <good>   polled → pg_events.csv
[2026-06-20T04:50:50+07:00] mongo      <good>   polled → mongo_events.csv
[2026-06-20T04:50:50+07:00] unstr      <good>   polled → unstructured_events.csv
[2026-06-20T04:51:00+07:00] pg         <good>   polled → pg_events.csv
[2026-06-20T04:51:01+07:00] mongo      <good>   polled → mongo_events.csv
[2026-06-20T04:51:01+07:00] unstr      <good>   polled → unstructured_events.csv
[2026-06-20T04:51:11+07:00] pg         <good>   polled → pg_events.csv
[2026-06-20T04:51:12+07:00] mongo      <good>   polled → mongo_events.csv
[2026-06-20T04:51:12+07:00] unstr      <good>   polled → unstructured_events.csv
[2026-06-20T04:51:22+07:00] pg         <good>   polled → pg_events.csv
[2026-06-20T04:51:23+07:00] mongo      <good>   polled → mongo_events.csv
[2026-06-20T04:51:23+07:00] unstr      <good>   polled → unstructured_events.csv
[2026-06-20T04:51:33+07:00] pg         <good>   polled → pg_events.csv
[2026-06-20T04:51:34+07:00] mongo      <good>   polled → mongo_events.csv
[2026-06-20T04:51:34+07:00] unstr      <good>   polled → unstructured_events.csv
[2026-06-20T04:51:44+07:00] pg         <good>   polled → pg_events.csv
[2026-06-20T04:51:45+07:00] mongo      <good>   polled → mongo_events.csv
[2026-06-20T04:51:45+07:00] unstr      <good>   polled → unstructured_events.csv
[2026-06-20T04:51:55+07:00] pg         <good>   polled → pg_events.csv
[2026-06-20T04:51:56+07:00] mongo      <good>   polled → mongo_events.csv
[2026-06-20T04:51:56+07:00] unstr      <good>   polled → unstructured_events.csv
[2026-06-20T04:52:06+07:00] pg         <good>   polled → pg_events.csv
[2026-06-20T04:52:07+07:00] mongo      <good>   polled → mongo_events.csv
[2026-06-20T04:52:07+07:00] unstr      <good>   polled → unstructured_events.csv
[2026-06-20T04:52:18+07:00] pg         <good>   polled → pg_events.csv
[2026-06-20T04:52:19+07:00] mongo      <good>   polled → mongo_events.csv
[2026-06-20T04:52:19+07:00] unstr      <good>   polled → unstructured_events.csv
[2026-06-20T04:52:29+07:00] pg         <good>   polled → pg_events.csv
[2026-06-20T04:52:30+07:00] mongo      <good>   polled → mongo_events.csv
[2026-06-20T04:52:30+07:00] unstr      <good>   polled → unstructured_events.csv
[2026-06-20T04:52:40+07:00] pg         <good>   polled → pg_events.csv
[2026-06-20T04:52:41+07:00] mongo      <good>   polled → mongo_events.csv
[2026-06-20T04:52:41+07:00] unstr      <good>   polled → unstructured_events.csv
[2026-06-20T04:52:51+07:00] pg         <good>   polled → pg_events.csv
[2026-06-20T04:52:52+07:00] mongo      <good>   polled → mongo_events.csv
[2026-06-20T04:52:52+07:00] unstr      <good>   polled → unstructured_events.csv
[2026-06-20T04:53:02+07:00] pg         <good>   polled → pg_events.csv
[2026-06-20T04:53:03+07:00] mongo      <good>   polled → mongo_events.csv
[2026-06-20T04:53:03+07:00] unstr      <good>   polled → unstructured_events.csv
[2026-06-20T04:53:13+07:00] pg         <good>   polled → pg_events.csv
[2026-06-20T04:53:14+07:00] mongo      <good>   polled → mongo_events.csv
[2026-06-20T04:53:14+07:00] unstr      <good>   polled → unstructured_events.csv
[2026-06-20T04:53:24+07:00] pg         <good>   polled → pg_events.csv
[2026-06-20T04:53:25+07:00] mongo      <good>   polled → mongo_events.csv
[2026-06-20T04:53:25+07:00] unstr      <good>   polled → unstructured_events.csv
[2026-06-20T04:53:36+07:00] pg         <good>   polled → pg_events.csv
[2026-06-20T04:53:36+07:00] mongo      <good>   polled → mongo_events.csv
[2026-06-20T04:53:36+07:00] unstr      <good>   polled → unstructured_events.csv
[2026-06-20T04:53:47+07:00] pg         <good>   polled → pg_events.csv
[2026-06-20T04:53:47+07:00] mongo      <good>   polled → mongo_events.csv
[2026-06-20T04:53:47+07:00] unstr      <good>   polled → unstructured_events.csv
[2026-06-20T04:53:58+07:00] pg         <good>   polled → pg_events.csv
[2026-06-20T04:53:58+07:00] mongo      <good>   polled → mongo_events.csv
[2026-06-20T04:53:58+07:00] unstr      <good>   polled → unstructured_events.csv
[2026-06-20T04:54:09+07:00] pg         <good>   polled → pg_events.csv
[2026-06-20T04:54:10+07:00] mongo      <good>   polled → mongo_events.csv
[2026-06-20T04:54:10+07:00] unstr      <good>   polled → unstructured_events.csv
[2026-06-20T04:54:20+07:00] pg         <good>   polled → pg_events.csv
[2026-06-20T04:54:21+07:00] mongo      <good>   polled → mongo_events.csv
[2026-06-20T04:54:21+07:00] unstr      <good>   polled → unstructured_events.csv
[2026-06-20T04:54:31+07:00] pg         <good>   polled → pg_events.csv
[2026-06-20T04:54:32+07:00] mongo      <good>   polled → mongo_events.csv
[2026-06-20T04:54:32+07:00] unstr      <good>   polled → unstructured_events.csv
[2026-06-20T04:54:42+07:00] pg         <good>   polled → pg_events.csv
[2026-06-20T04:54:43+07:00] mongo      <good>   polled → mongo_events.csv
[2026-06-20T04:54:43+07:00] unstr      <good>   polled → unstructured_events.csv
[2026-06-20T04:54:53+07:00] pg         <good>   polled → pg_events.csv
[2026-06-20T04:54:54+07:00] mongo      <good>   polled → mongo_events.csv
[2026-06-20T04:54:54+07:00] unstr      <good>   polled → unstructured_events.csv
[2026-06-20T04:55:04+07:00] pg         <good>   polled → pg_events.csv
[2026-06-20T04:55:05+07:00] mongo      <good>   polled → mongo_events.csv
[2026-06-20T04:55:05+07:00] unstr      <good>   polled → unstructured_events.csv
[2026-06-20T04:55:15+07:00] pg         <good>   polled → pg_events.csv
[2026-06-20T04:55:16+07:00] mongo      <good>   polled → mongo_events.csv
[2026-06-20T04:55:16+07:00] unstr      <good>   polled → unstructured_events.csv
[2026-06-20T04:55:26+07:00] pg         <good>   polled → pg_events.csv
[2026-06-20T04:55:27+07:00] mongo      <good>   polled → mongo_events.csv
[2026-06-20T04:55:27+07:00] unstr      <good>   polled → unstructured_events.csv
[2026-06-20T04:55:37+07:00] pg         <good>   polled → pg_events.csv
[2026-06-20T04:55:38+07:00] mongo      <good>   polled → mongo_events.csv
[2026-06-20T04:55:38+07:00] unstr      <good>   polled → unstructured_events.csv
[2026-06-20T04:55:48+07:00] pg         <good>   polled → pg_events.csv
[2026-06-20T04:55:49+07:00] mongo      <good>   polled → mongo_events.csv
[2026-06-20T04:55:49+07:00] unstr      <good>   polled → unstructured_events.csv
[2026-06-20T04:55:59+07:00] pg         <good>   polled → pg_events.csv
[2026-06-20T04:56:00+07:00] mongo      <good>   polled → mongo_events.csv
[2026-06-20T04:56:00+07:00] unstr      <good>   polled → unstructured_events.csv
[2026-06-20T04:56:11+07:00] pg         <good>   polled → pg_events.csv
[2026-06-20T04:56:11+07:00] mongo      <good>   polled → mongo_events.csv
[2026-06-20T04:56:11+07:00] unstr      <good>   polled → unstructured_events.csv
[2026-06-20T04:56:22+07:00] pg         <good>   polled → pg_events.csv
[2026-06-20T04:56:22+07:00] mongo      <good>   polled → mongo_events.csv
[2026-06-20T04:56:22+07:00] unstr      <good>   polled → unstructured_events.csv
[2026-06-20T04:56:33+07:00] pg         <good>   polled → pg_events.csv
[2026-06-20T04:56:34+07:00] mongo      <good>   polled → mongo_events.csv
[2026-06-20T04:56:34+07:00] unstr      <good>   polled → unstructured_events.csv
[2026-06-20T04:56:44+07:00] pg         <good>   polled → pg_events.csv
[2026-06-20T04:56:45+07:00] mongo      <good>   polled → mongo_events.csv
[2026-06-20T04:56:45+07:00] unstr      <good>   polled → unstructured_events.csv
[2026-06-20T04:56:55+07:00] pg         <good>   polled → pg_events.csv
[2026-06-20T04:56:56+07:00] mongo      <good>   polled → mongo_events.csv
[2026-06-20T04:56:56+07:00] unstr      <good>   polled → unstructured_events.csv
[2026-06-20T04:57:06+07:00] pg         <good>   polled → pg_events.csv
[2026-06-20T04:57:07+07:00] mongo      <good>   polled → mongo_events.csv
[2026-06-20T04:57:07+07:00] unstr      <good>   polled → unstructured_events.csv
[2026-06-20T04:57:17+07:00] pg         <good>   polled → pg_events.csv
[2026-06-20T04:57:18+07:00] mongo      <good>   polled → mongo_events.csv
[2026-06-20T04:57:18+07:00] unstr      <good>   polled → unstructured_events.csv
[2026-06-20T04:57:28+07:00] pg         <good>   polled → pg_events.csv
[2026-06-20T04:57:29+07:00] mongo      <good>   polled → mongo_events.csv
[2026-06-20T04:57:29+07:00] unstr      <good>   polled → unstructured_events.csv
[2026-06-20T04:57:39+07:00] pg         <good>   polled → pg_events.csv
[2026-06-20T04:57:40+07:00] mongo      <good>   polled → mongo_events.csv
[2026-06-20T04:57:40+07:00] unstr      <good>   polled → unstructured_events.csv
[2026-06-20T04:57:50+07:00] pg         <good>   polled → pg_events.csv
[2026-06-20T04:57:51+07:00] mongo      <good>   polled → mongo_events.csv
[2026-06-20T04:57:51+07:00] unstr      <good>   polled → unstructured_events.csv
[2026-06-20T04:58:01+07:00] pg         <good>   polled → pg_events.csv
[2026-06-20T04:58:02+07:00] mongo      <good>   polled → mongo_events.csv
[2026-06-20T04:58:02+07:00] unstr      <good>   polled → unstructured_events.csv
[2026-06-20T04:58:12+07:00] pg         <good>   polled → pg_events.csv
[2026-06-20T04:58:13+07:00] mongo      <good>   polled → mongo_events.csv
[2026-06-20T04:58:13+07:00] unstr      <good>   polled → unstructured_events.csv
[2026-06-20T04:58:23+07:00] pg         <good>   polled → pg_events.csv
[2026-06-20T04:58:24+07:00] mongo      <good>   polled → mongo_events.csv
[2026-06-20T04:58:24+07:00] unstr      <good>   polled → unstructured_events.csv
[2026-06-20T04:58:34+07:00] pg         <good>   polled → pg_events.csv
[2026-06-20T04:58:35+07:00] mongo      <good>   polled → mongo_events.csv
[2026-06-20T04:58:35+07:00] unstr      <good>   polled → unstructured_events.csv
[2026-06-20T04:58:45+07:00] pg         <good>   polled → pg_events.csv
[2026-06-20T04:58:46+07:00] mongo      <good>   polled → mongo_events.csv
[2026-06-20T04:58:46+07:00] unstr      <good>   polled → unstructured_events.csv
[2026-06-20T04:58:56+07:00] pg         <good>   polled → pg_events.csv
[2026-06-20T04:58:57+07:00] mongo      <good>   polled → mongo_events.csv
[2026-06-20T04:58:57+07:00] unstr      <good>   polled → unstructured_events.csv
[2026-06-20T04:59:07+07:00] pg         <good>   polled → pg_events.csv
[2026-06-20T04:59:08+07:00] mongo      <good>   polled → mongo_events.csv
[2026-06-20T04:59:08+07:00] unstr      <good>   polled → unstructured_events.csv
[2026-06-20T04:59:18+07:00] pg         <good>   polled → pg_events.csv
[2026-06-20T04:59:19+07:00] mongo      <good>   polled → mongo_events.csv
[2026-06-20T04:59:19+07:00] unstr      <good>   polled → unstructured_events.csv
[2026-06-20T04:59:29+07:00] pg         <good>   polled → pg_events.csv
[2026-06-20T04:59:31+07:00] mongo      <good>   polled → mongo_events.csv
[2026-06-20T04:59:31+07:00] unstr      <good>   polled → unstructured_events.csv
[2026-06-20T04:59:41+07:00] pg         <good>   polled → pg_events.csv
[2026-06-20T04:59:42+07:00] mongo      <good>   polled → mongo_events.csv
[2026-06-20T04:59:42+07:00] unstr      <good>   polled → unstructured_events.csv
[2026-06-20T04:59:52+07:00] pg         <good>   polled → pg_events.csv
[2026-06-20T04:59:53+07:00] mongo      <good>   polled → mongo_events.csv
[2026-06-20T04:59:53+07:00] unstr      <good>   polled → unstructured_events.csv
[2026-06-20T05:00:03+07:00] pg         <good>   polled → pg_events.csv
[2026-06-20T05:00:04+07:00] mongo      <good>   polled → mongo_events.csv
[2026-06-20T05:00:04+07:00] unstr      <good>   polled → unstructured_events.csv
[2026-06-20T05:00:14+07:00] pg         <good>   polled → pg_events.csv
[2026-06-20T05:00:15+07:00] mongo      <good>   polled → mongo_events.csv
[2026-06-20T05:00:15+07:00] unstr      <good>   polled → unstructured_events.csv
[2026-06-20T05:00:25+07:00] pg         <good>   polled → pg_events.csv
[2026-06-20T05:00:26+07:00] mongo      <good>   polled → mongo_events.csv
[2026-06-20T05:00:26+07:00] unstr      <good>   polled → unstructured_events.csv
[2026-06-20T05:00:36+07:00] pg         <good>   polled → pg_events.csv
[2026-06-20T05:00:37+07:00] mongo      <good>   polled → mongo_events.csv
[2026-06-20T05:00:37+07:00] unstr      <good>   polled → unstructured_events.csv
[2026-06-20T05:00:47+07:00] pg         <good>   polled → pg_events.csv
[2026-06-20T05:00:48+07:00] mongo      <good>   polled → mongo_events.csv
[2026-06-20T05:00:48+07:00] unstr      <good>   polled → unstructured_events.csv
[2026-06-20T05:00:58+07:00] pg         <good>   polled → pg_events.csv
[2026-06-20T05:00:59+07:00] mongo      <good>   polled → mongo_events.csv
[2026-06-20T05:00:59+07:00] unstr      <good>   polled → unstructured_events.csv
[2026-06-20T05:01:09+07:00] pg         <good>   polled → pg_events.csv
[2026-06-20T05:01:10+07:00] mongo      <good>   polled → mongo_events.csv
[2026-06-20T05:01:10+07:00] unstr      <good>   polled → unstructured_events.csv
[2026-06-20T05:01:20+07:00] pg         <good>   polled → pg_events.csv
[2026-06-20T05:01:21+0700] main       <info>   ──────────────────────────────────────────────────────
[2026-06-20T05:01:21+0700] main       <info>   Cycle #10 starting
[2026-06-20T05:01:21+07:00] main       <info>   starting cycle=20260620_050121 at=2026-06-20T05:01:21.489987+07:00
[2026-06-20T05:01:21+07:00] main       <info>   output_root=/home/primary/data/backup-cycles
[2026-06-20T05:01:21+07:00] main       <info>   staging_root=/home/primary/data/backup-staging
[2026-06-20T05:01:21+07:00] main       <info>   state_db=/home/primary/data/backup-metadata/pfc_index.db
[2026-06-20T05:01:21+07:00] main       <info>   retention max_cycles=30 max_bytes=50.00 GiB cycle_cap=10.00 GiB
[2026-06-20T05:01:21+07:00] main       <info>   chain_version=chain-v2 versioned_cycles_root=/home/primary/data/backup-cycles/chain-v2
[2026-06-20T05:01:21+07:00] main       <info>   last_cycle_ts=1781905279 (2026-06-20T04:41:19+07:00)
[2026-06-20T05:01:21+07:00] mongo      <good>   polled → mongo_events.csv
[2026-06-20T05:01:21+07:00] unstr      <good>   polled → unstructured_events.csv
[2026-06-20T05:01:25+07:00] mongo      <good>   oplog compressed raw=2.02 MiB stored=84.68 KiB ratio=0.041 elapsed=0.05s
[2026-06-20T05:01:25+07:00] fixtures   <good>   seeded target=/home/primary/data/unstructured/fixtures copied=0 skipped=25 bytes=0 elapsed=0.00s
[2026-06-20T05:01:28+07:00] main       <info>   staging_size=22.20 MiB checked_in=0.00s
[2026-06-20T05:01:28+07:00] main       <good>   wrote checksums=/home/primary/data/backup-staging/cycle_20260620_050121.tmp/checksums.sha256
[2026-06-20T05:01:28+07:00] main       <good>   finalized dir elapsed=0.00s
[2026-06-20T05:01:28+07:00] verify     <good>   ok elapsed=0.05s
[2026-06-20T05:01:28+07:00] pg         <info>   state pg_last_wal_fname=00000001000000000000002B
[2026-06-20T05:01:28+07:00] main       <info>   retention elapsed=0.00s
[2026-06-20T05:01:28+07:00] transfer   <info>   pushing to 1 destination(s) as 'chain-v2/20260620_050121': ['recovery@192.168.10.129:/home/recovery/local-backup/incoming']
[2026-06-20T05:01:30+07:00] transfer   <good>   all 1 destination(s) OK elapsed=1.82s
[2026-06-20T05:01:30+07:00] main       <info>   Deleting local cycle since it was transferred: /home/primary/data/backup-cycles/chain-v2/20260620_050121
[2026-06-20T05:01:30+07:00] main       <info>   cycle_summary: wal_files=4 (0 B), pfc_chunks=121 (stored=20.31 MiB, raw=100.76 MiB), cycle_stored=22.27 MiB chain=chain-v2
[2026-06-20T05:01:30+07:00] main       <good>   completed cycle=20260620_050121 chain=chain-v2 elapsed=8.99s
[2026-06-20T05:01:30+0700] main       <good>   Cycle #10 completed OK
[2026-06-20T05:01:30+0700] main       <info>   Sleeping 20m until next cycle …
[2026-06-20T05:01:31+07:00] pg         <good>   polled → pg_events.csv
[2026-06-20T05:01:32+07:00] mongo      <good>   polled → mongo_events.csv
[2026-06-20T05:01:32+07:00] unstr      <good>   polled → unstructured_events.csv
[2026-06-20T05:01:42+07:00] pg         <good>   polled → pg_events.csv
[2026-06-20T05:01:43+07:00] mongo      <good>   polled → mongo_events.csv
[2026-06-20T05:01:43+07:00] unstr      <good>   polled → unstructured_events.csv
[2026-06-20T05:01:54+07:00] pg         <good>   polled → pg_events.csv
[2026-06-20T05:01:55+07:00] mongo      <good>   polled → mongo_events.csv
[2026-06-20T05:01:55+07:00] unstr      <good>   polled → unstructured_events.csv
[2026-06-20T05:02:05+07:00] pg         <good>   polled → pg_events.csv
[2026-06-20T05:02:06+07:00] mongo      <good>   polled → mongo_events.csv
[2026-06-20T05:02:06+07:00] unstr      <good>   polled → unstructured_events.csv
[2026-06-20T05:02:16+07:00] pg         <good>   polled → pg_events.csv
[2026-06-20T05:02:17+07:00] mongo      <good>   polled → mongo_events.csv
[2026-06-20T05:02:17+07:00] unstr      <good>   polled → unstructured_events.csv
[2026-06-20T05:02:27+07:00] pg         <good>   polled → pg_events.csv
[2026-06-20T05:02:28+07:00] mongo      <good>   polled → mongo_events.csv
[2026-06-20T05:02:28+07:00] unstr      <good>   polled → unstructured_events.csv
[2026-06-20T05:02:38+07:00] pg         <good>   polled → pg_events.csv
[2026-06-20T05:02:39+07:00] mongo      <good>   polled → mongo_events.csv
[2026-06-20T05:02:39+07:00] unstr      <good>   polled → unstructured_events.csv
[2026-06-20T05:02:49+07:00] pg         <good>   polled → pg_events.csv
[2026-06-20T05:02:50+07:00] mongo      <good>   polled → mongo_events.csv
[2026-06-20T05:02:50+07:00] unstr      <good>   polled → unstructured_events.csv
[2026-06-20T05:03:00+07:00] pg         <good>   polled → pg_events.csv
[2026-06-20T05:03:01+07:00] mongo      <good>   polled → mongo_events.csv
[2026-06-20T05:03:01+07:00] unstr      <good>   polled → unstructured_events.csv
[2026-06-20T05:03:11+07:00] pg         <good>   polled → pg_events.csv
[2026-06-20T05:03:12+07:00] mongo      <good>   polled → mongo_events.csv
[2026-06-20T05:03:12+07:00] unstr      <good>   polled → unstructured_events.csv
[2026-06-20T05:03:22+07:00] pg         <good>   polled → pg_events.csv
[2026-06-20T05:03:23+07:00] mongo      <good>   polled → mongo_events.csv
[2026-06-20T05:03:23+07:00] unstr      <good>   polled → unstructured_events.csv
[2026-06-20T05:03:33+07:00] pg         <good>   polled → pg_events.csv
[2026-06-20T05:03:34+07:00] mongo      <good>   polled → mongo_events.csv
[2026-06-20T05:03:34+07:00] unstr      <good>   polled → unstructured_events.csv
[2026-06-20T05:03:44+07:00] pg         <good>   polled → pg_events.csv
[2026-06-20T05:03:45+07:00] mongo      <good>   polled → mongo_events.csv
[2026-06-20T05:03:45+07:00] unstr      <good>   polled → unstructured_events.csv
[2026-06-20T05:03:55+07:00] pg         <good>   polled → pg_events.csv
[2026-06-20T05:03:56+07:00] mongo      <good>   polled → mongo_events.csv
[2026-06-20T05:03:56+07:00] unstr      <good>   polled → unstructured_events.csv
[2026-06-20T05:04:06+07:00] pg         <good>   polled → pg_events.csv
[2026-06-20T05:04:07+07:00] mongo      <good>   polled → mongo_events.csv
[2026-06-20T05:04:07+07:00] unstr      <good>   polled → unstructured_events.csv
[2026-06-20T05:04:17+07:00] pg         <good>   polled → pg_events.csv
[2026-06-20T05:04:18+07:00] mongo      <good>   polled → mongo_events.csv
[2026-06-20T05:04:18+07:00] unstr      <good>   polled → unstructured_events.csv
[2026-06-20T05:04:29+07:00] pg         <good>   polled → pg_events.csv
[2026-06-20T05:04:30+07:00] mongo      <good>   polled → mongo_events.csv
[2026-06-20T05:04:30+07:00] unstr      <good>   polled → unstructured_events.csv
[2026-06-20T05:04:40+07:00] pg         <good>   polled → pg_events.csv
[2026-06-20T05:04:41+07:00] mongo      <good>   polled → mongo_events.csv
[2026-06-20T05:04:41+07:00] unstr      <good>   polled → unstructured_events.csv
[2026-06-20T05:04:51+07:00] pg         <good>   polled → pg_events.csv
[2026-06-20T05:04:52+07:00] mongo      <good>   polled → mongo_events.csv
[2026-06-20T05:04:52+07:00] unstr      <good>   polled → unstructured_events.csv
[2026-06-20T05:05:02+07:00] pg         <good>   polled → pg_events.csv
[2026-06-20T05:05:03+07:00] mongo      <good>   polled → mongo_events.csv
[2026-06-20T05:05:03+07:00] unstr      <good>   polled → unstructured_events.csv
[2026-06-20T05:05:13+07:00] pg         <good>   polled → pg_events.csv
[2026-06-20T05:05:14+07:00] mongo      <good>   polled → mongo_events.csv
[2026-06-20T05:05:14+07:00] unstr      <good>   polled → unstructured_events.csv
[2026-06-20T05:05:24+07:00] pg         <good>   polled → pg_events.csv
[2026-06-20T05:05:25+07:00] mongo      <good>   polled → mongo_events.csv
[2026-06-20T05:05:25+07:00] unstr      <good>   polled → unstructured_events.csv
[2026-06-20T05:05:35+07:00] pg         <good>   polled → pg_events.csv
[2026-06-20T05:05:36+07:00] mongo      <good>   polled → mongo_events.csv
[2026-06-20T05:05:36+07:00] unstr      <good>   polled → unstructured_events.csv
[2026-06-20T05:05:46+07:00] pg         <good>   polled → pg_events.csv
[2026-06-20T05:05:47+07:00] mongo      <good>   polled → mongo_events.csv
[2026-06-20T05:05:47+07:00] unstr      <good>   polled → unstructured_events.csv
[2026-06-20T05:05:57+07:00] pg         <good>   polled → pg_events.csv
[2026-06-20T05:05:58+07:00] mongo      <good>   polled → mongo_events.csv
[2026-06-20T05:05:58+07:00] unstr      <good>   polled → unstructured_events.csv
[2026-06-20T05:06:08+07:00] pg         <good>   polled → pg_events.csv
[2026-06-20T05:06:09+07:00] mongo      <good>   polled → mongo_events.csv
[2026-06-20T05:06:09+07:00] unstr      <good>   polled → unstructured_events.csv
[2026-06-20T05:06:19+07:00] pg         <good>   polled → pg_events.csv
[2026-06-20T05:06:20+07:00] mongo      <good>   polled → mongo_events.csv
[2026-06-20T05:06:20+07:00] unstr      <good>   polled → unstructured_events.csv
[2026-06-20T05:06:30+07:00] pg         <good>   polled → pg_events.csv
[2026-06-20T05:06:31+07:00] mongo      <good>   polled → mongo_events.csv
[2026-06-20T05:06:31+07:00] unstr      <good>   polled → unstructured_events.csv
[2026-06-20T05:06:41+07:00] pg         <good>   polled → pg_events.csv
[2026-06-20T05:06:42+07:00] mongo      <good>   polled → mongo_events.csv
[2026-06-20T05:06:42+07:00] unstr      <good>   polled → unstructured_events.csv
[2026-06-20T05:06:52+07:00] pg         <good>   polled → pg_events.csv
[2026-06-20T05:06:53+07:00] mongo      <good>   polled → mongo_events.csv
[2026-06-20T05:06:53+07:00] unstr      <good>   polled → unstructured_events.csv
[2026-06-20T05:07:03+07:00] pg         <good>   polled → pg_events.csv
[2026-06-20T05:07:04+07:00] mongo      <good>   polled → mongo_events.csv
[2026-06-20T05:07:04+07:00] unstr      <good>   polled → unstructured_events.csv
[2026-06-20T05:07:14+07:00] pg         <good>   polled → pg_events.csv
[2026-06-20T05:07:15+07:00] mongo      <good>   polled → mongo_events.csv
[2026-06-20T05:07:15+07:00] unstr      <good>   polled → unstructured_events.csv
[2026-06-20T05:07:25+07:00] pg         <good>   polled → pg_events.csv
[2026-06-20T05:07:26+07:00] mongo      <good>   polled → mongo_events.csv
[2026-06-20T05:07:26+07:00] unstr      <good>   polled → unstructured_events.csv
[2026-06-20T05:07:36+07:00] pg         <good>   polled → pg_events.csv
[2026-06-20T05:07:37+07:00] mongo      <good>   polled → mongo_events.csv
[2026-06-20T05:07:37+07:00] unstr      <good>   polled → unstructured_events.csv
[2026-06-20T05:07:47+07:00] pg         <good>   polled → pg_events.csv
[2026-06-20T05:07:48+07:00] mongo      <good>   polled → mongo_events.csv
[2026-06-20T05:07:48+07:00] unstr      <good>   polled → unstructured_events.csv
[2026-06-20T05:07:59+07:00] pg         <good>   polled → pg_events.csv
[2026-06-20T05:07:59+07:00] mongo      <good>   polled → mongo_events.csv
[2026-06-20T05:07:59+07:00] unstr      <good>   polled → unstructured_events.csv
[2026-06-20T05:08:10+07:00] pg         <good>   polled → pg_events.csv
[2026-06-20T05:08:11+07:00] mongo      <good>   polled → mongo_events.csv
[2026-06-20T05:08:11+07:00] unstr      <good>   polled → unstructured_events.csv
[2026-06-20T05:08:21+07:00] pg         <good>   polled → pg_events.csv
[2026-06-20T05:08:22+07:00] mongo      <good>   polled → mongo_events.csv
[2026-06-20T05:08:22+07:00] unstr      <good>   polled → unstructured_events.csv
[2026-06-20T05:08:32+07:00] pg         <good>   polled → pg_events.csv
[2026-06-20T05:08:33+07:00] mongo      <good>   polled → mongo_events.csv
[2026-06-20T05:08:33+07:00] unstr      <good>   polled → unstructured_events.csv
[2026-06-20T05:08:43+07:00] pg         <good>   polled → pg_events.csv
[2026-06-20T05:08:44+07:00] mongo      <good>   polled → mongo_events.csv
[2026-06-20T05:08:44+07:00] unstr      <good>   polled → unstructured_events.csv
[2026-06-20T05:08:54+07:00] pg         <good>   polled → pg_events.csv
[2026-06-20T05:08:55+07:00] mongo      <good>   polled → mongo_events.csv
[2026-06-20T05:08:55+07:00] unstr      <good>   polled → unstructured_events.csv
[2026-06-20T05:09:05+07:00] pg         <good>   polled → pg_events.csv
[2026-06-20T05:09:06+07:00] mongo      <good>   polled → mongo_events.csv
[2026-06-20T05:09:06+07:00] unstr      <good>   polled → unstructured_events.csv
[2026-06-20T05:09:16+07:00] pg         <good>   polled → pg_events.csv
[2026-06-20T05:09:17+07:00] mongo      <good>   polled → mongo_events.csv
[2026-06-20T05:09:17+07:00] unstr      <good>   polled → unstructured_events.csv
[2026-06-20T05:09:27+07:00] pg         <good>   polled → pg_events.csv
[2026-06-20T05:09:28+07:00] mongo      <good>   polled → mongo_events.csv
[2026-06-20T05:09:28+07:00] unstr      <good>   polled → unstructured_events.csv
[2026-06-20T05:09:38+07:00] pg         <good>   polled → pg_events.csv
[2026-06-20T05:09:39+07:00] mongo      <good>   polled → mongo_events.csv
[2026-06-20T05:09:39+07:00] unstr      <good>   polled → unstructured_events.csv
[2026-06-20T05:09:49+07:00] pg         <good>   polled → pg_events.csv
[2026-06-20T05:09:50+07:00] mongo      <good>   polled → mongo_events.csv
[2026-06-20T05:09:50+07:00] unstr      <good>   polled → unstructured_events.csv
[2026-06-20T05:10:01+07:00] pg         <good>   polled → pg_events.csv
[2026-06-20T05:10:02+07:00] mongo      <good>   polled → mongo_events.csv
[2026-06-20T05:10:02+07:00] unstr      <good>   polled → unstructured_events.csv
[2026-06-20T05:10:12+07:00] pg         <good>   polled → pg_events.csv
[2026-06-20T05:10:13+07:00] mongo      <good>   polled → mongo_events.csv
[2026-06-20T05:10:13+07:00] unstr      <good>   polled → unstructured_events.csv
[2026-06-20T05:10:23+07:00] pg         <good>   polled → pg_events.csv
[2026-06-20T05:10:24+07:00] mongo      <good>   polled → mongo_events.csv
[2026-06-20T05:10:24+07:00] unstr      <good>   polled → unstructured_events.csv
[2026-06-20T05:10:34+07:00] pg         <good>   polled → pg_events.csv
[2026-06-20T05:10:35+07:00] mongo      <good>   polled → mongo_events.csv
[2026-06-20T05:10:35+07:00] unstr      <good>   polled → unstructured_events.csv
[2026-06-20T05:10:45+07:00] pg         <good>   polled → pg_events.csv
[2026-06-20T05:10:46+07:00] mongo      <good>   polled → mongo_events.csv
[2026-06-20T05:10:46+07:00] unstr      <good>   polled → unstructured_events.csv
[2026-06-20T05:10:56+07:00] pg         <good>   polled → pg_events.csv
[2026-06-20T05:10:57+07:00] mongo      <good>   polled → mongo_events.csv
[2026-06-20T05:10:57+07:00] unstr      <good>   polled → unstructured_events.csv
[2026-06-20T05:11:07+07:00] pg         <good>   polled → pg_events.csv
[2026-06-20T05:11:08+07:00] mongo      <good>   polled → mongo_events.csv
[2026-06-20T05:11:08+07:00] unstr      <good>   polled → unstructured_events.csv
[2026-06-20T05:11:18+07:00] pg         <good>   polled → pg_events.csv
[2026-06-20T05:11:19+07:00] mongo      <good>   polled → mongo_events.csv
[2026-06-20T05:11:19+07:00] unstr      <good>   polled → unstructured_events.csv
[2026-06-20T05:11:29+07:00] pg         <good>   polled → pg_events.csv
[2026-06-20T05:11:30+07:00] mongo      <good>   polled → mongo_events.csv
[2026-06-20T05:11:30+07:00] unstr      <good>   polled → unstructured_events.csv
[2026-06-20T05:11:40+07:00] pg         <good>   polled → pg_events.csv
[2026-06-20T05:11:41+07:00] mongo      <good>   polled → mongo_events.csv
[2026-06-20T05:11:41+07:00] unstr      <good>   polled → unstructured_events.csv
[2026-06-20T05:11:51+07:00] pg         <good>   polled → pg_events.csv
[2026-06-20T05:11:52+07:00] mongo      <good>   polled → mongo_events.csv
[2026-06-20T05:11:52+07:00] unstr      <good>   polled → unstructured_events.csv
[2026-06-20T05:12:02+07:00] pg         <good>   polled → pg_events.csv
[2026-06-20T05:12:03+07:00] mongo      <good>   polled → mongo_events.csv
[2026-06-20T05:12:03+07:00] unstr      <good>   polled → unstructured_events.csv
[2026-06-20T05:12:13+07:00] pg         <good>   polled → pg_events.csv
[2026-06-20T05:12:14+07:00] mongo      <good>   polled → mongo_events.csv
[2026-06-20T05:12:14+07:00] unstr      <good>   polled → unstructured_events.csv
[2026-06-20T05:12:24+07:00] pg         <good>   polled → pg_events.csv
[2026-06-20T05:12:25+07:00] mongo      <good>   polled → mongo_events.csv
[2026-06-20T05:12:25+07:00] unstr      <good>   polled → unstructured_events.csv
[2026-06-20T05:12:35+07:00] pg         <good>   polled → pg_events.csv
[2026-06-20T05:12:36+07:00] mongo      <good>   polled → mongo_events.csv
[2026-06-20T05:12:36+07:00] unstr      <good>   polled → unstructured_events.csv
[2026-06-20T05:12:47+07:00] pg         <good>   polled → pg_events.csv
[2026-06-20T05:12:48+07:00] mongo      <good>   polled → mongo_events.csv
[2026-06-20T05:12:48+07:00] unstr      <good>   polled → unstructured_events.csv
[2026-06-20T05:12:58+07:00] pg         <good>   polled → pg_events.csv
[2026-06-20T05:12:59+07:00] mongo      <good>   polled → mongo_events.csv
[2026-06-20T05:12:59+07:00] unstr      <good>   polled → unstructured_events.csv
[2026-06-20T05:13:09+07:00] pg         <good>   polled → pg_events.csv
[2026-06-20T05:13:10+07:00] mongo      <good>   polled → mongo_events.csv
[2026-06-20T05:13:10+07:00] unstr      <good>   polled → unstructured_events.csv
[2026-06-20T05:13:20+07:00] pg         <good>   polled → pg_events.csv
[2026-06-20T05:13:21+07:00] mongo      <good>   polled → mongo_events.csv
[2026-06-20T05:13:21+07:00] unstr      <good>   polled → unstructured_events.csv
[2026-06-20T05:13:31+07:00] pg         <good>   polled → pg_events.csv
[2026-06-20T05:13:33+07:00] mongo      <good>   polled → mongo_events.csv
[2026-06-20T05:13:33+07:00] unstr      <good>   polled → unstructured_events.csv
[2026-06-20T05:13:43+07:00] pg         <good>   polled → pg_events.csv
[2026-06-20T05:13:44+07:00] mongo      <good>   polled → mongo_events.csv
[2026-06-20T05:13:44+07:00] unstr      <good>   polled → unstructured_events.csv
[2026-06-20T05:13:54+07:00] pg         <good>   polled → pg_events.csv
[2026-06-20T05:13:55+07:00] mongo      <good>   polled → mongo_events.csv
[2026-06-20T05:13:55+07:00] unstr      <good>   polled → unstructured_events.csv
[2026-06-20T05:14:05+07:00] pg         <good>   polled → pg_events.csv
[2026-06-20T05:14:06+07:00] mongo      <good>   polled → mongo_events.csv
[2026-06-20T05:14:06+07:00] unstr      <good>   polled → unstructured_events.csv
[2026-06-20T05:14:16+07:00] pg         <good>   polled → pg_events.csv
[2026-06-20T05:14:17+07:00] mongo      <good>   polled → mongo_events.csv
[2026-06-20T05:14:17+07:00] unstr      <good>   polled → unstructured_events.csv
[2026-06-20T05:14:27+07:00] pg         <good>   polled → pg_events.csv
[2026-06-20T05:14:28+07:00] mongo      <good>   polled → mongo_events.csv
[2026-06-20T05:14:28+07:00] unstr      <good>   polled → unstructured_events.csv
[2026-06-20T05:14:38+07:00] pg         <good>   polled → pg_events.csv
[2026-06-20T05:14:39+07:00] mongo      <good>   polled → mongo_events.csv
[2026-06-20T05:14:39+07:00] unstr      <good>   polled → unstructured_events.csv
[2026-06-20T05:14:49+07:00] pg         <good>   polled → pg_events.csv
[2026-06-20T05:14:50+07:00] mongo      <good>   polled → mongo_events.csv
[2026-06-20T05:14:50+07:00] unstr      <good>   polled → unstructured_events.csv
[2026-06-20T05:15:00+07:00] pg         <good>   polled → pg_events.csv
[2026-06-20T05:15:01+07:00] mongo      <good>   polled → mongo_events.csv
[2026-06-20T05:15:01+07:00] unstr      <good>   polled → unstructured_events.csv
[2026-06-20T05:15:11+07:00] pg         <good>   polled → pg_events.csv
[2026-06-20T05:15:12+07:00] mongo      <good>   polled → mongo_events.csv
[2026-06-20T05:15:12+07:00] unstr      <good>   polled → unstructured_events.csv
[2026-06-20T05:15:22+07:00] pg         <good>   polled → pg_events.csv
[2026-06-20T05:15:23+07:00] mongo      <good>   polled → mongo_events.csv
[2026-06-20T05:15:23+07:00] unstr      <good>   polled → unstructured_events.csv
[2026-06-20T05:15:33+07:00] pg         <good>   polled → pg_events.csv
[2026-06-20T05:15:34+07:00] mongo      <good>   polled → mongo_events.csv
[2026-06-20T05:15:34+07:00] unstr      <good>   polled → unstructured_events.csv
[2026-06-20T05:15:44+07:00] pg         <good>   polled → pg_events.csv
[2026-06-20T05:15:45+07:00] mongo      <good>   polled → mongo_events.csv
[2026-06-20T05:15:45+07:00] unstr      <good>   polled → unstructured_events.csv
[2026-06-20T05:15:55+07:00] pg         <good>   polled → pg_events.csv
[2026-06-20T05:15:56+07:00] mongo      <good>   polled → mongo_events.csv
[2026-06-20T05:15:56+07:00] unstr      <good>   polled → unstructured_events.csv
[2026-06-20T05:16:06+07:00] pg         <good>   polled → pg_events.csv
[2026-06-20T05:16:07+07:00] mongo      <good>   polled → mongo_events.csv
[2026-06-20T05:16:07+07:00] unstr      <good>   polled → unstructured_events.csv
[2026-06-20T05:16:17+07:00] pg         <good>   polled → pg_events.csv
[2026-06-20T05:16:18+07:00] mongo      <good>   polled → mongo_events.csv
[2026-06-20T05:16:18+07:00] unstr      <good>   polled → unstructured_events.csv
[2026-06-20T05:16:28+07:00] pg         <good>   polled → pg_events.csv
[2026-06-20T05:16:29+07:00] mongo      <good>   polled → mongo_events.csv
[2026-06-20T05:16:29+07:00] unstr      <good>   polled → unstructured_events.csv
[2026-06-20T05:16:39+07:00] pg         <good>   polled → pg_events.csv
[2026-06-20T05:16:40+07:00] mongo      <good>   polled → mongo_events.csv
[2026-06-20T05:16:40+07:00] unstr      <good>   polled → unstructured_events.csv
[2026-06-20T05:16:50+07:00] pg         <good>   polled → pg_events.csv
[2026-06-20T05:16:51+07:00] mongo      <good>   polled → mongo_events.csv
[2026-06-20T05:16:51+07:00] unstr      <good>   polled → unstructured_events.csv
[2026-06-20T05:17:01+07:00] pg         <good>   polled → pg_events.csv
[2026-06-20T05:17:02+07:00] mongo      <good>   polled → mongo_events.csv
[2026-06-20T05:17:02+07:00] unstr      <good>   polled → unstructured_events.csv
[2026-06-20T05:17:12+07:00] pg         <good>   polled → pg_events.csv
[2026-06-20T05:17:13+07:00] mongo      <good>   polled → mongo_events.csv
[2026-06-20T05:17:13+07:00] unstr      <good>   polled → unstructured_events.csv
[2026-06-20T05:17:23+07:00] pg         <good>   polled → pg_events.csv
[2026-06-20T05:17:24+07:00] mongo      <good>   polled → mongo_events.csv
[2026-06-20T05:17:24+07:00] unstr      <good>   polled → unstructured_events.csv
[2026-06-20T05:17:34+07:00] pg         <good>   polled → pg_events.csv
[2026-06-20T05:17:35+07:00] mongo      <good>   polled → mongo_events.csv
[2026-06-20T05:17:35+07:00] unstr      <good>   polled → unstructured_events.csv
[2026-06-20T05:17:45+07:00] pg         <good>   polled → pg_events.csv
[2026-06-20T05:17:46+07:00] mongo      <good>   polled → mongo_events.csv
[2026-06-20T05:17:46+07:00] unstr      <good>   polled → unstructured_events.csv
[2026-06-20T05:17:56+07:00] pg         <good>   polled → pg_events.csv
[2026-06-20T05:17:57+07:00] mongo      <good>   polled → mongo_events.csv
[2026-06-20T05:17:57+07:00] unstr      <good>   polled → unstructured_events.csv
[2026-06-20T05:18:07+07:00] pg         <good>   polled → pg_events.csv
[2026-06-20T05:18:08+07:00] mongo      <good>   polled → mongo_events.csv
[2026-06-20T05:18:08+07:00] unstr      <good>   polled → unstructured_events.csv
[2026-06-20T05:18:19+07:00] pg         <good>   polled → pg_events.csv
[2026-06-20T05:18:19+07:00] mongo      <good>   polled → mongo_events.csv
[2026-06-20T05:18:19+07:00] unstr      <good>   polled → unstructured_events.csv
[2026-06-20T05:18:30+07:00] pg         <good>   polled → pg_events.csv
[2026-06-20T05:18:31+07:00] mongo      <good>   polled → mongo_events.csv
[2026-06-20T05:18:31+07:00] unstr      <good>   polled → unstructured_events.csv
[2026-06-20T05:18:41+07:00] pg         <good>   polled → pg_events.csv
[2026-06-20T05:18:42+07:00] mongo      <good>   polled → mongo_events.csv
[2026-06-20T05:18:42+07:00] unstr      <good>   polled → unstructured_events.csv
[2026-06-20T05:18:52+07:00] pg         <good>   polled → pg_events.csv
[2026-06-20T05:18:53+07:00] mongo      <good>   polled → mongo_events.csv
[2026-06-20T05:18:53+07:00] unstr      <good>   polled → unstructured_events.csv
[2026-06-20T05:19:03+07:00] pg         <good>   polled → pg_events.csv
[2026-06-20T05:19:04+07:00] mongo      <good>   polled → mongo_events.csv
[2026-06-20T05:19:04+07:00] unstr      <good>   polled → unstructured_events.csv
[2026-06-20T05:19:14+07:00] pg         <good>   polled → pg_events.csv
[2026-06-20T05:19:15+07:00] mongo      <good>   polled → mongo_events.csv
[2026-06-20T05:19:15+07:00] unstr      <good>   polled → unstructured_events.csv
[2026-06-20T05:19:25+07:00] pg         <good>   polled → pg_events.csv
[2026-06-20T05:19:26+07:00] mongo      <good>   polled → mongo_events.csv
[2026-06-20T05:19:26+07:00] unstr      <good>   polled → unstructured_events.csv
[2026-06-20T05:19:36+07:00] pg         <good>   polled → pg_events.csv
[2026-06-20T05:19:37+07:00] mongo      <good>   polled → mongo_events.csv
[2026-06-20T05:19:37+07:00] unstr      <good>   polled → unstructured_events.csv
[2026-06-20T05:19:47+07:00] pg         <good>   polled → pg_events.csv
[2026-06-20T05:19:48+07:00] mongo      <good>   polled → mongo_events.csv
[2026-06-20T05:19:48+07:00] unstr      <good>   polled → unstructured_events.csv
[2026-06-20T05:19:58+07:00] pg         <good>   polled → pg_events.csv
[2026-06-20T05:19:59+07:00] mongo      <good>   polled → mongo_events.csv
[2026-06-20T05:19:59+07:00] unstr      <good>   polled → unstructured_events.csv
[2026-06-20T05:20:09+07:00] pg         <good>   polled → pg_events.csv
[2026-06-20T05:20:10+07:00] mongo      <good>   polled → mongo_events.csv
[2026-06-20T05:20:10+07:00] unstr      <good>   polled → unstructured_events.csv
[2026-06-20T05:20:20+07:00] pg         <good>   polled → pg_events.csv
[2026-06-20T05:20:21+07:00] mongo      <good>   polled → mongo_events.csv
[2026-06-20T05:20:21+07:00] unstr      <good>   polled → unstructured_events.csv
[2026-06-20T05:20:31+07:00] pg         <good>   polled → pg_events.csv
[2026-06-20T05:20:32+07:00] mongo      <good>   polled → mongo_events.csv
[2026-06-20T05:20:32+07:00] unstr      <good>   polled → unstructured_events.csv
[2026-06-20T05:20:42+07:00] pg         <good>   polled → pg_events.csv
[2026-06-20T05:20:43+07:00] mongo      <good>   polled → mongo_events.csv
[2026-06-20T05:20:43+07:00] unstr      <good>   polled → unstructured_events.csv
[2026-06-20T05:20:53+07:00] pg         <good>   polled → pg_events.csv
[2026-06-20T05:20:54+07:00] mongo      <good>   polled → mongo_events.csv
[2026-06-20T05:20:54+07:00] unstr      <good>   polled → unstructured_events.csv
[2026-06-20T05:21:04+07:00] pg         <good>   polled → pg_events.csv
[2026-06-20T05:21:05+07:00] mongo      <good>   polled → mongo_events.csv
[2026-06-20T05:21:05+07:00] unstr      <good>   polled → unstructured_events.csv
[2026-06-20T05:21:15+07:00] pg         <good>   polled → pg_events.csv
[2026-06-20T05:21:16+07:00] mongo      <good>   polled → mongo_events.csv
[2026-06-20T05:21:16+07:00] unstr      <good>   polled → unstructured_events.csv
[2026-06-20T05:21:26+07:00] pg         <good>   polled → pg_events.csv
[2026-06-20T05:21:27+07:00] mongo      <good>   polled → mongo_events.csv
[2026-06-20T05:21:27+07:00] unstr      <good>   polled → unstructured_events.csv
[2026-06-20T05:21:30+0700] main       <info>   ──────────────────────────────────────────────────────
[2026-06-20T05:21:30+0700] main       <info>   Cycle #11 starting
[2026-06-20T05:21:30+07:00] main       <info>   starting cycle=20260620_052130 at=2026-06-20T05:21:30.604822+07:00
[2026-06-20T05:21:30+07:00] main       <info>   output_root=/home/primary/data/backup-cycles
[2026-06-20T05:21:30+07:00] main       <info>   staging_root=/home/primary/data/backup-staging
[2026-06-20T05:21:30+07:00] main       <info>   state_db=/home/primary/data/backup-metadata/pfc_index.db
[2026-06-20T05:21:30+07:00] main       <info>   retention max_cycles=30 max_bytes=50.00 GiB cycle_cap=10.00 GiB
[2026-06-20T05:21:30+07:00] main       <info>   chain_version=chain-v2 versioned_cycles_root=/home/primary/data/backup-cycles/chain-v2
[2026-06-20T05:21:30+07:00] main       <info>   last_cycle_ts=1781906488 (2026-06-20T05:01:28+07:00)
[2026-06-20T05:21:33+07:00] mongo      <good>   oplog compressed raw=1.85 MiB stored=78.01 KiB ratio=0.041 elapsed=0.03s
[2026-06-20T05:21:33+07:00] fixtures   <good>   seeded target=/home/primary/data/unstructured/fixtures copied=0 skipped=25 bytes=0 elapsed=0.00s
[2026-06-20T05:21:35+07:00] main       <info>   staging_size=18.86 MiB checked_in=0.00s
[2026-06-20T05:21:35+07:00] main       <good>   wrote checksums=/home/primary/data/backup-staging/cycle_20260620_052130.tmp/checksums.sha256
[2026-06-20T05:21:35+07:00] main       <good>   finalized dir elapsed=0.00s
[2026-06-20T05:21:35+07:00] verify     <good>   ok elapsed=0.05s
[2026-06-20T05:21:35+07:00] pg         <info>   state pg_last_wal_fname=00000001000000000000002F
[2026-06-20T05:21:35+07:00] main       <info>   retention elapsed=0.00s
[2026-06-20T05:21:35+07:00] transfer   <info>   pushing to 1 destination(s) as 'chain-v2/20260620_052130': ['recovery@192.168.10.129:/home/recovery/local-backup/incoming']
[2026-06-20T05:21:37+07:00] transfer   <good>   all 1 destination(s) OK elapsed=1.71s
[2026-06-20T05:21:37+07:00] main       <info>   Deleting local cycle since it was transferred: /home/primary/data/backup-cycles/chain-v2/20260620_052130
[2026-06-20T05:21:37+07:00] main       <info>   cycle_summary: wal_files=4 (0 B), pfc_chunks=142 (stored=17.19 MiB, raw=121.83 MiB), cycle_stored=18.95 MiB chain=chain-v2
[2026-06-20T05:21:37+07:00] main       <good>   completed cycle=20260620_052130 chain=chain-v2 elapsed=7.17s
[2026-06-20T05:21:37+07:00] pg         <good>   polled → pg_events.csv
[2026-06-20T05:21:37+0700] main       <good>   Cycle #11 completed OK
[2026-06-20T05:21:37+0700] main       <info>   Sleeping 20m until next cycle …
[2026-06-20T05:21:38+07:00] mongo      <good>   polled → mongo_events.csv
[2026-06-20T05:21:38+07:00] unstr      <good>   polled → unstructured_events.csv
[2026-06-20T05:21:48+07:00] pg         <good>   polled → pg_events.csv
[2026-06-20T05:21:50+07:00] mongo      <good>   polled → mongo_events.csv
[2026-06-20T05:21:50+07:00] unstr      <good>   polled → unstructured_events.csv
[2026-06-20T05:22:00+07:00] pg         <good>   polled → pg_events.csv
[2026-06-20T05:22:01+07:00] mongo      <good>   polled → mongo_events.csv
[2026-06-20T05:22:01+07:00] unstr      <good>   polled → unstructured_events.csv
[2026-06-20T05:22:11+07:00] pg         <good>   polled → pg_events.csv
[2026-06-20T05:22:12+07:00] mongo      <good>   polled → mongo_events.csv
[2026-06-20T05:22:12+07:00] unstr      <good>   polled → unstructured_events.csv
[2026-06-20T05:22:22+07:00] pg         <good>   polled → pg_events.csv
[2026-06-20T05:22:23+07:00] mongo      <good>   polled → mongo_events.csv
[2026-06-20T05:22:23+07:00] unstr      <good>   polled → unstructured_events.csv
[2026-06-20T05:22:33+07:00] pg         <good>   polled → pg_events.csv
[2026-06-20T05:22:34+07:00] mongo      <good>   polled → mongo_events.csv
[2026-06-20T05:22:34+07:00] unstr      <good>   polled → unstructured_events.csv
[2026-06-20T05:22:44+07:00] pg         <good>   polled → pg_events.csv
[2026-06-20T05:22:45+07:00] mongo      <good>   polled → mongo_events.csv
[2026-06-20T05:22:45+07:00] unstr      <good>   polled → unstructured_events.csv
[2026-06-20T05:22:55+07:00] pg         <good>   polled → pg_events.csv
[2026-06-20T05:22:56+07:00] mongo      <good>   polled → mongo_events.csv
[2026-06-20T05:22:56+07:00] unstr      <good>   polled → unstructured_events.csv
[2026-06-20T05:23:06+07:00] pg         <good>   polled → pg_events.csv
[2026-06-20T05:23:07+07:00] mongo      <good>   polled → mongo_events.csv
[2026-06-20T05:23:07+07:00] unstr      <good>   polled → unstructured_events.csv
[2026-06-20T05:23:17+07:00] pg         <good>   polled → pg_events.csv
[2026-06-20T05:23:18+07:00] mongo      <good>   polled → mongo_events.csv
[2026-06-20T05:23:18+07:00] unstr      <good>   polled → unstructured_events.csv
[2026-06-20T05:23:28+07:00] pg         <good>   polled → pg_events.csv
[2026-06-20T05:23:29+07:00] mongo      <good>   polled → mongo_events.csv
[2026-06-20T05:23:29+07:00] unstr      <good>   polled → unstructured_events.csv
[2026-06-20T05:23:39+07:00] pg         <good>   polled → pg_events.csv
[2026-06-20T05:23:40+07:00] mongo      <good>   polled → mongo_events.csv
[2026-06-20T05:23:40+07:00] unstr      <good>   polled → unstructured_events.csv
[2026-06-20T05:23:51+07:00] pg         <good>   polled → pg_events.csv
[2026-06-20T05:23:52+07:00] mongo      <good>   polled → mongo_events.csv
[2026-06-20T05:23:52+07:00] unstr      <good>   polled → unstructured_events.csv
[2026-06-20T05:24:02+07:00] pg         <good>   polled → pg_events.csv
[2026-06-20T05:24:03+07:00] mongo      <good>   polled → mongo_events.csv
[2026-06-20T05:24:03+07:00] unstr      <good>   polled → unstructured_events.csv
[2026-06-20T05:24:13+07:00] pg         <good>   polled → pg_events.csv
[2026-06-20T05:24:14+07:00] mongo      <good>   polled → mongo_events.csv
[2026-06-20T05:24:14+07:00] unstr      <good>   polled → unstructured_events.csv
[2026-06-20T05:24:24+07:00] pg         <good>   polled → pg_events.csv
[2026-06-20T05:24:25+07:00] mongo      <good>   polled → mongo_events.csv
[2026-06-20T05:24:25+07:00] unstr      <good>   polled → unstructured_events.csv
[2026-06-20T05:24:35+07:00] pg         <good>   polled → pg_events.csv
[2026-06-20T05:24:36+07:00] mongo      <good>   polled → mongo_events.csv
[2026-06-20T05:24:36+07:00] unstr      <good>   polled → unstructured_events.csv
[2026-06-20T05:24:46+07:00] pg         <good>   polled → pg_events.csv
[2026-06-20T05:24:47+07:00] mongo      <good>   polled → mongo_events.csv
[2026-06-20T05:24:47+07:00] unstr      <good>   polled → unstructured_events.csv
[2026-06-20T05:24:57+07:00] pg         <good>   polled → pg_events.csv
[2026-06-20T05:24:58+07:00] mongo      <good>   polled → mongo_events.csv
[2026-06-20T05:24:58+07:00] unstr      <good>   polled → unstructured_events.csv
[2026-06-20T05:25:08+07:00] pg         <good>   polled → pg_events.csv
[2026-06-20T05:25:09+07:00] mongo      <good>   polled → mongo_events.csv
[2026-06-20T05:25:09+07:00] unstr      <good>   polled → unstructured_events.csv
[2026-06-20T05:25:19+07:00] pg         <good>   polled → pg_events.csv
[2026-06-20T05:25:20+07:00] mongo      <good>   polled → mongo_events.csv
[2026-06-20T05:25:20+07:00] unstr      <good>   polled → unstructured_events.csv
[2026-06-20T05:25:30+07:00] pg         <good>   polled → pg_events.csv
[2026-06-20T05:25:31+07:00] mongo      <good>   polled → mongo_events.csv
[2026-06-20T05:25:31+07:00] unstr      <good>   polled → unstructured_events.csv
[2026-06-20T05:25:41+07:00] pg         <good>   polled → pg_events.csv
[2026-06-20T05:25:42+07:00] mongo      <good>   polled → mongo_events.csv
[2026-06-20T05:25:42+07:00] unstr      <good>   polled → unstructured_events.csv
[2026-06-20T05:25:52+07:00] pg         <good>   polled → pg_events.csv
[2026-06-20T05:25:53+07:00] mongo      <good>   polled → mongo_events.csv
[2026-06-20T05:25:53+07:00] unstr      <good>   polled → unstructured_events.csv
[2026-06-20T05:26:03+07:00] pg         <good>   polled → pg_events.csv
[2026-06-20T05:26:04+07:00] mongo      <good>   polled → mongo_events.csv
[2026-06-20T05:26:04+07:00] unstr      <good>   polled → unstructured_events.csv
[2026-06-20T05:26:14+07:00] pg         <good>   polled → pg_events.csv
[2026-06-20T05:26:15+07:00] mongo      <good>   polled → mongo_events.csv
[2026-06-20T05:26:15+07:00] unstr      <good>   polled → unstructured_events.csv
[2026-06-20T05:26:25+07:00] pg         <good>   polled → pg_events.csv
[2026-06-20T05:26:26+07:00] mongo      <good>   polled → mongo_events.csv
[2026-06-20T05:26:26+07:00] unstr      <good>   polled → unstructured_events.csv
[2026-06-20T05:26:36+07:00] pg         <good>   polled → pg_events.csv
[2026-06-20T05:26:37+07:00] mongo      <good>   polled → mongo_events.csv
[2026-06-20T05:26:37+07:00] unstr      <good>   polled → unstructured_events.csv
[2026-06-20T05:26:48+07:00] pg         <good>   polled → pg_events.csv
[2026-06-20T05:26:49+07:00] mongo      <good>   polled → mongo_events.csv
[2026-06-20T05:26:49+07:00] unstr      <good>   polled → unstructured_events.csv
[2026-06-20T05:26:59+07:00] pg         <good>   polled → pg_events.csv
[2026-06-20T05:27:00+07:00] mongo      <good>   polled → mongo_events.csv
[2026-06-20T05:27:00+07:00] unstr      <good>   polled → unstructured_events.csv
[2026-06-20T05:27:10+07:00] pg         <good>   polled → pg_events.csv
[2026-06-20T05:27:11+07:00] mongo      <good>   polled → mongo_events.csv
[2026-06-20T05:27:11+07:00] unstr      <good>   polled → unstructured_events.csv
[2026-06-20T05:27:21+07:00] pg         <good>   polled → pg_events.csv
[2026-06-20T05:27:22+07:00] mongo      <good>   polled → mongo_events.csv
[2026-06-20T05:27:22+07:00] unstr      <good>   polled → unstructured_events.csv
[2026-06-20T05:27:32+07:00] pg         <good>   polled → pg_events.csv
[2026-06-20T05:27:33+07:00] mongo      <good>   polled → mongo_events.csv
[2026-06-20T05:27:33+07:00] unstr      <good>   polled → unstructured_events.csv
[2026-06-20T05:27:43+07:00] pg         <good>   polled → pg_events.csv
[2026-06-20T05:27:44+07:00] mongo      <good>   polled → mongo_events.csv
[2026-06-20T05:27:44+07:00] unstr      <good>   polled → unstructured_events.csv
[2026-06-20T05:27:54+07:00] pg         <good>   polled → pg_events.csv
[2026-06-20T05:27:55+07:00] mongo      <good>   polled → mongo_events.csv
[2026-06-20T05:27:55+07:00] unstr      <good>   polled → unstructured_events.csv
[2026-06-20T05:28:05+07:00] pg         <good>   polled → pg_events.csv
[2026-06-20T05:28:06+07:00] mongo      <good>   polled → mongo_events.csv
[2026-06-20T05:28:06+07:00] unstr      <good>   polled → unstructured_events.csv
[2026-06-20T05:28:16+07:00] pg         <good>   polled → pg_events.csv
[2026-06-20T05:28:17+07:00] mongo      <good>   polled → mongo_events.csv
[2026-06-20T05:28:17+07:00] unstr      <good>   polled → unstructured_events.csv
[2026-06-20T05:28:27+07:00] pg         <good>   polled → pg_events.csv
[2026-06-20T05:28:29+07:00] mongo      <good>   polled → mongo_events.csv
[2026-06-20T05:28:29+07:00] unstr      <good>   polled → unstructured_events.csv
[2026-06-20T05:28:39+07:00] pg         <good>   polled → pg_events.csv
[2026-06-20T05:28:40+07:00] mongo      <good>   polled → mongo_events.csv
[2026-06-20T05:28:40+07:00] unstr      <good>   polled → unstructured_events.csv
[2026-06-20T05:28:50+07:00] pg         <good>   polled → pg_events.csv
[2026-06-20T05:28:51+07:00] mongo      <good>   polled → mongo_events.csv
[2026-06-20T05:28:51+07:00] unstr      <good>   polled → unstructured_events.csv
[2026-06-20T05:29:01+07:00] pg         <good>   polled → pg_events.csv
[2026-06-20T05:29:02+07:00] mongo      <good>   polled → mongo_events.csv
[2026-06-20T05:29:02+07:00] unstr      <good>   polled → unstructured_events.csv
[2026-06-20T05:29:12+07:00] pg         <good>   polled → pg_events.csv
[2026-06-20T05:29:13+07:00] mongo      <good>   polled → mongo_events.csv
[2026-06-20T05:29:13+07:00] unstr      <good>   polled → unstructured_events.csv
[2026-06-20T05:29:23+07:00] pg         <good>   polled → pg_events.csv
[2026-06-20T05:29:24+07:00] mongo      <good>   polled → mongo_events.csv
[2026-06-20T05:29:24+07:00] unstr      <good>   polled → unstructured_events.csv
[2026-06-20T05:29:34+07:00] pg         <good>   polled → pg_events.csv
[2026-06-20T05:29:35+07:00] mongo      <good>   polled → mongo_events.csv
[2026-06-20T05:29:35+07:00] unstr      <good>   polled → unstructured_events.csv
[2026-06-20T05:29:45+07:00] pg         <good>   polled → pg_events.csv
[2026-06-20T05:29:46+07:00] mongo      <good>   polled → mongo_events.csv
[2026-06-20T05:29:46+07:00] unstr      <good>   polled → unstructured_events.csv
[2026-06-20T05:29:56+07:00] pg         <good>   polled → pg_events.csv
[2026-06-20T05:29:57+07:00] mongo      <good>   polled → mongo_events.csv
[2026-06-20T05:29:57+07:00] unstr      <good>   polled → unstructured_events.csv
[2026-06-20T05:30:07+07:00] pg         <good>   polled → pg_events.csv
[2026-06-20T05:30:08+07:00] mongo      <good>   polled → mongo_events.csv
[2026-06-20T05:30:08+07:00] unstr      <good>   polled → unstructured_events.csv
[2026-06-20T05:30:18+07:00] pg         <good>   polled → pg_events.csv
[2026-06-20T05:30:19+07:00] mongo      <good>   polled → mongo_events.csv
[2026-06-20T05:30:19+07:00] unstr      <good>   polled → unstructured_events.csv
[2026-06-20T05:30:29+07:00] pg         <good>   polled → pg_events.csv
[2026-06-20T05:30:30+07:00] mongo      <good>   polled → mongo_events.csv
[2026-06-20T05:30:30+07:00] unstr      <good>   polled → unstructured_events.csv
[2026-06-20T05:30:40+07:00] pg         <good>   polled → pg_events.csv
[2026-06-20T05:30:41+07:00] mongo      <good>   polled → mongo_events.csv
[2026-06-20T05:30:41+07:00] unstr      <good>   polled → unstructured_events.csv
[2026-06-20T05:30:51+07:00] pg         <good>   polled → pg_events.csv
[2026-06-20T05:30:52+07:00] mongo      <good>   polled → mongo_events.csv
[2026-06-20T05:30:52+07:00] unstr      <good>   polled → unstructured_events.csv
[2026-06-20T05:31:02+07:00] pg         <good>   polled → pg_events.csv
[2026-06-20T05:31:03+07:00] mongo      <good>   polled → mongo_events.csv
[2026-06-20T05:31:03+07:00] unstr      <good>   polled → unstructured_events.csv
[2026-06-20T05:31:13+07:00] pg         <good>   polled → pg_events.csv
[2026-06-20T05:31:14+07:00] mongo      <good>   polled → mongo_events.csv
[2026-06-20T05:31:14+07:00] unstr      <good>   polled → unstructured_events.csv
[2026-06-20T05:31:24+07:00] pg         <good>   polled → pg_events.csv
[2026-06-20T05:31:25+07:00] mongo      <good>   polled → mongo_events.csv
[2026-06-20T05:31:25+07:00] unstr      <good>   polled → unstructured_events.csv
[2026-06-20T05:31:35+07:00] pg         <good>   polled → pg_events.csv
[2026-06-20T05:31:36+07:00] mongo      <good>   polled → mongo_events.csv
[2026-06-20T05:31:36+07:00] unstr      <good>   polled → unstructured_events.csv
[2026-06-20T05:31:46+07:00] pg         <good>   polled → pg_events.csv
[2026-06-20T05:31:47+07:00] mongo      <good>   polled → mongo_events.csv
[2026-06-20T05:31:47+07:00] unstr      <good>   polled → unstructured_events.csv
[2026-06-20T05:31:57+07:00] pg         <good>   polled → pg_events.csv
[2026-06-20T05:31:58+07:00] mongo      <good>   polled → mongo_events.csv
[2026-06-20T05:31:58+07:00] unstr      <good>   polled → unstructured_events.csv
[2026-06-20T05:32:08+07:00] pg         <good>   polled → pg_events.csv
[2026-06-20T05:32:10+07:00] mongo      <good>   polled → mongo_events.csv
[2026-06-20T05:32:10+07:00] unstr      <good>   polled → unstructured_events.csv
[2026-06-20T05:32:20+07:00] pg         <good>   polled → pg_events.csv
[2026-06-20T05:32:21+07:00] mongo      <good>   polled → mongo_events.csv
[2026-06-20T05:32:21+07:00] unstr      <good>   polled → unstructured_events.csv
[2026-06-20T05:32:31+07:00] pg         <good>   polled → pg_events.csv
[2026-06-20T05:32:32+07:00] mongo      <good>   polled → mongo_events.csv
[2026-06-20T05:32:32+07:00] unstr      <good>   polled → unstructured_events.csv
[2026-06-20T05:32:42+07:00] pg         <good>   polled → pg_events.csv
[2026-06-20T05:32:43+07:00] mongo      <good>   polled → mongo_events.csv
[2026-06-20T05:32:43+07:00] unstr      <good>   polled → unstructured_events.csv
[2026-06-20T05:32:53+07:00] pg         <good>   polled → pg_events.csv
[2026-06-20T05:32:54+07:00] mongo      <good>   polled → mongo_events.csv
[2026-06-20T05:32:54+07:00] unstr      <good>   polled → unstructured_events.csv
[2026-06-20T05:33:04+07:00] pg         <good>   polled → pg_events.csv
[2026-06-20T05:33:05+07:00] mongo      <good>   polled → mongo_events.csv
[2026-06-20T05:33:05+07:00] unstr      <good>   polled → unstructured_events.csv
[2026-06-20T05:33:15+07:00] pg         <good>   polled → pg_events.csv
[2026-06-20T05:33:16+07:00] mongo      <good>   polled → mongo_events.csv
[2026-06-20T05:33:16+07:00] unstr      <good>   polled → unstructured_events.csv
[2026-06-20T05:33:26+07:00] pg         <good>   polled → pg_events.csv
[2026-06-20T05:33:27+07:00] mongo      <good>   polled → mongo_events.csv
[2026-06-20T05:33:27+07:00] unstr      <good>   polled → unstructured_events.csv
[2026-06-20T05:33:37+07:00] pg         <good>   polled → pg_events.csv
[2026-06-20T05:33:38+07:00] mongo      <good>   polled → mongo_events.csv
[2026-06-20T05:33:38+07:00] unstr      <good>   polled → unstructured_events.csv
[2026-06-20T05:33:48+07:00] pg         <good>   polled → pg_events.csv
[2026-06-20T05:33:49+07:00] mongo      <good>   polled → mongo_events.csv
[2026-06-20T05:33:49+07:00] unstr      <good>   polled → unstructured_events.csv
[2026-06-20T05:33:59+07:00] pg         <good>   polled → pg_events.csv
[2026-06-20T05:34:00+07:00] mongo      <good>   polled → mongo_events.csv
[2026-06-20T05:34:00+07:00] unstr      <good>   polled → unstructured_events.csv
[2026-06-20T05:34:10+07:00] pg         <good>   polled → pg_events.csv
[2026-06-20T05:34:11+07:00] mongo      <good>   polled → mongo_events.csv
[2026-06-20T05:34:11+07:00] unstr      <good>   polled → unstructured_events.csv
[2026-06-20T05:34:21+07:00] pg         <good>   polled → pg_events.csv
[2026-06-20T05:34:22+07:00] mongo      <good>   polled → mongo_events.csv
[2026-06-20T05:34:22+07:00] unstr      <good>   polled → unstructured_events.csv
[2026-06-20T05:34:33+07:00] pg         <good>   polled → pg_events.csv
[2026-06-20T05:34:34+07:00] mongo      <good>   polled → mongo_events.csv
[2026-06-20T05:34:34+07:00] unstr      <good>   polled → unstructured_events.csv
[2026-06-20T05:34:44+07:00] pg         <good>   polled → pg_events.csv
[2026-06-20T05:34:45+07:00] mongo      <good>   polled → mongo_events.csv
[2026-06-20T05:34:45+07:00] unstr      <good>   polled → unstructured_events.csv
[2026-06-20T05:34:55+07:00] pg         <good>   polled → pg_events.csv
[2026-06-20T05:34:56+07:00] mongo      <good>   polled → mongo_events.csv
[2026-06-20T05:34:56+07:00] unstr      <good>   polled → unstructured_events.csv
[2026-06-20T05:35:06+07:00] pg         <good>   polled → pg_events.csv
[2026-06-20T05:35:07+07:00] mongo      <good>   polled → mongo_events.csv
[2026-06-20T05:35:07+07:00] unstr      <good>   polled → unstructured_events.csv
[2026-06-20T05:35:17+07:00] pg         <good>   polled → pg_events.csv
[2026-06-20T05:35:18+07:00] mongo      <good>   polled → mongo_events.csv
[2026-06-20T05:35:18+07:00] unstr      <good>   polled → unstructured_events.csv
[2026-06-20T05:35:28+07:00] pg         <good>   polled → pg_events.csv
[2026-06-20T05:35:29+07:00] mongo      <good>   polled → mongo_events.csv
[2026-06-20T05:35:29+07:00] unstr      <good>   polled → unstructured_events.csv
[2026-06-20T05:35:39+07:00] pg         <good>   polled → pg_events.csv
[2026-06-20T05:35:40+07:00] mongo      <good>   polled → mongo_events.csv
[2026-06-20T05:35:40+07:00] unstr      <good>   polled → unstructured_events.csv
[2026-06-20T05:35:50+07:00] pg         <good>   polled → pg_events.csv
[2026-06-20T05:35:51+07:00] mongo      <good>   polled → mongo_events.csv
[2026-06-20T05:35:51+07:00] unstr      <good>   polled → unstructured_events.csv
[2026-06-20T05:36:01+07:00] pg         <good>   polled → pg_events.csv
[2026-06-20T05:36:02+07:00] mongo      <good>   polled → mongo_events.csv
[2026-06-20T05:36:02+07:00] unstr      <good>   polled → unstructured_events.csv
[2026-06-20T05:36:12+07:00] pg         <good>   polled → pg_events.csv
[2026-06-20T05:36:13+07:00] mongo      <good>   polled → mongo_events.csv
[2026-06-20T05:36:13+07:00] unstr      <good>   polled → unstructured_events.csv
[2026-06-20T05:36:23+07:00] pg         <good>   polled → pg_events.csv
[2026-06-20T05:36:24+07:00] mongo      <good>   polled → mongo_events.csv
[2026-06-20T05:36:24+07:00] unstr      <good>   polled → unstructured_events.csv
[2026-06-20T05:36:34+07:00] pg         <good>   polled → pg_events.csv
[2026-06-20T05:36:35+07:00] mongo      <good>   polled → mongo_events.csv
[2026-06-20T05:36:35+07:00] unstr      <good>   polled → unstructured_events.csv
[2026-06-20T05:36:45+07:00] pg         <good>   polled → pg_events.csv
[2026-06-20T05:36:46+07:00] mongo      <good>   polled → mongo_events.csv
[2026-06-20T05:36:46+07:00] unstr      <good>   polled → unstructured_events.csv
[2026-06-20T05:36:56+07:00] pg         <good>   polled → pg_events.csv
[2026-06-20T05:36:57+07:00] mongo      <good>   polled → mongo_events.csv
[2026-06-20T05:36:57+07:00] unstr      <good>   polled → unstructured_events.csv
[2026-06-20T05:37:07+07:00] pg         <good>   polled → pg_events.csv
[2026-06-20T05:37:08+07:00] mongo      <good>   polled → mongo_events.csv
[2026-06-20T05:37:08+07:00] unstr      <good>   polled → unstructured_events.csv
[2026-06-20T05:37:18+07:00] pg         <good>   polled → pg_events.csv
[2026-06-20T05:37:19+07:00] mongo      <good>   polled → mongo_events.csv
[2026-06-20T05:37:19+07:00] unstr      <good>   polled → unstructured_events.csv
[2026-06-20T05:37:30+07:00] pg         <good>   polled → pg_events.csv
[2026-06-20T05:37:31+07:00] mongo      <good>   polled → mongo_events.csv
[2026-06-20T05:37:31+07:00] unstr      <good>   polled → unstructured_events.csv
[2026-06-20T05:37:41+07:00] pg         <good>   polled → pg_events.csv
[2026-06-20T05:37:42+07:00] mongo      <good>   polled → mongo_events.csv
[2026-06-20T05:37:42+07:00] unstr      <good>   polled → unstructured_events.csv
[2026-06-20T05:37:52+07:00] pg         <good>   polled → pg_events.csv
[2026-06-20T05:37:53+07:00] mongo      <good>   polled → mongo_events.csv
[2026-06-20T05:37:53+07:00] unstr      <good>   polled → unstructured_events.csv
[2026-06-20T05:38:03+07:00] pg         <good>   polled → pg_events.csv
[2026-06-20T05:38:04+07:00] mongo      <good>   polled → mongo_events.csv
[2026-06-20T05:38:04+07:00] unstr      <good>   polled → unstructured_events.csv
[2026-06-20T05:38:14+07:00] pg         <good>   polled → pg_events.csv
[2026-06-20T05:38:15+07:00] mongo      <good>   polled → mongo_events.csv
[2026-06-20T05:38:15+07:00] unstr      <good>   polled → unstructured_events.csv
[2026-06-20T05:38:25+07:00] pg         <good>   polled → pg_events.csv
[2026-06-20T05:38:26+07:00] mongo      <good>   polled → mongo_events.csv
[2026-06-20T05:38:26+07:00] unstr      <good>   polled → unstructured_events.csv
[2026-06-20T05:38:36+07:00] pg         <good>   polled → pg_events.csv
[2026-06-20T05:38:37+07:00] mongo      <good>   polled → mongo_events.csv
[2026-06-20T05:38:37+07:00] unstr      <good>   polled → unstructured_events.csv
[2026-06-20T05:38:47+07:00] pg         <good>   polled → pg_events.csv
[2026-06-20T05:38:48+07:00] mongo      <good>   polled → mongo_events.csv
[2026-06-20T05:38:48+07:00] unstr      <good>   polled → unstructured_events.csv
[2026-06-20T05:38:58+07:00] pg         <good>   polled → pg_events.csv
[2026-06-20T05:38:59+07:00] mongo      <good>   polled → mongo_events.csv
[2026-06-20T05:38:59+07:00] unstr      <good>   polled → unstructured_events.csv
[2026-06-20T05:39:09+07:00] pg         <good>   polled → pg_events.csv
[2026-06-20T05:39:10+07:00] mongo      <good>   polled → mongo_events.csv
[2026-06-20T05:39:10+07:00] unstr      <good>   polled → unstructured_events.csv
[2026-06-20T05:39:20+07:00] pg         <good>   polled → pg_events.csv
[2026-06-20T05:39:21+07:00] mongo      <good>   polled → mongo_events.csv
[2026-06-20T05:39:21+07:00] unstr      <good>   polled → unstructured_events.csv
[2026-06-20T05:39:31+07:00] pg         <good>   polled → pg_events.csv
[2026-06-20T05:39:32+07:00] mongo      <good>   polled → mongo_events.csv
[2026-06-20T05:39:32+07:00] unstr      <good>   polled → unstructured_events.csv
[2026-06-20T05:39:42+07:00] pg         <good>   polled → pg_events.csv
[2026-06-20T05:39:43+07:00] mongo      <good>   polled → mongo_events.csv
[2026-06-20T05:39:43+07:00] unstr      <good>   polled → unstructured_events.csv
[2026-06-20T05:39:53+07:00] pg         <good>   polled → pg_events.csv
[2026-06-20T05:39:54+07:00] mongo      <good>   polled → mongo_events.csv
[2026-06-20T05:39:54+07:00] unstr      <good>   polled → unstructured_events.csv
[2026-06-20T05:40:04+07:00] pg         <good>   polled → pg_events.csv
[2026-06-20T05:40:05+07:00] mongo      <good>   polled → mongo_events.csv
[2026-06-20T05:40:05+07:00] unstr      <good>   polled → unstructured_events.csv
[2026-06-20T05:40:15+07:00] pg         <good>   polled → pg_events.csv
[2026-06-20T05:40:16+07:00] mongo      <good>   polled → mongo_events.csv
[2026-06-20T05:40:16+07:00] unstr      <good>   polled → unstructured_events.csv
[2026-06-20T05:40:27+07:00] pg         <good>   polled → pg_events.csv
[2026-06-20T05:40:28+07:00] mongo      <good>   polled → mongo_events.csv
[2026-06-20T05:40:28+07:00] unstr      <good>   polled → unstructured_events.csv
[2026-06-20T05:40:38+07:00] pg         <good>   polled → pg_events.csv
[2026-06-20T05:40:39+07:00] mongo      <good>   polled → mongo_events.csv
[2026-06-20T05:40:39+07:00] unstr      <good>   polled → unstructured_events.csv
[2026-06-20T05:40:49+07:00] pg         <good>   polled → pg_events.csv
[2026-06-20T05:40:50+07:00] mongo      <good>   polled → mongo_events.csv
[2026-06-20T05:40:50+07:00] unstr      <good>   polled → unstructured_events.csv
[2026-06-20T05:41:00+07:00] pg         <good>   polled → pg_events.csv
[2026-06-20T05:41:01+07:00] mongo      <good>   polled → mongo_events.csv
[2026-06-20T05:41:01+07:00] unstr      <good>   polled → unstructured_events.csv
[2026-06-20T05:41:11+07:00] pg         <good>   polled → pg_events.csv
[2026-06-20T05:41:12+07:00] mongo      <good>   polled → mongo_events.csv
[2026-06-20T05:41:12+07:00] unstr      <good>   polled → unstructured_events.csv
[2026-06-20T05:41:22+07:00] pg         <good>   polled → pg_events.csv
[2026-06-20T05:41:23+07:00] mongo      <good>   polled → mongo_events.csv
[2026-06-20T05:41:23+07:00] unstr      <good>   polled → unstructured_events.csv
[2026-06-20T05:41:33+07:00] pg         <good>   polled → pg_events.csv
[2026-06-20T05:41:34+07:00] mongo      <good>   polled → mongo_events.csv
[2026-06-20T05:41:34+07:00] unstr      <good>   polled → unstructured_events.csv
[2026-06-20T05:41:37+0700] main       <info>   ──────────────────────────────────────────────────────
[2026-06-20T05:41:37+0700] main       <info>   Cycle #12 starting
[2026-06-20T05:41:38+07:00] main       <info>   starting cycle=20260620_054138 at=2026-06-20T05:41:38.075278+07:00
[2026-06-20T05:41:38+07:00] main       <info>   output_root=/home/primary/data/backup-cycles
[2026-06-20T05:41:38+07:00] main       <info>   staging_root=/home/primary/data/backup-staging
[2026-06-20T05:41:38+07:00] main       <info>   state_db=/home/primary/data/backup-metadata/pfc_index.db
[2026-06-20T05:41:38+07:00] main       <info>   retention max_cycles=30 max_bytes=50.00 GiB cycle_cap=10.00 GiB
[2026-06-20T05:41:38+07:00] main       <info>   chain_version=chain-v2 versioned_cycles_root=/home/primary/data/backup-cycles/chain-v2
[2026-06-20T05:41:38+07:00] main       <info>   last_cycle_ts=1781907695 (2026-06-20T05:21:35+07:00)
[2026-06-20T05:41:40+07:00] mongo      <good>   oplog compressed raw=2.06 MiB stored=85.99 KiB ratio=0.041 elapsed=0.04s
[2026-06-20T05:41:40+07:00] fixtures   <good>   seeded target=/home/primary/data/unstructured/fixtures copied=0 skipped=25 bytes=0 elapsed=0.00s
[2026-06-20T05:41:43+07:00] main       <info>   staging_size=97.04 MiB checked_in=0.00s
[2026-06-20T05:41:43+07:00] main       <good>   wrote checksums=/home/primary/data/backup-staging/cycle_20260620_054138.tmp/checksums.sha256
[2026-06-20T05:41:43+07:00] main       <good>   finalized dir elapsed=0.00s
[2026-06-20T05:41:44+07:00] verify     <good>   ok elapsed=0.23s
[2026-06-20T05:41:44+07:00] pg         <info>   state pg_last_wal_fname=000000010000000000000033
[2026-06-20T05:41:44+07:00] main       <info>   retention elapsed=0.00s
[2026-06-20T05:41:44+07:00] transfer   <info>   pushing to 1 destination(s) as 'chain-v2/20260620_054138': ['recovery@192.168.10.129:/home/recovery/local-backup/incoming']
[2026-06-20T05:41:44+07:00] pg         <good>   polled → pg_events.csv
[2026-06-20T05:41:45+07:00] mongo      <good>   polled → mongo_events.csv
[2026-06-20T05:41:45+07:00] unstr      <good>   polled → unstructured_events.csv
[2026-06-20T05:41:47+07:00] transfer   <good>   all 1 destination(s) OK elapsed=3.61s
[2026-06-20T05:41:47+07:00] main       <info>   Deleting local cycle since it was transferred: /home/primary/data/backup-cycles/chain-v2/20260620_054138
[2026-06-20T05:41:47+07:00] main       <info>   cycle_summary: wal_files=4 (0 B), pfc_chunks=171 (stored=95.37 MiB, raw=149.41 MiB), cycle_stored=97.14 MiB chain=chain-v2
[2026-06-20T05:41:47+07:00] main       <good>   completed cycle=20260620_054138 chain=chain-v2 elapsed=9.70s
[2026-06-20T05:41:47+0700] main       <good>   Cycle #12 completed OK
[2026-06-20T05:41:47+0700] main       <info>   Sleeping 20m until next cycle …
[2026-06-20T05:41:56+07:00] pg         <good>   polled → pg_events.csv
[2026-06-20T05:41:57+07:00] mongo      <good>   polled → mongo_events.csv
[2026-06-20T05:41:57+07:00] unstr      <good>   polled → unstructured_events.csv
[2026-06-20T05:42:07+07:00] pg         <good>   polled → pg_events.csv
[2026-06-20T05:42:08+07:00] mongo      <good>   polled → mongo_events.csv
[2026-06-20T05:42:08+07:00] unstr      <good>   polled → unstructured_events.csv
[2026-06-20T05:42:18+07:00] pg         <good>   polled → pg_events.csv
[2026-06-20T05:42:19+07:00] mongo      <good>   polled → mongo_events.csv
[2026-06-20T05:42:19+07:00] unstr      <good>   polled → unstructured_events.csv
[2026-06-20T05:42:29+07:00] pg         <good>   polled → pg_events.csv
[2026-06-20T05:42:31+07:00] mongo      <good>   polled → mongo_events.csv
[2026-06-20T05:42:31+07:00] unstr      <good>   polled → unstructured_events.csv
[2026-06-20T05:42:41+07:00] pg         <good>   polled → pg_events.csv
[2026-06-20T05:42:42+07:00] mongo      <good>   polled → mongo_events.csv
[2026-06-20T05:42:42+07:00] unstr      <good>   polled → unstructured_events.csv
[2026-06-20T05:42:52+07:00] pg         <good>   polled → pg_events.csv
[2026-06-20T05:42:53+07:00] mongo      <good>   polled → mongo_events.csv
[2026-06-20T05:42:53+07:00] unstr      <good>   polled → unstructured_events.csv
[2026-06-20T05:43:03+07:00] pg         <good>   polled → pg_events.csv
[2026-06-20T05:43:04+07:00] mongo      <good>   polled → mongo_events.csv
[2026-06-20T05:43:04+07:00] unstr      <good>   polled → unstructured_events.csv
[2026-06-20T05:43:14+07:00] pg         <good>   polled → pg_events.csv
[2026-06-20T05:43:15+07:00] mongo      <good>   polled → mongo_events.csv
[2026-06-20T05:43:15+07:00] unstr      <good>   polled → unstructured_events.csv
[2026-06-20T05:43:25+07:00] pg         <good>   polled → pg_events.csv
[2026-06-20T05:43:26+07:00] mongo      <good>   polled → mongo_events.csv
[2026-06-20T05:43:26+07:00] unstr      <good>   polled → unstructured_events.csv
[2026-06-20T05:43:36+07:00] pg         <good>   polled → pg_events.csv
[2026-06-20T05:43:37+07:00] mongo      <good>   polled → mongo_events.csv
[2026-06-20T05:43:37+07:00] unstr      <good>   polled → unstructured_events.csv
[2026-06-20T05:43:47+07:00] pg         <good>   polled → pg_events.csv
[2026-06-20T05:43:48+07:00] mongo      <good>   polled → mongo_events.csv
[2026-06-20T05:43:48+07:00] unstr      <good>   polled → unstructured_events.csv
[2026-06-20T05:43:58+07:00] pg         <good>   polled → pg_events.csv
[2026-06-20T05:43:59+07:00] mongo      <good>   polled → mongo_events.csv
[2026-06-20T05:43:59+07:00] unstr      <good>   polled → unstructured_events.csv
[2026-06-20T05:44:09+07:00] pg         <good>   polled → pg_events.csv
[2026-06-20T05:44:10+07:00] mongo      <good>   polled → mongo_events.csv
[2026-06-20T05:44:10+07:00] unstr      <good>   polled → unstructured_events.csv
[2026-06-20T05:44:20+07:00] pg         <good>   polled → pg_events.csv
[2026-06-20T05:44:21+07:00] mongo      <good>   polled → mongo_events.csv
[2026-06-20T05:44:21+07:00] unstr      <good>   polled → unstructured_events.csv
[2026-06-20T05:44:31+07:00] pg         <good>   polled → pg_events.csv
[2026-06-20T05:44:32+07:00] mongo      <good>   polled → mongo_events.csv
[2026-06-20T05:44:32+07:00] unstr      <good>   polled → unstructured_events.csv
[2026-06-20T05:44:42+07:00] pg         <good>   polled → pg_events.csv
[2026-06-20T05:44:43+07:00] mongo      <good>   polled → mongo_events.csv
[2026-06-20T05:44:43+07:00] unstr      <good>   polled → unstructured_events.csv
[2026-06-20T05:44:54+07:00] pg         <good>   polled → pg_events.csv
[2026-06-20T05:44:54+07:00] mongo      <good>   polled → mongo_events.csv
[2026-06-20T05:44:54+07:00] unstr      <good>   polled → unstructured_events.csv
[2026-06-20T05:45:05+07:00] pg         <good>   polled → pg_events.csv
[2026-06-20T05:45:06+07:00] mongo      <good>   polled → mongo_events.csv
[2026-06-20T05:45:06+07:00] unstr      <good>   polled → unstructured_events.csv
[2026-06-20T05:45:16+07:00] pg         <good>   polled → pg_events.csv
[2026-06-20T05:45:17+07:00] mongo      <good>   polled → mongo_events.csv
[2026-06-20T05:45:17+07:00] unstr      <good>   polled → unstructured_events.csv
[2026-06-20T05:45:27+07:00] pg         <good>   polled → pg_events.csv
[2026-06-20T05:45:28+07:00] mongo      <good>   polled → mongo_events.csv
[2026-06-20T05:45:28+07:00] unstr      <good>   polled → unstructured_events.csv
[2026-06-20T05:45:38+07:00] pg         <good>   polled → pg_events.csv
[2026-06-20T05:45:39+07:00] mongo      <good>   polled → mongo_events.csv
[2026-06-20T05:45:39+07:00] unstr      <good>   polled → unstructured_events.csv
[2026-06-20T05:45:49+07:00] pg         <good>   polled → pg_events.csv
[2026-06-20T05:45:50+07:00] mongo      <good>   polled → mongo_events.csv
[2026-06-20T05:45:50+07:00] unstr      <good>   polled → unstructured_events.csv
[2026-06-20T05:46:00+07:00] pg         <good>   polled → pg_events.csv
[2026-06-20T05:46:01+07:00] mongo      <good>   polled → mongo_events.csv
[2026-06-20T05:46:01+07:00] unstr      <good>   polled → unstructured_events.csv
[2026-06-20T05:46:11+07:00] pg         <good>   polled → pg_events.csv
[2026-06-20T05:46:12+07:00] mongo      <good>   polled → mongo_events.csv
[2026-06-20T05:46:12+07:00] unstr      <good>   polled → unstructured_events.csv
[2026-06-20T05:46:22+07:00] pg         <good>   polled → pg_events.csv
[2026-06-20T05:46:23+07:00] mongo      <good>   polled → mongo_events.csv
[2026-06-20T05:46:23+07:00] unstr      <good>   polled → unstructured_events.csv
[2026-06-20T05:46:33+07:00] pg         <good>   polled → pg_events.csv
[2026-06-20T05:46:34+07:00] mongo      <good>   polled → mongo_events.csv
[2026-06-20T05:46:34+07:00] unstr      <good>   polled → unstructured_events.csv
[2026-06-20T05:46:44+07:00] pg         <good>   polled → pg_events.csv
[2026-06-20T05:46:45+07:00] mongo      <good>   polled → mongo_events.csv
[2026-06-20T05:46:45+07:00] unstr      <good>   polled → unstructured_events.csv
[2026-06-20T05:46:55+07:00] pg         <good>   polled → pg_events.csv
[2026-06-20T05:46:56+07:00] mongo      <good>   polled → mongo_events.csv
[2026-06-20T05:46:56+07:00] unstr      <good>   polled → unstructured_events.csv
[2026-06-20T05:47:06+07:00] pg         <good>   polled → pg_events.csv
[2026-06-20T05:47:07+07:00] mongo      <good>   polled → mongo_events.csv
[2026-06-20T05:47:07+07:00] unstr      <good>   polled → unstructured_events.csv
[2026-06-20T05:47:17+07:00] pg         <good>   polled → pg_events.csv
[2026-06-20T05:47:18+07:00] mongo      <good>   polled → mongo_events.csv
[2026-06-20T05:47:18+07:00] unstr      <good>   polled → unstructured_events.csv
[2026-06-20T05:47:28+07:00] pg         <good>   polled → pg_events.csv
[2026-06-20T05:47:29+07:00] mongo      <good>   polled → mongo_events.csv
[2026-06-20T05:47:29+07:00] unstr      <good>   polled → unstructured_events.csv
[2026-06-20T05:47:39+07:00] pg         <good>   polled → pg_events.csv
[2026-06-20T05:47:40+07:00] mongo      <good>   polled → mongo_events.csv
[2026-06-20T05:47:40+07:00] unstr      <good>   polled → unstructured_events.csv
[2026-06-20T05:47:50+07:00] pg         <good>   polled → pg_events.csv
[2026-06-20T05:47:52+07:00] mongo      <good>   polled → mongo_events.csv
[2026-06-20T05:47:52+07:00] unstr      <good>   polled → unstructured_events.csv
[2026-06-20T05:48:02+07:00] pg         <good>   polled → pg_events.csv
[2026-06-20T05:48:03+07:00] mongo      <good>   polled → mongo_events.csv
[2026-06-20T05:48:03+07:00] unstr      <good>   polled → unstructured_events.csv
[2026-06-20T05:48:13+07:00] pg         <good>   polled → pg_events.csv
[2026-06-20T05:48:14+07:00] mongo      <good>   polled → mongo_events.csv
[2026-06-20T05:48:14+07:00] unstr      <good>   polled → unstructured_events.csv
[2026-06-20T05:48:24+07:00] pg         <good>   polled → pg_events.csv
[2026-06-20T05:48:25+07:00] mongo      <good>   polled → mongo_events.csv
[2026-06-20T05:48:25+07:00] unstr      <good>   polled → unstructured_events.csv
[2026-06-20T05:48:35+07:00] pg         <good>   polled → pg_events.csv
[2026-06-20T05:48:36+07:00] mongo      <good>   polled → mongo_events.csv
[2026-06-20T05:48:36+07:00] unstr      <good>   polled → unstructured_events.csv
[2026-06-20T05:48:46+07:00] pg         <good>   polled → pg_events.csv
[2026-06-20T05:48:47+07:00] mongo      <good>   polled → mongo_events.csv
[2026-06-20T05:48:47+07:00] unstr      <good>   polled → unstructured_events.csv
[2026-06-20T05:48:57+07:00] pg         <good>   polled → pg_events.csv
[2026-06-20T05:48:58+07:00] mongo      <good>   polled → mongo_events.csv
[2026-06-20T05:48:58+07:00] unstr      <good>   polled → unstructured_events.csv
[2026-06-20T05:49:08+07:00] pg         <good>   polled → pg_events.csv
[2026-06-20T05:49:09+07:00] mongo      <good>   polled → mongo_events.csv
[2026-06-20T05:49:09+07:00] unstr      <good>   polled → unstructured_events.csv
[2026-06-20T05:49:19+07:00] pg         <good>   polled → pg_events.csv
[2026-06-20T05:49:20+07:00] mongo      <good>   polled → mongo_events.csv
[2026-06-20T05:49:20+07:00] unstr      <good>   polled → unstructured_events.csv
[2026-06-20T05:49:30+07:00] pg         <good>   polled → pg_events.csv
[2026-06-20T05:49:31+07:00] mongo      <good>   polled → mongo_events.csv
[2026-06-20T05:49:31+07:00] unstr      <good>   polled → unstructured_events.csv
[2026-06-20T05:49:41+07:00] pg         <good>   polled → pg_events.csv
[2026-06-20T05:49:42+07:00] mongo      <good>   polled → mongo_events.csv
[2026-06-20T05:49:42+07:00] unstr      <good>   polled → unstructured_events.csv
[2026-06-20T05:49:52+07:00] pg         <good>   polled → pg_events.csv
[2026-06-20T05:49:53+07:00] mongo      <good>   polled → mongo_events.csv
[2026-06-20T05:49:53+07:00] unstr      <good>   polled → unstructured_events.csv
[2026-06-20T05:50:03+07:00] pg         <good>   polled → pg_events.csv
[2026-06-20T05:50:04+07:00] mongo      <good>   polled → mongo_events.csv
[2026-06-20T05:50:04+07:00] unstr      <good>   polled → unstructured_events.csv
[2026-06-20T05:50:14+07:00] pg         <good>   polled → pg_events.csv
[2026-06-20T05:50:15+07:00] mongo      <good>   polled → mongo_events.csv
[2026-06-20T05:50:15+07:00] unstr      <good>   polled → unstructured_events.csv
[2026-06-20T05:50:25+07:00] pg         <good>   polled → pg_events.csv
[2026-06-20T05:50:25+07:00] mongo      <good>   polled → mongo_events.csv
[2026-06-20T05:50:25+07:00] unstr      <good>   polled → unstructured_events.csv
[2026-06-20T05:50:36+07:00] pg         <good>   polled → pg_events.csv
[2026-06-20T05:50:36+07:00] mongo      <good>   polled → mongo_events.csv
[2026-06-20T05:50:36+07:00] unstr      <good>   polled → unstructured_events.csv
[2026-06-20T05:50:47+07:00] pg         <good>   polled → pg_events.csv
[2026-06-20T05:50:47+07:00] mongo      <good>   polled → mongo_events.csv
[2026-06-20T05:50:47+07:00] unstr      <good>   polled → unstructured_events.csv
[2026-06-20T05:50:58+07:00] pg         <good>   polled → pg_events.csv
[2026-06-20T05:50:58+07:00] mongo      <good>   polled → mongo_events.csv
[2026-06-20T05:50:58+07:00] unstr      <good>   polled → unstructured_events.csv
[2026-06-20T05:51:09+07:00] pg         <good>   polled → pg_events.csv
[2026-06-20T05:51:09+07:00] mongo      <good>   polled → mongo_events.csv
[2026-06-20T05:51:09+07:00] unstr      <good>   polled → unstructured_events.csv
[2026-06-20T05:51:19+07:00] pg         <good>   polled → pg_events.csv
[2026-06-20T05:51:20+07:00] mongo      <good>   polled → mongo_events.csv
[2026-06-20T05:51:20+07:00] unstr      <good>   polled → unstructured_events.csv
[2026-06-20T05:51:30+07:00] pg         <good>   polled → pg_events.csv
[2026-06-20T05:51:31+07:00] mongo      <good>   polled → mongo_events.csv
[2026-06-20T05:51:31+07:00] unstr      <good>   polled → unstructured_events.csv
[2026-06-20T05:51:41+07:00] pg         <good>   polled → pg_events.csv
[2026-06-20T05:51:42+07:00] mongo      <good>   polled → mongo_events.csv
[2026-06-20T05:51:42+07:00] unstr      <good>   polled → unstructured_events.csv
[2026-06-20T05:51:52+07:00] pg         <good>   polled → pg_events.csv
[2026-06-20T05:51:53+07:00] mongo      <good>   polled → mongo_events.csv
[2026-06-20T05:51:53+07:00] unstr      <good>   polled → unstructured_events.csv
[2026-06-20T05:52:03+07:00] pg         <good>   polled → pg_events.csv
[2026-06-20T05:52:04+07:00] mongo      <good>   polled → mongo_events.csv
[2026-06-20T05:52:04+07:00] unstr      <good>   polled → unstructured_events.csv
[2026-06-20T05:52:14+07:00] pg         <good>   polled → pg_events.csv
[2026-06-20T05:52:15+07:00] mongo      <good>   polled → mongo_events.csv
[2026-06-20T05:52:15+07:00] unstr      <good>   polled → unstructured_events.csv
[2026-06-20T05:52:25+07:00] pg         <good>   polled → pg_events.csv
[2026-06-20T05:52:26+07:00] mongo      <good>   polled → mongo_events.csv
[2026-06-20T05:52:26+07:00] unstr      <good>   polled → unstructured_events.csv
[2026-06-20T05:52:36+07:00] pg         <good>   polled → pg_events.csv
[2026-06-20T05:52:37+07:00] mongo      <good>   polled → mongo_events.csv
[2026-06-20T05:52:37+07:00] unstr      <good>   polled → unstructured_events.csv
[2026-06-20T05:52:47+07:00] pg         <good>   polled → pg_events.csv
[2026-06-20T05:52:48+07:00] mongo      <good>   polled → mongo_events.csv
[2026-06-20T05:52:48+07:00] unstr      <good>   polled → unstructured_events.csv
[2026-06-20T05:52:58+07:00] pg         <good>   polled → pg_events.csv
[2026-06-20T05:52:59+07:00] mongo      <good>   polled → mongo_events.csv
[2026-06-20T05:52:59+07:00] unstr      <good>   polled → unstructured_events.csv
[2026-06-20T05:53:09+07:00] pg         <good>   polled → pg_events.csv
[2026-06-20T05:53:10+07:00] mongo      <good>   polled → mongo_events.csv
[2026-06-20T05:53:10+07:00] unstr      <good>   polled → unstructured_events.csv
[2026-06-20T05:53:20+07:00] pg         <good>   polled → pg_events.csv
[2026-06-20T05:53:21+07:00] mongo      <good>   polled → mongo_events.csv
[2026-06-20T05:53:21+07:00] unstr      <good>   polled → unstructured_events.csv
[2026-06-20T05:53:31+07:00] pg         <good>   polled → pg_events.csv
[2026-06-20T05:53:31+07:00] mongo      <good>   polled → mongo_events.csv
[2026-06-20T05:53:31+07:00] unstr      <good>   polled → unstructured_events.csv
[2026-06-20T05:53:42+07:00] pg         <good>   polled → pg_events.csv
[2026-06-20T05:53:42+07:00] mongo      <good>   polled → mongo_events.csv
[2026-06-20T05:53:42+07:00] unstr      <good>   polled → unstructured_events.csv
[2026-06-20T05:53:53+07:00] pg         <good>   polled → pg_events.csv
[2026-06-20T05:53:53+07:00] mongo      <good>   polled → mongo_events.csv
[2026-06-20T05:53:53+07:00] unstr      <good>   polled → unstructured_events.csv
[2026-06-20T05:54:04+07:00] pg         <good>   polled → pg_events.csv
[2026-06-20T05:54:04+07:00] mongo      <good>   polled → mongo_events.csv
[2026-06-20T05:54:04+07:00] unstr      <good>   polled → unstructured_events.csv
[2026-06-20T05:54:14+07:00] pg         <good>   polled → pg_events.csv
[2026-06-20T05:54:15+07:00] mongo      <good>   polled → mongo_events.csv
[2026-06-20T05:54:15+07:00] unstr      <good>   polled → unstructured_events.csv
[2026-06-20T05:54:25+07:00] pg         <good>   polled → pg_events.csv
[2026-06-20T05:54:26+07:00] mongo      <good>   polled → mongo_events.csv
[2026-06-20T05:54:26+07:00] unstr      <good>   polled → unstructured_events.csv
[2026-06-20T05:54:36+07:00] pg         <good>   polled → pg_events.csv
[2026-06-20T05:54:37+07:00] mongo      <good>   polled → mongo_events.csv
[2026-06-20T05:54:37+07:00] unstr      <good>   polled → unstructured_events.csv
[2026-06-20T05:54:47+07:00] pg         <good>   polled → pg_events.csv
[2026-06-20T05:54:48+07:00] mongo      <good>   polled → mongo_events.csv
[2026-06-20T05:54:48+07:00] unstr      <good>   polled → unstructured_events.csv
[2026-06-20T05:54:58+07:00] pg         <good>   polled → pg_events.csv
[2026-06-20T05:54:59+07:00] mongo      <good>   polled → mongo_events.csv
[2026-06-20T05:54:59+07:00] unstr      <good>   polled → unstructured_events.csv
[2026-06-20T05:55:09+07:00] pg         <good>   polled → pg_events.csv
[2026-06-20T05:55:10+07:00] mongo      <good>   polled → mongo_events.csv
[2026-06-20T05:55:10+07:00] unstr      <good>   polled → unstructured_events.csv
[2026-06-20T05:55:20+07:00] pg         <good>   polled → pg_events.csv
[2026-06-20T05:55:21+07:00] mongo      <good>   polled → mongo_events.csv
[2026-06-20T05:55:21+07:00] unstr      <good>   polled → unstructured_events.csv
[2026-06-20T05:55:31+07:00] pg         <good>   polled → pg_events.csv
[2026-06-20T05:55:32+07:00] mongo      <good>   polled → mongo_events.csv
[2026-06-20T05:55:32+07:00] unstr      <good>   polled → unstructured_events.csv
[2026-06-20T05:55:42+07:00] pg         <good>   polled → pg_events.csv
[2026-06-20T05:55:43+07:00] mongo      <good>   polled → mongo_events.csv
[2026-06-20T05:55:43+07:00] unstr      <good>   polled → unstructured_events.csv
[2026-06-20T05:55:53+07:00] pg         <good>   polled → pg_events.csv
[2026-06-20T05:55:54+07:00] mongo      <good>   polled → mongo_events.csv
[2026-06-20T05:55:54+07:00] unstr      <good>   polled → unstructured_events.csv
[2026-06-20T05:56:04+07:00] pg         <good>   polled → pg_events.csv
[2026-06-20T05:56:05+07:00] mongo      <good>   polled → mongo_events.csv
[2026-06-20T05:56:05+07:00] unstr      <good>   polled → unstructured_events.csv
[2026-06-20T05:56:15+07:00] pg         <good>   polled → pg_events.csv
[2026-06-20T05:56:16+07:00] mongo      <good>   polled → mongo_events.csv
[2026-06-20T05:56:16+07:00] unstr      <good>   polled → unstructured_events.csv
[2026-06-20T05:56:26+07:00] pg         <good>   polled → pg_events.csv
[2026-06-20T05:56:27+07:00] mongo      <good>   polled → mongo_events.csv
[2026-06-20T05:56:27+07:00] unstr      <good>   polled → unstructured_events.csv
[2026-06-20T05:56:37+07:00] pg         <good>   polled → pg_events.csv
[2026-06-20T05:56:38+07:00] mongo      <good>   polled → mongo_events.csv
[2026-06-20T05:56:38+07:00] unstr      <good>   polled → unstructured_events.csv
[2026-06-20T05:56:48+07:00] pg         <good>   polled → pg_events.csv
[2026-06-20T05:56:49+07:00] mongo      <good>   polled → mongo_events.csv
[2026-06-20T05:56:49+07:00] unstr      <good>   polled → unstructured_events.csv
[2026-06-20T05:56:59+07:00] pg         <good>   polled → pg_events.csv
[2026-06-20T05:57:00+07:00] mongo      <good>   polled → mongo_events.csv
[2026-06-20T05:57:00+07:00] unstr      <good>   polled → unstructured_events.csv
[2026-06-20T05:57:10+07:00] pg         <good>   polled → pg_events.csv
[2026-06-20T05:57:11+07:00] mongo      <good>   polled → mongo_events.csv
[2026-06-20T05:57:11+07:00] unstr      <good>   polled → unstructured_events.csv
[2026-06-20T05:57:21+07:00] pg         <good>   polled → pg_events.csv
[2026-06-20T05:57:22+07:00] mongo      <good>   polled → mongo_events.csv
[2026-06-20T05:57:22+07:00] unstr      <good>   polled → unstructured_events.csv
[2026-06-20T05:57:32+07:00] pg         <good>   polled → pg_events.csv
[2026-06-20T05:57:33+07:00] mongo      <good>   polled → mongo_events.csv
[2026-06-20T05:57:33+07:00] unstr      <good>   polled → unstructured_events.csv
[2026-06-20T05:57:43+07:00] pg         <good>   polled → pg_events.csv
[2026-06-20T05:57:43+07:00] mongo      <good>   polled → mongo_events.csv
[2026-06-20T05:57:43+07:00] unstr      <good>   polled → unstructured_events.csv
[2026-06-20T05:57:54+07:00] pg         <good>   polled → pg_events.csv
[2026-06-20T05:57:54+07:00] mongo      <good>   polled → mongo_events.csv
[2026-06-20T05:57:54+07:00] unstr      <good>   polled → unstructured_events.csv
[2026-06-20T05:58:05+07:00] pg         <good>   polled → pg_events.csv
[2026-06-20T05:58:05+07:00] mongo      <good>   polled → mongo_events.csv
[2026-06-20T05:58:05+07:00] unstr      <good>   polled → unstructured_events.csv
[2026-06-20T05:58:15+07:00] pg         <good>   polled → pg_events.csv
[2026-06-20T05:58:16+07:00] mongo      <good>   polled → mongo_events.csv
[2026-06-20T05:58:16+07:00] unstr      <good>   polled → unstructured_events.csv
[2026-06-20T05:58:27+07:00] pg         <good>   polled → pg_events.csv
[2026-06-20T05:58:27+07:00] mongo      <good>   polled → mongo_events.csv
[2026-06-20T05:58:27+07:00] unstr      <good>   polled → unstructured_events.csv
[2026-06-20T05:58:38+07:00] pg         <good>   polled → pg_events.csv
[2026-06-20T05:58:38+07:00] mongo      <good>   polled → mongo_events.csv
[2026-06-20T05:58:38+07:00] unstr      <good>   polled → unstructured_events.csv
[2026-06-20T05:58:48+07:00] pg         <good>   polled → pg_events.csv
[2026-06-20T05:58:49+07:00] mongo      <good>   polled → mongo_events.csv
[2026-06-20T05:58:49+07:00] unstr      <good>   polled → unstructured_events.csv
[2026-06-20T05:58:59+07:00] pg         <good>   polled → pg_events.csv
[2026-06-20T05:59:00+07:00] mongo      <good>   polled → mongo_events.csv
[2026-06-20T05:59:00+07:00] unstr      <good>   polled → unstructured_events.csv
[2026-06-20T05:59:10+07:00] pg         <good>   polled → pg_events.csv
[2026-06-20T05:59:11+07:00] mongo      <good>   polled → mongo_events.csv
[2026-06-20T05:59:11+07:00] unstr      <good>   polled → unstructured_events.csv
[2026-06-20T05:59:21+07:00] pg         <good>   polled → pg_events.csv
[2026-06-20T05:59:22+07:00] mongo      <good>   polled → mongo_events.csv
[2026-06-20T05:59:22+07:00] unstr      <good>   polled → unstructured_events.csv
[2026-06-20T05:59:32+07:00] pg         <good>   polled → pg_events.csv
[2026-06-20T05:59:33+07:00] mongo      <good>   polled → mongo_events.csv
[2026-06-20T05:59:33+07:00] unstr      <good>   polled → unstructured_events.csv
[2026-06-20T05:59:43+07:00] pg         <good>   polled → pg_events.csv
[2026-06-20T05:59:44+07:00] mongo      <good>   polled → mongo_events.csv
[2026-06-20T05:59:44+07:00] unstr      <good>   polled → unstructured_events.csv
[2026-06-20T05:59:54+07:00] pg         <good>   polled → pg_events.csv
[2026-06-20T05:59:55+07:00] mongo      <good>   polled → mongo_events.csv
[2026-06-20T05:59:55+07:00] unstr      <good>   polled → unstructured_events.csv
[2026-06-20T06:00:05+07:00] pg         <good>   polled → pg_events.csv
[2026-06-20T06:00:06+07:00] mongo      <good>   polled → mongo_events.csv
[2026-06-20T06:00:06+07:00] unstr      <good>   polled → unstructured_events.csv
[2026-06-20T06:00:16+07:00] pg         <good>   polled → pg_events.csv
[2026-06-20T06:00:17+07:00] mongo      <good>   polled → mongo_events.csv
[2026-06-20T06:00:17+07:00] unstr      <good>   polled → unstructured_events.csv
[2026-06-20T06:00:27+07:00] pg         <good>   polled → pg_events.csv
[2026-06-20T06:00:28+07:00] mongo      <good>   polled → mongo_events.csv
[2026-06-20T06:00:28+07:00] unstr      <good>   polled → unstructured_events.csv
[2026-06-20T06:00:38+07:00] pg         <good>   polled → pg_events.csv
[2026-06-20T06:00:39+07:00] mongo      <good>   polled → mongo_events.csv
[2026-06-20T06:00:39+07:00] unstr      <good>   polled → unstructured_events.csv
[2026-06-20T06:00:49+07:00] pg         <good>   polled → pg_events.csv
[2026-06-20T06:00:50+07:00] mongo      <good>   polled → mongo_events.csv
[2026-06-20T06:00:50+07:00] unstr      <good>   polled → unstructured_events.csv
[2026-06-20T06:01:00+07:00] pg         <good>   polled → pg_events.csv
[2026-06-20T06:01:00+07:00] mongo      <good>   polled → mongo_events.csv
[2026-06-20T06:01:00+07:00] unstr      <good>   polled → unstructured_events.csv
[2026-06-20T06:01:11+07:00] pg         <good>   polled → pg_events.csv
[2026-06-20T06:01:11+07:00] mongo      <good>   polled → mongo_events.csv
[2026-06-20T06:01:11+07:00] unstr      <good>   polled → unstructured_events.csv
[2026-06-20T06:01:22+07:00] pg         <good>   polled → pg_events.csv
[2026-06-20T06:01:22+07:00] mongo      <good>   polled → mongo_events.csv
[2026-06-20T06:01:22+07:00] unstr      <good>   polled → unstructured_events.csv
[2026-06-20T06:01:32+07:00] pg         <good>   polled → pg_events.csv
[2026-06-20T06:01:33+07:00] mongo      <good>   polled → mongo_events.csv
[2026-06-20T06:01:33+07:00] unstr      <good>   polled → unstructured_events.csv
[2026-06-20T06:01:43+07:00] pg         <good>   polled → pg_events.csv
[2026-06-20T06:01:44+07:00] mongo      <good>   polled → mongo_events.csv
[2026-06-20T06:01:44+07:00] unstr      <good>   polled → unstructured_events.csv
[2026-06-20T06:01:47+0700] main       <info>   ──────────────────────────────────────────────────────
[2026-06-20T06:01:47+0700] main       <info>   Cycle #13 starting
[2026-06-20T06:01:47+07:00] main       <info>   starting cycle=20260620_060147 at=2026-06-20T06:01:47.916048+07:00
[2026-06-20T06:01:47+07:00] main       <info>   output_root=/home/primary/data/backup-cycles
[2026-06-20T06:01:47+07:00] main       <info>   staging_root=/home/primary/data/backup-staging
[2026-06-20T06:01:47+07:00] main       <info>   state_db=/home/primary/data/backup-metadata/pfc_index.db
[2026-06-20T06:01:47+07:00] main       <info>   retention max_cycles=30 max_bytes=50.00 GiB cycle_cap=10.00 GiB
[2026-06-20T06:01:47+07:00] main       <info>   chain_version=chain-v2 versioned_cycles_root=/home/primary/data/backup-cycles/chain-v2
[2026-06-20T06:01:47+07:00] main       <info>   last_cycle_ts=1781908904 (2026-06-20T05:41:44+07:00)
[2026-06-20T06:01:50+07:00] mongo      <good>   oplog compressed raw=1.86 MiB stored=77.80 KiB ratio=0.041 elapsed=0.03s
[2026-06-20T06:01:50+07:00] fixtures   <good>   seeded target=/home/primary/data/unstructured/fixtures copied=0 skipped=25 bytes=0 elapsed=0.00s
[2026-06-20T06:01:51+07:00] main       <info>   staging_size=15.77 MiB checked_in=0.00s
[2026-06-20T06:01:51+07:00] main       <good>   wrote checksums=/home/primary/data/backup-staging/cycle_20260620_060147.tmp/checksums.sha256
[2026-06-20T06:01:51+07:00] main       <good>   finalized dir elapsed=0.00s
[2026-06-20T06:01:51+07:00] verify     <good>   ok elapsed=0.07s
[2026-06-20T06:01:51+07:00] pg         <info>   state pg_last_wal_fname=000000010000000000000037
[2026-06-20T06:01:51+07:00] main       <info>   retention elapsed=0.00s
[2026-06-20T06:01:51+07:00] transfer   <info>   pushing to 1 destination(s) as 'chain-v2/20260620_060147': ['recovery@192.168.10.129:/home/recovery/local-backup/incoming']
[2026-06-20T06:01:53+07:00] transfer   <good>   all 1 destination(s) OK elapsed=1.56s
[2026-06-20T06:01:53+07:00] main       <info>   Deleting local cycle since it was transferred: /home/primary/data/backup-cycles/chain-v2/20260620_060147
[2026-06-20T06:01:53+07:00] main       <info>   cycle_summary: wal_files=4 (0 B), pfc_chunks=60 (stored=13.36 MiB, raw=42.82 MiB), cycle_stored=15.81 MiB chain=chain-v2
[2026-06-20T06:01:53+07:00] main       <good>   completed cycle=20260620_060147 chain=chain-v2 elapsed=5.57s
[2026-06-20T06:01:53+0700] main       <good>   Cycle #13 completed OK
[2026-06-20T06:01:53+0700] main       <info>   Sleeping 20m until next cycle …
[2026-06-20T06:01:54+07:00] pg         <good>   polled → pg_events.csv
[2026-06-20T06:01:55+07:00] mongo      <good>   polled → mongo_events.csv
[2026-06-20T06:01:55+07:00] unstr      <good>   polled → unstructured_events.csv
[2026-06-20T06:02:05+07:00] pg         <good>   polled → pg_events.csv
[2026-06-20T06:02:06+07:00] mongo      <good>   polled → mongo_events.csv
[2026-06-20T06:02:06+07:00] unstr      <good>   polled → unstructured_events.csv
[2026-06-20T06:02:16+07:00] pg         <good>   polled → pg_events.csv
[2026-06-20T06:02:17+07:00] mongo      <good>   polled → mongo_events.csv
[2026-06-20T06:02:17+07:00] unstr      <good>   polled → unstructured_events.csv
[2026-06-20T06:02:27+07:00] pg         <good>   polled → pg_events.csv
[2026-06-20T06:02:28+07:00] mongo      <good>   polled → mongo_events.csv
[2026-06-20T06:02:28+07:00] unstr      <good>   polled → unstructured_events.csv
[2026-06-20T06:02:38+07:00] pg         <good>   polled → pg_events.csv
[2026-06-20T06:02:39+07:00] mongo      <good>   polled → mongo_events.csv
[2026-06-20T06:02:39+07:00] unstr      <good>   polled → unstructured_events.csv
[2026-06-20T06:02:49+07:00] pg         <good>   polled → pg_events.csv
[2026-06-20T06:02:50+07:00] mongo      <good>   polled → mongo_events.csv
[2026-06-20T06:02:50+07:00] unstr      <good>   polled → unstructured_events.csv
[2026-06-20T06:03:00+07:00] pg         <good>   polled → pg_events.csv
[2026-06-20T06:03:01+07:00] mongo      <good>   polled → mongo_events.csv
[2026-06-20T06:03:01+07:00] unstr      <good>   polled → unstructured_events.csv
[2026-06-20T06:03:11+07:00] pg         <good>   polled → pg_events.csv
[2026-06-20T06:03:12+07:00] mongo      <good>   polled → mongo_events.csv
[2026-06-20T06:03:12+07:00] unstr      <good>   polled → unstructured_events.csv
[2026-06-20T06:03:22+07:00] pg         <good>   polled → pg_events.csv
[2026-06-20T06:03:23+07:00] mongo      <good>   polled → mongo_events.csv
[2026-06-20T06:03:23+07:00] unstr      <good>   polled → unstructured_events.csv
[2026-06-20T06:03:33+07:00] pg         <good>   polled → pg_events.csv
[2026-06-20T06:03:34+07:00] mongo      <good>   polled → mongo_events.csv
[2026-06-20T06:03:34+07:00] unstr      <good>   polled → unstructured_events.csv
[2026-06-20T06:03:44+07:00] pg         <good>   polled → pg_events.csv
[2026-06-20T06:03:45+07:00] mongo      <good>   polled → mongo_events.csv
[2026-06-20T06:03:45+07:00] unstr      <good>   polled → unstructured_events.csv
[2026-06-20T06:03:55+07:00] pg         <good>   polled → pg_events.csv
[2026-06-20T06:03:56+07:00] mongo      <good>   polled → mongo_events.csv
[2026-06-20T06:03:56+07:00] unstr      <good>   polled → unstructured_events.csv
[2026-06-20T06:04:06+07:00] pg         <good>   polled → pg_events.csv
[2026-06-20T06:04:07+07:00] mongo      <good>   polled → mongo_events.csv
[2026-06-20T06:04:07+07:00] unstr      <good>   polled → unstructured_events.csv
[2026-06-20T06:04:17+07:00] pg         <good>   polled → pg_events.csv
[2026-06-20T06:04:18+07:00] mongo      <good>   polled → mongo_events.csv
[2026-06-20T06:04:18+07:00] unstr      <good>   polled → unstructured_events.csv
[2026-06-20T06:04:28+07:00] pg         <good>   polled → pg_events.csv
[2026-06-20T06:04:29+07:00] mongo      <good>   polled → mongo_events.csv
[2026-06-20T06:04:29+07:00] unstr      <good>   polled → unstructured_events.csv
[2026-06-20T06:04:39+07:00] pg         <good>   polled → pg_events.csv
[2026-06-20T06:04:40+07:00] mongo      <good>   polled → mongo_events.csv
[2026-06-20T06:04:40+07:00] unstr      <good>   polled → unstructured_events.csv
[2026-06-20T06:04:50+07:00] pg         <good>   polled → pg_events.csv
[2026-06-20T06:04:51+07:00] mongo      <good>   polled → mongo_events.csv
[2026-06-20T06:04:51+07:00] unstr      <good>   polled → unstructured_events.csv
[2026-06-20T06:05:01+07:00] pg         <good>   polled → pg_events.csv
[2026-06-20T06:05:01+07:00] mongo      <good>   polled → mongo_events.csv
[2026-06-20T06:05:01+07:00] unstr      <good>   polled → unstructured_events.csv
[2026-06-20T06:05:12+07:00] pg         <good>   polled → pg_events.csv
[2026-06-20T06:05:12+07:00] mongo      <good>   polled → mongo_events.csv
[2026-06-20T06:05:12+07:00] unstr      <good>   polled → unstructured_events.csv
[2026-06-20T06:05:22+07:00] pg         <good>   polled → pg_events.csv
[2026-06-20T06:05:23+07:00] mongo      <good>   polled → mongo_events.csv
[2026-06-20T06:05:23+07:00] unstr      <good>   polled → unstructured_events.csv
[2026-06-20T06:05:33+07:00] pg         <good>   polled → pg_events.csv
[2026-06-20T06:05:34+07:00] mongo      <good>   polled → mongo_events.csv
[2026-06-20T06:05:34+07:00] unstr      <good>   polled → unstructured_events.csv
[2026-06-20T06:05:44+07:00] pg         <good>   polled → pg_events.csv
[2026-06-20T06:05:45+07:00] mongo      <good>   polled → mongo_events.csv
[2026-06-20T06:05:45+07:00] unstr      <good>   polled → unstructured_events.csv
[2026-06-20T06:05:55+07:00] pg         <good>   polled → pg_events.csv
[2026-06-20T06:05:56+07:00] mongo      <good>   polled → mongo_events.csv
[2026-06-20T06:05:56+07:00] unstr      <good>   polled → unstructured_events.csv
[2026-06-20T06:06:06+07:00] pg         <good>   polled → pg_events.csv
[2026-06-20T06:06:07+07:00] mongo      <good>   polled → mongo_events.csv
[2026-06-20T06:06:07+07:00] unstr      <good>   polled → unstructured_events.csv
[2026-06-20T06:06:17+07:00] pg         <good>   polled → pg_events.csv
[2026-06-20T06:06:18+07:00] mongo      <good>   polled → mongo_events.csv
[2026-06-20T06:06:18+07:00] unstr      <good>   polled → unstructured_events.csv
[2026-06-20T06:06:28+07:00] pg         <good>   polled → pg_events.csv
[2026-06-20T06:06:29+07:00] mongo      <good>   polled → mongo_events.csv
[2026-06-20T06:06:29+07:00] unstr      <good>   polled → unstructured_events.csv
[2026-06-20T06:06:39+07:00] pg         <good>   polled → pg_events.csv
[2026-06-20T06:06:40+07:00] mongo      <good>   polled → mongo_events.csv
[2026-06-20T06:06:40+07:00] unstr      <good>   polled → unstructured_events.csv
[2026-06-20T06:06:50+07:00] pg         <good>   polled → pg_events.csv
[2026-06-20T06:06:51+07:00] mongo      <good>   polled → mongo_events.csv
[2026-06-20T06:06:51+07:00] unstr      <good>   polled → unstructured_events.csv
[2026-06-20T06:07:01+07:00] pg         <good>   polled → pg_events.csv
[2026-06-20T06:07:02+07:00] mongo      <good>   polled → mongo_events.csv
[2026-06-20T06:07:02+07:00] unstr      <good>   polled → unstructured_events.csv
[2026-06-20T06:07:12+07:00] pg         <good>   polled → pg_events.csv
[2026-06-20T06:07:13+07:00] mongo      <good>   polled → mongo_events.csv
[2026-06-20T06:07:13+07:00] unstr      <good>   polled → unstructured_events.csv
[2026-06-20T06:07:23+07:00] pg         <good>   polled → pg_events.csv
[2026-06-20T06:07:24+07:00] mongo      <good>   polled → mongo_events.csv
[2026-06-20T06:07:24+07:00] unstr      <good>   polled → unstructured_events.csv
[2026-06-20T06:07:34+07:00] pg         <good>   polled → pg_events.csv
[2026-06-20T06:07:35+07:00] mongo      <good>   polled → mongo_events.csv
[2026-06-20T06:07:35+07:00] unstr      <good>   polled → unstructured_events.csv
[2026-06-20T06:07:45+07:00] pg         <good>   polled → pg_events.csv
[2026-06-20T06:07:46+07:00] mongo      <good>   polled → mongo_events.csv
[2026-06-20T06:07:46+07:00] unstr      <good>   polled → unstructured_events.csv
[2026-06-20T06:07:56+07:00] pg         <good>   polled → pg_events.csv
[2026-06-20T06:07:57+07:00] mongo      <good>   polled → mongo_events.csv
[2026-06-20T06:07:57+07:00] unstr      <good>   polled → unstructured_events.csv
[2026-06-20T06:08:07+07:00] pg         <good>   polled → pg_events.csv
[2026-06-20T06:08:07+07:00] mongo      <good>   polled → mongo_events.csv
[2026-06-20T06:08:07+07:00] unstr      <good>   polled → unstructured_events.csv
[2026-06-20T06:08:18+07:00] pg         <good>   polled → pg_events.csv
[2026-06-20T06:08:18+07:00] mongo      <good>   polled → mongo_events.csv
[2026-06-20T06:08:18+07:00] unstr      <good>   polled → unstructured_events.csv
[2026-06-20T06:08:28+07:00] pg         <good>   polled → pg_events.csv
[2026-06-20T06:08:29+07:00] mongo      <good>   polled → mongo_events.csv
[2026-06-20T06:08:29+07:00] unstr      <good>   polled → unstructured_events.csv
[2026-06-20T06:08:39+07:00] pg         <good>   polled → pg_events.csv
[2026-06-20T06:08:40+07:00] mongo      <good>   polled → mongo_events.csv
[2026-06-20T06:08:40+07:00] unstr      <good>   polled → unstructured_events.csv
[2026-06-20T06:08:50+07:00] pg         <good>   polled → pg_events.csv
[2026-06-20T06:08:51+07:00] mongo      <good>   polled → mongo_events.csv
[2026-06-20T06:08:51+07:00] unstr      <good>   polled → unstructured_events.csv
[2026-06-20T06:09:01+07:00] pg         <good>   polled → pg_events.csv
[2026-06-20T06:09:02+07:00] mongo      <good>   polled → mongo_events.csv
[2026-06-20T06:09:02+07:00] unstr      <good>   polled → unstructured_events.csv
[2026-06-20T06:09:12+07:00] pg         <good>   polled → pg_events.csv
[2026-06-20T06:09:13+07:00] mongo      <good>   polled → mongo_events.csv
[2026-06-20T06:09:13+07:00] unstr      <good>   polled → unstructured_events.csv
[2026-06-20T06:09:23+07:00] pg         <good>   polled → pg_events.csv
[2026-06-20T06:09:24+07:00] mongo      <good>   polled → mongo_events.csv
[2026-06-20T06:09:24+07:00] unstr      <good>   polled → unstructured_events.csv
[2026-06-20T06:09:34+07:00] pg         <good>   polled → pg_events.csv
[2026-06-20T06:09:35+07:00] mongo      <good>   polled → mongo_events.csv
[2026-06-20T06:09:35+07:00] unstr      <good>   polled → unstructured_events.csv
[2026-06-20T06:09:45+07:00] pg         <good>   polled → pg_events.csv
[2026-06-20T06:09:46+07:00] mongo      <good>   polled → mongo_events.csv
[2026-06-20T06:09:46+07:00] unstr      <good>   polled → unstructured_events.csv
[2026-06-20T06:09:56+07:00] pg         <good>   polled → pg_events.csv
[2026-06-20T06:09:57+07:00] mongo      <good>   polled → mongo_events.csv
[2026-06-20T06:09:57+07:00] unstr      <good>   polled → unstructured_events.csv
[2026-06-20T06:10:07+07:00] pg         <good>   polled → pg_events.csv
[2026-06-20T06:10:08+07:00] mongo      <good>   polled → mongo_events.csv
[2026-06-20T06:10:08+07:00] unstr      <good>   polled → unstructured_events.csv
[2026-06-20T06:10:18+07:00] pg         <good>   polled → pg_events.csv
[2026-06-20T06:10:19+07:00] mongo      <good>   polled → mongo_events.csv
[2026-06-20T06:10:19+07:00] unstr      <good>   polled → unstructured_events.csv
[2026-06-20T06:10:29+07:00] pg         <good>   polled → pg_events.csv
[2026-06-20T06:10:30+07:00] mongo      <good>   polled → mongo_events.csv
[2026-06-20T06:10:30+07:00] unstr      <good>   polled → unstructured_events.csv
[2026-06-20T06:10:40+07:00] pg         <good>   polled → pg_events.csv
[2026-06-20T06:10:41+07:00] mongo      <good>   polled → mongo_events.csv
[2026-06-20T06:10:41+07:00] unstr      <good>   polled → unstructured_events.csv
[2026-06-20T06:10:51+07:00] pg         <good>   polled → pg_events.csv
[2026-06-20T06:10:52+07:00] mongo      <good>   polled → mongo_events.csv
[2026-06-20T06:10:52+07:00] unstr      <good>   polled → unstructured_events.csv
[2026-06-20T06:11:02+07:00] pg         <good>   polled → pg_events.csv
[2026-06-20T06:11:03+07:00] mongo      <good>   polled → mongo_events.csv
[2026-06-20T06:11:03+07:00] unstr      <good>   polled → unstructured_events.csv
[2026-06-20T06:11:13+07:00] pg         <good>   polled → pg_events.csv
[2026-06-20T06:11:14+07:00] mongo      <good>   polled → mongo_events.csv
[2026-06-20T06:11:14+07:00] unstr      <good>   polled → unstructured_events.csv
[2026-06-20T06:11:24+07:00] pg         <good>   polled → pg_events.csv
[2026-06-20T06:11:25+07:00] mongo      <good>   polled → mongo_events.csv
[2026-06-20T06:11:25+07:00] unstr      <good>   polled → unstructured_events.csv
[2026-06-20T06:11:35+07:00] pg         <good>   polled → pg_events.csv
[2026-06-20T06:11:36+07:00] mongo      <good>   polled → mongo_events.csv
[2026-06-20T06:11:36+07:00] unstr      <good>   polled → unstructured_events.csv
[2026-06-20T06:11:46+07:00] pg         <good>   polled → pg_events.csv
[2026-06-20T06:11:47+07:00] mongo      <good>   polled → mongo_events.csv
[2026-06-20T06:11:47+07:00] unstr      <good>   polled → unstructured_events.csv
[2026-06-20T06:11:57+07:00] pg         <good>   polled → pg_events.csv
[2026-06-20T06:11:58+07:00] mongo      <good>   polled → mongo_events.csv
[2026-06-20T06:11:58+07:00] unstr      <good>   polled → unstructured_events.csv
[2026-06-20T06:12:08+07:00] pg         <good>   polled → pg_events.csv
[2026-06-20T06:12:09+07:00] mongo      <good>   polled → mongo_events.csv
[2026-06-20T06:12:09+07:00] unstr      <good>   polled → unstructured_events.csv
[2026-06-20T06:12:19+07:00] pg         <good>   polled → pg_events.csv
[2026-06-20T06:12:20+07:00] mongo      <good>   polled → mongo_events.csv
[2026-06-20T06:12:20+07:00] unstr      <good>   polled → unstructured_events.csv
[2026-06-20T06:12:30+07:00] pg         <good>   polled → pg_events.csv
[2026-06-20T06:12:30+07:00] mongo      <good>   polled → mongo_events.csv
[2026-06-20T06:12:30+07:00] unstr      <good>   polled → unstructured_events.csv
[2026-06-20T06:12:41+07:00] pg         <good>   polled → pg_events.csv
[2026-06-20T06:12:41+07:00] mongo      <good>   polled → mongo_events.csv
[2026-06-20T06:12:41+07:00] unstr      <good>   polled → unstructured_events.csv
[2026-06-20T06:12:52+07:00] pg         <good>   polled → pg_events.csv
[2026-06-20T06:12:52+07:00] mongo      <good>   polled → mongo_events.csv
[2026-06-20T06:12:52+07:00] unstr      <good>   polled → unstructured_events.csv
[2026-06-20T06:13:02+07:00] pg         <good>   polled → pg_events.csv
[2026-06-20T06:13:03+07:00] mongo      <good>   polled → mongo_events.csv
[2026-06-20T06:13:03+07:00] unstr      <good>   polled → unstructured_events.csv
[2026-06-20T06:13:13+07:00] pg         <good>   polled → pg_events.csv
[2026-06-20T06:13:14+07:00] mongo      <good>   polled → mongo_events.csv
[2026-06-20T06:13:14+07:00] unstr      <good>   polled → unstructured_events.csv
[2026-06-20T06:13:24+07:00] pg         <good>   polled → pg_events.csv
[2026-06-20T06:13:25+07:00] mongo      <good>   polled → mongo_events.csv
[2026-06-20T06:13:25+07:00] unstr      <good>   polled → unstructured_events.csv
[2026-06-20T06:13:35+07:00] pg         <good>   polled → pg_events.csv
[2026-06-20T06:13:36+07:00] mongo      <good>   polled → mongo_events.csv
[2026-06-20T06:13:36+07:00] unstr      <good>   polled → unstructured_events.csv
[2026-06-20T06:13:46+07:00] pg         <good>   polled → pg_events.csv
[2026-06-20T06:13:47+07:00] mongo      <good>   polled → mongo_events.csv
[2026-06-20T06:13:47+07:00] unstr      <good>   polled → unstructured_events.csv
[2026-06-20T06:13:57+07:00] pg         <good>   polled → pg_events.csv
[2026-06-20T06:13:58+07:00] mongo      <good>   polled → mongo_events.csv
[2026-06-20T06:13:58+07:00] unstr      <good>   polled → unstructured_events.csv
[2026-06-20T06:14:08+07:00] pg         <good>   polled → pg_events.csv
[2026-06-20T06:14:09+07:00] mongo      <good>   polled → mongo_events.csv
[2026-06-20T06:14:09+07:00] unstr      <good>   polled → unstructured_events.csv
[2026-06-20T06:14:19+07:00] pg         <good>   polled → pg_events.csv
[2026-06-20T06:14:20+07:00] mongo      <good>   polled → mongo_events.csv
[2026-06-20T06:14:20+07:00] unstr      <good>   polled → unstructured_events.csv
[2026-06-20T06:14:30+07:00] pg         <good>   polled → pg_events.csv
[2026-06-20T06:14:31+07:00] mongo      <good>   polled → mongo_events.csv
[2026-06-20T06:14:31+07:00] unstr      <good>   polled → unstructured_events.csv
[2026-06-20T06:14:41+07:00] pg         <good>   polled → pg_events.csv
[2026-06-20T06:14:42+07:00] mongo      <good>   polled → mongo_events.csv
[2026-06-20T06:14:42+07:00] unstr      <good>   polled → unstructured_events.csv
[2026-06-20T06:14:52+07:00] pg         <good>   polled → pg_events.csv
[2026-06-20T06:14:53+07:00] mongo      <good>   polled → mongo_events.csv
[2026-06-20T06:14:53+07:00] unstr      <good>   polled → unstructured_events.csv
[2026-06-20T06:15:03+07:00] pg         <good>   polled → pg_events.csv
[2026-06-20T06:15:04+07:00] mongo      <good>   polled → mongo_events.csv
[2026-06-20T06:15:04+07:00] unstr      <good>   polled → unstructured_events.csv
[2026-06-20T06:15:14+07:00] pg         <good>   polled → pg_events.csv
[2026-06-20T06:15:15+07:00] mongo      <good>   polled → mongo_events.csv
[2026-06-20T06:15:15+07:00] unstr      <good>   polled → unstructured_events.csv
[2026-06-20T06:15:25+07:00] pg         <good>   polled → pg_events.csv
[2026-06-20T06:15:26+07:00] mongo      <good>   polled → mongo_events.csv
[2026-06-20T06:15:26+07:00] unstr      <good>   polled → unstructured_events.csv
[2026-06-20T06:15:36+07:00] pg         <good>   polled → pg_events.csv
[2026-06-20T06:15:37+07:00] mongo      <good>   polled → mongo_events.csv
[2026-06-20T06:15:37+07:00] unstr      <good>   polled → unstructured_events.csv
[2026-06-20T06:15:47+07:00] pg         <good>   polled → pg_events.csv
[2026-06-20T06:15:48+07:00] mongo      <good>   polled → mongo_events.csv
[2026-06-20T06:15:48+07:00] unstr      <good>   polled → unstructured_events.csv
[2026-06-20T06:15:58+07:00] pg         <good>   polled → pg_events.csv
[2026-06-20T06:15:59+07:00] mongo      <good>   polled → mongo_events.csv
[2026-06-20T06:15:59+07:00] unstr      <good>   polled → unstructured_events.csv
[2026-06-20T06:16:09+07:00] pg         <good>   polled → pg_events.csv
[2026-06-20T06:16:10+07:00] mongo      <good>   polled → mongo_events.csv
[2026-06-20T06:16:10+07:00] unstr      <good>   polled → unstructured_events.csv
[2026-06-20T06:16:20+07:00] pg         <good>   polled → pg_events.csv
[2026-06-20T06:16:21+07:00] mongo      <good>   polled → mongo_events.csv
[2026-06-20T06:16:21+07:00] unstr      <good>   polled → unstructured_events.csv
[2026-06-20T06:16:31+07:00] pg         <good>   polled → pg_events.csv
[2026-06-20T06:16:32+07:00] mongo      <good>   polled → mongo_events.csv
[2026-06-20T06:16:32+07:00] unstr      <good>   polled → unstructured_events.csv
[2026-06-20T06:16:42+07:00] pg         <good>   polled → pg_events.csv
[2026-06-20T06:16:43+07:00] mongo      <good>   polled → mongo_events.csv
[2026-06-20T06:16:43+07:00] unstr      <good>   polled → unstructured_events.csv
[2026-06-20T06:16:53+07:00] pg         <good>   polled → pg_events.csv
[2026-06-20T06:16:54+07:00] mongo      <good>   polled → mongo_events.csv
[2026-06-20T06:16:54+07:00] unstr      <good>   polled → unstructured_events.csv
[2026-06-20T06:17:04+07:00] pg         <good>   polled → pg_events.csv
[2026-06-20T06:17:04+07:00] mongo      <good>   polled → mongo_events.csv
[2026-06-20T06:17:04+07:00] unstr      <good>   polled → unstructured_events.csv
[2026-06-20T06:17:15+07:00] pg         <good>   polled → pg_events.csv
[2026-06-20T06:17:15+07:00] mongo      <good>   polled → mongo_events.csv
[2026-06-20T06:17:15+07:00] unstr      <good>   polled → unstructured_events.csv
[2026-06-20T06:17:25+07:00] pg         <good>   polled → pg_events.csv
[2026-06-20T06:17:26+07:00] mongo      <good>   polled → mongo_events.csv
[2026-06-20T06:17:26+07:00] unstr      <good>   polled → unstructured_events.csv
[2026-06-20T06:17:36+07:00] pg         <good>   polled → pg_events.csv
[2026-06-20T06:17:37+07:00] mongo      <good>   polled → mongo_events.csv
[2026-06-20T06:17:37+07:00] unstr      <good>   polled → unstructured_events.csv
[2026-06-20T06:17:47+07:00] pg         <good>   polled → pg_events.csv
[2026-06-20T06:17:48+07:00] mongo      <good>   polled → mongo_events.csv
[2026-06-20T06:17:48+07:00] unstr      <good>   polled → unstructured_events.csv
[2026-06-20T06:17:58+07:00] pg         <good>   polled → pg_events.csv
[2026-06-20T06:17:59+07:00] mongo      <good>   polled → mongo_events.csv
[2026-06-20T06:17:59+07:00] unstr      <good>   polled → unstructured_events.csv
[2026-06-20T06:18:09+07:00] pg         <good>   polled → pg_events.csv
[2026-06-20T06:18:10+07:00] mongo      <good>   polled → mongo_events.csv
[2026-06-20T06:18:10+07:00] unstr      <good>   polled → unstructured_events.csv
[2026-06-20T06:18:20+07:00] pg         <good>   polled → pg_events.csv
[2026-06-20T06:18:21+07:00] mongo      <good>   polled → mongo_events.csv
[2026-06-20T06:18:21+07:00] unstr      <good>   polled → unstructured_events.csv
[2026-06-20T06:18:31+07:00] pg         <good>   polled → pg_events.csv
[2026-06-20T06:18:32+07:00] mongo      <good>   polled → mongo_events.csv
[2026-06-20T06:18:32+07:00] unstr      <good>   polled → unstructured_events.csv
[2026-06-20T06:18:42+07:00] pg         <good>   polled → pg_events.csv
[2026-06-20T06:18:43+07:00] mongo      <good>   polled → mongo_events.csv
[2026-06-20T06:18:43+07:00] unstr      <good>   polled → unstructured_events.csv
[2026-06-20T06:18:53+07:00] pg         <good>   polled → pg_events.csv
[2026-06-20T06:18:54+07:00] mongo      <good>   polled → mongo_events.csv
[2026-06-20T06:18:54+07:00] unstr      <good>   polled → unstructured_events.csv
[2026-06-20T06:19:04+07:00] pg         <good>   polled → pg_events.csv
[2026-06-20T06:19:05+07:00] mongo      <good>   polled → mongo_events.csv
[2026-06-20T06:19:05+07:00] unstr      <good>   polled → unstructured_events.csv
[2026-06-20T06:19:15+07:00] pg         <good>   polled → pg_events.csv
[2026-06-20T06:19:16+07:00] mongo      <good>   polled → mongo_events.csv
[2026-06-20T06:19:16+07:00] unstr      <good>   polled → unstructured_events.csv
[2026-06-20T06:19:26+07:00] pg         <good>   polled → pg_events.csv
[2026-06-20T06:19:27+07:00] mongo      <good>   polled → mongo_events.csv
[2026-06-20T06:19:27+07:00] unstr      <good>   polled → unstructured_events.csv
[2026-06-20T06:19:37+07:00] pg         <good>   polled → pg_events.csv
[2026-06-20T06:19:38+07:00] mongo      <good>   polled → mongo_events.csv
[2026-06-20T06:19:38+07:00] unstr      <good>   polled → unstructured_events.csv
[2026-06-20T06:19:48+07:00] pg         <good>   polled → pg_events.csv
[2026-06-20T06:19:49+07:00] mongo      <good>   polled → mongo_events.csv
[2026-06-20T06:19:49+07:00] unstr      <good>   polled → unstructured_events.csv
[2026-06-20T06:19:59+07:00] pg         <good>   polled → pg_events.csv
[2026-06-20T06:20:00+07:00] mongo      <good>   polled → mongo_events.csv
[2026-06-20T06:20:00+07:00] unstr      <good>   polled → unstructured_events.csv
[2026-06-20T06:20:10+07:00] pg         <good>   polled → pg_events.csv
[2026-06-20T06:20:11+07:00] mongo      <good>   polled → mongo_events.csv
[2026-06-20T06:20:11+07:00] unstr      <good>   polled → unstructured_events.csv
[2026-06-20T06:20:21+07:00] pg         <good>   polled → pg_events.csv
[2026-06-20T06:20:22+07:00] mongo      <good>   polled → mongo_events.csv
[2026-06-20T06:20:22+07:00] unstr      <good>   polled → unstructured_events.csv
[2026-06-20T06:20:32+07:00] pg         <good>   polled → pg_events.csv
[2026-06-20T06:20:33+07:00] mongo      <good>   polled → mongo_events.csv
[2026-06-20T06:20:33+07:00] unstr      <good>   polled → unstructured_events.csv
[2026-06-20T06:20:43+07:00] pg         <good>   polled → pg_events.csv
[2026-06-20T06:20:44+07:00] mongo      <good>   polled → mongo_events.csv
[2026-06-20T06:20:44+07:00] unstr      <good>   polled → unstructured_events.csv
[2026-06-20T06:20:54+07:00] pg         <good>   polled → pg_events.csv
[2026-06-20T06:20:55+07:00] mongo      <good>   polled → mongo_events.csv
[2026-06-20T06:20:55+07:00] unstr      <good>   polled → unstructured_events.csv
[2026-06-20T06:21:05+07:00] pg         <good>   polled → pg_events.csv
[2026-06-20T06:21:06+07:00] mongo      <good>   polled → mongo_events.csv
[2026-06-20T06:21:06+07:00] unstr      <good>   polled → unstructured_events.csv
[2026-06-20T06:21:16+07:00] pg         <good>   polled → pg_events.csv
[2026-06-20T06:21:17+07:00] mongo      <good>   polled → mongo_events.csv
[2026-06-20T06:21:17+07:00] unstr      <good>   polled → unstructured_events.csv
[2026-06-20T06:21:27+07:00] pg         <good>   polled → pg_events.csv
[2026-06-20T06:21:27+07:00] mongo      <good>   polled → mongo_events.csv
[2026-06-20T06:21:27+07:00] unstr      <good>   polled → unstructured_events.csv
[2026-06-20T06:21:38+07:00] pg         <good>   polled → pg_events.csv
[2026-06-20T06:21:38+07:00] mongo      <good>   polled → mongo_events.csv
[2026-06-20T06:21:38+07:00] unstr      <good>   polled → unstructured_events.csv
[2026-06-20T06:21:49+07:00] pg         <good>   polled → pg_events.csv
[2026-06-20T06:21:49+07:00] mongo      <good>   polled → mongo_events.csv
[2026-06-20T06:21:49+07:00] unstr      <good>   polled → unstructured_events.csv
[2026-06-20T06:21:53+0700] main       <info>   ──────────────────────────────────────────────────────
[2026-06-20T06:21:53+0700] main       <info>   Cycle #14 starting
[2026-06-20T06:21:53+07:00] main       <info>   starting cycle=20260620_062153 at=2026-06-20T06:21:53.598223+07:00
[2026-06-20T06:21:53+07:00] main       <info>   output_root=/home/primary/data/backup-cycles
[2026-06-20T06:21:53+07:00] main       <info>   staging_root=/home/primary/data/backup-staging
[2026-06-20T06:21:53+07:00] main       <info>   state_db=/home/primary/data/backup-metadata/pfc_index.db
[2026-06-20T06:21:53+07:00] main       <info>   retention max_cycles=30 max_bytes=50.00 GiB cycle_cap=10.00 GiB
[2026-06-20T06:21:53+07:00] main       <info>   chain_version=chain-v2 versioned_cycles_root=/home/primary/data/backup-cycles/chain-v2
[2026-06-20T06:21:53+07:00] main       <info>   last_cycle_ts=1781910111 (2026-06-20T06:01:51+07:00)
[2026-06-20T06:21:55+07:00] mongo      <good>   oplog compressed raw=2.02 MiB stored=83.91 KiB ratio=0.041 elapsed=0.04s
[2026-06-20T06:21:55+07:00] fixtures   <good>   seeded target=/home/primary/data/unstructured/fixtures copied=0 skipped=25 bytes=0 elapsed=0.00s
[2026-06-20T06:21:57+07:00] main       <info>   staging_size=16.01 MiB checked_in=0.00s
[2026-06-20T06:21:57+07:00] main       <good>   wrote checksums=/home/primary/data/backup-staging/cycle_20260620_062153.tmp/checksums.sha256
[2026-06-20T06:21:57+07:00] main       <good>   finalized dir elapsed=0.00s
[2026-06-20T06:21:57+07:00] verify     <good>   ok elapsed=0.03s
[2026-06-20T06:21:57+07:00] pg         <info>   state pg_last_wal_fname=00000001000000000000003B
[2026-06-20T06:21:57+07:00] main       <info>   retention elapsed=0.00s
[2026-06-20T06:21:57+07:00] transfer   <info>   pushing to 1 destination(s) as 'chain-v2/20260620_062153': ['recovery@192.168.10.129:/home/recovery/local-backup/incoming']
[2026-06-20T06:21:59+07:00] transfer   <good>   all 1 destination(s) OK elapsed=1.50s
[2026-06-20T06:21:59+07:00] main       <info>   Deleting local cycle since it was transferred: /home/primary/data/backup-cycles/chain-v2/20260620_062153
[2026-06-20T06:21:59+07:00] main       <info>   cycle_summary: wal_files=4 (0 B), pfc_chunks=111 (stored=14.07 MiB, raw=91.27 MiB), cycle_stored=16.08 MiB chain=chain-v2
[2026-06-20T06:21:59+07:00] main       <good>   completed cycle=20260620_062153 chain=chain-v2 elapsed=5.75s
[2026-06-20T06:21:59+0700] main       <good>   Cycle #14 completed OK
[2026-06-20T06:21:59+0700] main       <info>   Sleeping 20m until next cycle …
[2026-06-20T06:21:59+07:00] pg         <good>   polled → pg_events.csv
[2026-06-20T06:22:00+07:00] mongo      <good>   polled → mongo_events.csv
[2026-06-20T06:22:00+07:00] unstr      <good>   polled → unstructured_events.csv
[2026-06-20T06:22:10+07:00] pg         <good>   polled → pg_events.csv
[2026-06-20T06:22:11+07:00] mongo      <good>   polled → mongo_events.csv
[2026-06-20T06:22:11+07:00] unstr      <good>   polled → unstructured_events.csv
[2026-06-20T06:22:21+07:00] pg         <good>   polled → pg_events.csv
[2026-06-20T06:22:22+07:00] mongo      <good>   polled → mongo_events.csv
[2026-06-20T06:22:22+07:00] unstr      <good>   polled → unstructured_events.csv
[2026-06-20T06:22:32+07:00] pg         <good>   polled → pg_events.csv
[2026-06-20T06:22:33+07:00] mongo      <good>   polled → mongo_events.csv
[2026-06-20T06:22:33+07:00] unstr      <good>   polled → unstructured_events.csv
[2026-06-20T06:22:43+07:00] pg         <good>   polled → pg_events.csv
[2026-06-20T06:22:44+07:00] mongo      <good>   polled → mongo_events.csv
[2026-06-20T06:22:44+07:00] unstr      <good>   polled → unstructured_events.csv
[2026-06-20T06:22:54+07:00] pg         <good>   polled → pg_events.csv
[2026-06-20T06:22:55+07:00] mongo      <good>   polled → mongo_events.csv
[2026-06-20T06:22:55+07:00] unstr      <good>   polled → unstructured_events.csv
[2026-06-20T06:23:05+07:00] pg         <good>   polled → pg_events.csv
[2026-06-20T06:23:06+07:00] mongo      <good>   polled → mongo_events.csv
[2026-06-20T06:23:06+07:00] unstr      <good>   polled → unstructured_events.csv
[2026-06-20T06:23:16+07:00] pg         <good>   polled → pg_events.csv
[2026-06-20T06:23:17+07:00] mongo      <good>   polled → mongo_events.csv
[2026-06-20T06:23:17+07:00] unstr      <good>   polled → unstructured_events.csv
[2026-06-20T06:23:27+07:00] pg         <good>   polled → pg_events.csv
[2026-06-20T06:23:28+07:00] mongo      <good>   polled → mongo_events.csv
[2026-06-20T06:23:28+07:00] unstr      <good>   polled → unstructured_events.csv
[2026-06-20T06:23:38+07:00] pg         <good>   polled → pg_events.csv
[2026-06-20T06:23:39+07:00] mongo      <good>   polled → mongo_events.csv
[2026-06-20T06:23:39+07:00] unstr      <good>   polled → unstructured_events.csv
[2026-06-20T06:23:49+07:00] pg         <good>   polled → pg_events.csv
[2026-06-20T06:23:50+07:00] mongo      <good>   polled → mongo_events.csv
[2026-06-20T06:23:50+07:00] unstr      <good>   polled → unstructured_events.csv
[2026-06-20T06:24:00+07:00] pg         <good>   polled → pg_events.csv
[2026-06-20T06:24:01+07:00] mongo      <good>   polled → mongo_events.csv
[2026-06-20T06:24:01+07:00] unstr      <good>   polled → unstructured_events.csv
[2026-06-20T06:24:11+07:00] pg         <good>   polled → pg_events.csv
[2026-06-20T06:24:12+07:00] mongo      <good>   polled → mongo_events.csv
[2026-06-20T06:24:12+07:00] unstr      <good>   polled → unstructured_events.csv
[2026-06-20T06:24:22+07:00] pg         <good>   polled → pg_events.csv
[2026-06-20T06:24:23+07:00] mongo      <good>   polled → mongo_events.csv
[2026-06-20T06:24:23+07:00] unstr      <good>   polled → unstructured_events.csv
[2026-06-20T06:24:33+07:00] pg         <good>   polled → pg_events.csv
[2026-06-20T06:24:34+07:00] mongo      <good>   polled → mongo_events.csv
[2026-06-20T06:24:34+07:00] unstr      <good>   polled → unstructured_events.csv
[2026-06-20T06:24:44+07:00] pg         <good>   polled → pg_events.csv
[2026-06-20T06:24:45+07:00] mongo      <good>   polled → mongo_events.csv
[2026-06-20T06:24:45+07:00] unstr      <good>   polled → unstructured_events.csv
[2026-06-20T06:24:55+07:00] pg         <good>   polled → pg_events.csv
[2026-06-20T06:24:56+07:00] mongo      <good>   polled → mongo_events.csv
[2026-06-20T06:24:56+07:00] unstr      <good>   polled → unstructured_events.csv
[2026-06-20T06:25:06+07:00] pg         <good>   polled → pg_events.csv
[2026-06-20T06:25:07+07:00] mongo      <good>   polled → mongo_events.csv
[2026-06-20T06:25:07+07:00] unstr      <good>   polled → unstructured_events.csv
[2026-06-20T06:25:17+07:00] pg         <good>   polled → pg_events.csv
[2026-06-20T06:25:17+07:00] mongo      <good>   polled → mongo_events.csv
[2026-06-20T06:25:17+07:00] unstr      <good>   polled → unstructured_events.csv
[2026-06-20T06:25:28+07:00] pg         <good>   polled → pg_events.csv
[2026-06-20T06:25:28+07:00] mongo      <good>   polled → mongo_events.csv
[2026-06-20T06:25:28+07:00] unstr      <good>   polled → unstructured_events.csv
[2026-06-20T06:25:39+07:00] pg         <good>   polled → pg_events.csv
[2026-06-20T06:25:40+07:00] mongo      <good>   polled → mongo_events.csv
[2026-06-20T06:25:40+07:00] unstr      <good>   polled → unstructured_events.csv
[2026-06-20T06:25:50+07:00] pg         <good>   polled → pg_events.csv
[2026-06-20T06:25:50+07:00] mongo      <good>   polled → mongo_events.csv
[2026-06-20T06:25:50+07:00] unstr      <good>   polled → unstructured_events.csv
[2026-06-20T06:26:01+07:00] pg         <good>   polled → pg_events.csv
[2026-06-20T06:26:02+07:00] mongo      <good>   polled → mongo_events.csv
[2026-06-20T06:26:02+07:00] unstr      <good>   polled → unstructured_events.csv
[2026-06-20T06:26:12+07:00] pg         <good>   polled → pg_events.csv
[2026-06-20T06:26:13+07:00] mongo      <good>   polled → mongo_events.csv
[2026-06-20T06:26:13+07:00] unstr      <good>   polled → unstructured_events.csv
[2026-06-20T06:26:23+07:00] pg         <good>   polled → pg_events.csv
[2026-06-20T06:26:24+07:00] mongo      <good>   polled → mongo_events.csv
[2026-06-20T06:26:24+07:00] unstr      <good>   polled → unstructured_events.csv
[2026-06-20T06:26:34+07:00] pg         <good>   polled → pg_events.csv
[2026-06-20T06:26:35+07:00] mongo      <good>   polled → mongo_events.csv
[2026-06-20T06:26:35+07:00] unstr      <good>   polled → unstructured_events.csv
[2026-06-20T06:26:45+07:00] pg         <good>   polled → pg_events.csv
[2026-06-20T06:26:46+07:00] mongo      <good>   polled → mongo_events.csv
[2026-06-20T06:26:46+07:00] unstr      <good>   polled → unstructured_events.csv
[2026-06-20T06:26:56+07:00] pg         <good>   polled → pg_events.csv
[2026-06-20T06:26:57+07:00] mongo      <good>   polled → mongo_events.csv
[2026-06-20T06:26:57+07:00] unstr      <good>   polled → unstructured_events.csv
[2026-06-20T06:27:07+07:00] pg         <good>   polled → pg_events.csv
[2026-06-20T06:27:08+07:00] mongo      <good>   polled → mongo_events.csv
[2026-06-20T06:27:08+07:00] unstr      <good>   polled → unstructured_events.csv
[2026-06-20T06:27:18+07:00] pg         <good>   polled → pg_events.csv
[2026-06-20T06:27:19+07:00] mongo      <good>   polled → mongo_events.csv
[2026-06-20T06:27:19+07:00] unstr      <good>   polled → unstructured_events.csv
[2026-06-20T06:27:29+07:00] pg         <good>   polled → pg_events.csv
[2026-06-20T06:27:30+07:00] mongo      <good>   polled → mongo_events.csv
[2026-06-20T06:27:30+07:00] unstr      <good>   polled → unstructured_events.csv
[2026-06-20T06:27:40+07:00] pg         <good>   polled → pg_events.csv
[2026-06-20T06:27:41+07:00] mongo      <good>   polled → mongo_events.csv
[2026-06-20T06:27:41+07:00] unstr      <good>   polled → unstructured_events.csv
[2026-06-20T06:27:51+07:00] pg         <good>   polled → pg_events.csv
[2026-06-20T06:27:52+07:00] mongo      <good>   polled → mongo_events.csv
[2026-06-20T06:27:52+07:00] unstr      <good>   polled → unstructured_events.csv
[2026-06-20T06:28:02+07:00] pg         <good>   polled → pg_events.csv
[2026-06-20T06:28:03+07:00] mongo      <good>   polled → mongo_events.csv
[2026-06-20T06:28:03+07:00] unstr      <good>   polled → unstructured_events.csv
[2026-06-20T06:28:13+07:00] pg         <good>   polled → pg_events.csv
[2026-06-20T06:28:14+07:00] mongo      <good>   polled → mongo_events.csv
[2026-06-20T06:28:14+07:00] unstr      <good>   polled → unstructured_events.csv
[2026-06-20T06:28:24+07:00] pg         <good>   polled → pg_events.csv
[2026-06-20T06:28:25+07:00] mongo      <good>   polled → mongo_events.csv
[2026-06-20T06:28:25+07:00] unstr      <good>   polled → unstructured_events.csv
[2026-06-20T06:28:35+07:00] pg         <good>   polled → pg_events.csv
[2026-06-20T06:28:36+07:00] mongo      <good>   polled → mongo_events.csv
[2026-06-20T06:28:36+07:00] unstr      <good>   polled → unstructured_events.csv
[2026-06-20T06:28:46+07:00] pg         <good>   polled → pg_events.csv
[2026-06-20T06:28:47+07:00] mongo      <good>   polled → mongo_events.csv
[2026-06-20T06:28:47+07:00] unstr      <good>   polled → unstructured_events.csv
[2026-06-20T06:28:57+07:00] pg         <good>   polled → pg_events.csv
[2026-06-20T06:28:58+07:00] mongo      <good>   polled → mongo_events.csv
[2026-06-20T06:28:58+07:00] unstr      <good>   polled → unstructured_events.csv
[2026-06-20T06:29:08+07:00] pg         <good>   polled → pg_events.csv
[2026-06-20T06:29:09+07:00] mongo      <good>   polled → mongo_events.csv
[2026-06-20T06:29:09+07:00] unstr      <good>   polled → unstructured_events.csv
[2026-06-20T06:29:19+07:00] pg         <good>   polled → pg_events.csv
[2026-06-20T06:29:20+07:00] mongo      <good>   polled → mongo_events.csv
[2026-06-20T06:29:20+07:00] unstr      <good>   polled → unstructured_events.csv
[2026-06-20T06:29:30+07:00] pg         <good>   polled → pg_events.csv
[2026-06-20T06:29:31+07:00] mongo      <good>   polled → mongo_events.csv
[2026-06-20T06:29:31+07:00] unstr      <good>   polled → unstructured_events.csv
[2026-06-20T06:29:41+07:00] pg         <good>   polled → pg_events.csv
[2026-06-20T06:29:42+07:00] mongo      <good>   polled → mongo_events.csv
[2026-06-20T06:29:42+07:00] unstr      <good>   polled → unstructured_events.csv
[2026-06-20T06:29:52+07:00] pg         <good>   polled → pg_events.csv
[2026-06-20T06:29:53+07:00] mongo      <good>   polled → mongo_events.csv
[2026-06-20T06:29:53+07:00] unstr      <good>   polled → unstructured_events.csv
[2026-06-20T06:30:03+07:00] pg         <good>   polled → pg_events.csv
[2026-06-20T06:30:05+07:00] mongo      <good>   polled → mongo_events.csv
[2026-06-20T06:30:05+07:00] unstr      <good>   polled → unstructured_events.csv
[2026-06-20T06:30:15+07:00] pg         <good>   polled → pg_events.csv
[2026-06-20T06:30:16+07:00] mongo      <good>   polled → mongo_events.csv
[2026-06-20T06:30:16+07:00] unstr      <good>   polled → unstructured_events.csv
[2026-06-20T06:30:26+07:00] pg         <good>   polled → pg_events.csv
[2026-06-20T06:30:27+07:00] mongo      <good>   polled → mongo_events.csv
[2026-06-20T06:30:27+07:00] unstr      <good>   polled → unstructured_events.csv
[2026-06-20T06:30:37+07:00] pg         <good>   polled → pg_events.csv
[2026-06-20T06:30:38+07:00] mongo      <good>   polled → mongo_events.csv
[2026-06-20T06:30:38+07:00] unstr      <good>   polled → unstructured_events.csv
[2026-06-20T06:30:48+07:00] pg         <good>   polled → pg_events.csv
[2026-06-20T06:30:49+07:00] mongo      <good>   polled → mongo_events.csv
[2026-06-20T06:30:49+07:00] unstr      <good>   polled → unstructured_events.csv
[2026-06-20T06:30:59+07:00] pg         <good>   polled → pg_events.csv
[2026-06-20T06:31:00+07:00] mongo      <good>   polled → mongo_events.csv
[2026-06-20T06:31:00+07:00] unstr      <good>   polled → unstructured_events.csv
[2026-06-20T06:31:10+07:00] pg         <good>   polled → pg_events.csv
[2026-06-20T06:31:11+07:00] mongo      <good>   polled → mongo_events.csv
[2026-06-20T06:31:11+07:00] unstr      <good>   polled → unstructured_events.csv
[2026-06-20T06:31:21+07:00] pg         <good>   polled → pg_events.csv
[2026-06-20T06:31:22+07:00] mongo      <good>   polled → mongo_events.csv
[2026-06-20T06:31:22+07:00] unstr      <good>   polled → unstructured_events.csv
[2026-06-20T06:31:32+07:00] pg         <good>   polled → pg_events.csv
[2026-06-20T06:31:33+07:00] mongo      <good>   polled → mongo_events.csv
[2026-06-20T06:31:33+07:00] unstr      <good>   polled → unstructured_events.csv
[2026-06-20T06:31:43+07:00] pg         <good>   polled → pg_events.csv
[2026-06-20T06:31:44+07:00] mongo      <good>   polled → mongo_events.csv
[2026-06-20T06:31:44+07:00] unstr      <good>   polled → unstructured_events.csv
[2026-06-20T06:31:54+07:00] pg         <good>   polled → pg_events.csv
[2026-06-20T06:31:55+07:00] mongo      <good>   polled → mongo_events.csv
[2026-06-20T06:31:55+07:00] unstr      <good>   polled → unstructured_events.csv
[2026-06-20T06:32:05+07:00] pg         <good>   polled → pg_events.csv
[2026-06-20T06:32:06+07:00] mongo      <good>   polled → mongo_events.csv
[2026-06-20T06:32:06+07:00] unstr      <good>   polled → unstructured_events.csv
[2026-06-20T06:32:16+07:00] pg         <good>   polled → pg_events.csv
[2026-06-20T06:32:17+07:00] mongo      <good>   polled → mongo_events.csv
[2026-06-20T06:32:17+07:00] unstr      <good>   polled → unstructured_events.csv
[2026-06-20T06:32:28+07:00] pg         <good>   polled → pg_events.csv
[2026-06-20T06:32:28+07:00] mongo      <good>   polled → mongo_events.csv
[2026-06-20T06:32:28+07:00] unstr      <good>   polled → unstructured_events.csv
[2026-06-20T06:32:39+07:00] pg         <good>   polled → pg_events.csv
[2026-06-20T06:32:40+07:00] mongo      <good>   polled → mongo_events.csv
[2026-06-20T06:32:40+07:00] unstr      <good>   polled → unstructured_events.csv
[2026-06-20T06:32:50+07:00] pg         <good>   polled → pg_events.csv
[2026-06-20T06:32:52+07:00] mongo      <good>   polled → mongo_events.csv
[2026-06-20T06:32:52+07:00] unstr      <good>   polled → unstructured_events.csv
[2026-06-20T06:33:02+07:00] pg         <good>   polled → pg_events.csv
[2026-06-20T06:33:03+07:00] mongo      <good>   polled → mongo_events.csv
[2026-06-20T06:33:03+07:00] unstr      <good>   polled → unstructured_events.csv
[2026-06-20T06:33:13+07:00] pg         <good>   polled → pg_events.csv
[2026-06-20T06:33:15+07:00] mongo      <good>   polled → mongo_events.csv
[2026-06-20T06:33:15+07:00] unstr      <good>   polled → unstructured_events.csv
[2026-06-20T06:33:25+07:00] pg         <good>   polled → pg_events.csv
[2026-06-20T06:33:26+07:00] mongo      <good>   polled → mongo_events.csv
[2026-06-20T06:33:26+07:00] unstr      <good>   polled → unstructured_events.csv
[2026-06-20T06:33:36+07:00] pg         <good>   polled → pg_events.csv
[2026-06-20T06:33:37+07:00] mongo      <good>   polled → mongo_events.csv
[2026-06-20T06:33:37+07:00] unstr      <good>   polled → unstructured_events.csv
[2026-06-20T06:33:48+07:00] pg         <good>   polled → pg_events.csv
[2026-06-20T06:33:49+07:00] mongo      <good>   polled → mongo_events.csv
[2026-06-20T06:33:49+07:00] unstr      <good>   polled → unstructured_events.csv
[2026-06-20T06:33:59+07:00] pg         <good>   polled → pg_events.csv
[2026-06-20T06:34:00+07:00] mongo      <good>   polled → mongo_events.csv
[2026-06-20T06:34:00+07:00] unstr      <good>   polled → unstructured_events.csv
[2026-06-20T06:34:10+07:00] pg         <good>   polled → pg_events.csv
[2026-06-20T06:34:11+07:00] mongo      <good>   polled → mongo_events.csv
[2026-06-20T06:34:11+07:00] unstr      <good>   polled → unstructured_events.csv
[2026-06-20T06:34:21+07:00] pg         <good>   polled → pg_events.csv
[2026-06-20T06:34:23+07:00] mongo      <good>   polled → mongo_events.csv
[2026-06-20T06:34:23+07:00] unstr      <good>   polled → unstructured_events.csv
[2026-06-20T06:34:34+07:00] pg         <good>   polled → pg_events.csv
[2026-06-20T06:34:38+07:00] mongo      <good>   polled → mongo_events.csv
[2026-06-20T06:34:38+07:00] unstr      <good>   polled → unstructured_events.csv
[2026-06-20T06:34:48+07:00] pg         <good>   polled → pg_events.csv
[2026-06-20T06:34:50+07:00] mongo      <good>   polled → mongo_events.csv
[2026-06-20T06:34:50+07:00] unstr      <good>   polled → unstructured_events.csv
[2026-06-20T06:35:00+07:00] pg         <good>   polled → pg_events.csv
[2026-06-20T06:35:02+07:00] mongo      <good>   polled → mongo_events.csv
[2026-06-20T06:35:02+07:00] unstr      <good>   polled → unstructured_events.csv
[2026-06-20T06:35:12+07:00] pg         <good>   polled → pg_events.csv
[2026-06-20T06:35:13+07:00] mongo      <good>   polled → mongo_events.csv
[2026-06-20T06:35:13+07:00] unstr      <good>   polled → unstructured_events.csv
[2026-06-20T06:35:23+07:00] pg         <good>   polled → pg_events.csv
[2026-06-20T06:35:24+07:00] mongo      <good>   polled → mongo_events.csv
[2026-06-20T06:35:24+07:00] unstr      <good>   polled → unstructured_events.csv
[2026-06-20T06:35:34+07:00] pg         <good>   polled → pg_events.csv
[2026-06-20T06:35:35+07:00] mongo      <good>   polled → mongo_events.csv
[2026-06-20T06:35:35+07:00] unstr      <good>   polled → unstructured_events.csv
[2026-06-20T06:35:45+07:00] pg         <good>   polled → pg_events.csv
[2026-06-20T06:35:46+07:00] mongo      <good>   polled → mongo_events.csv
[2026-06-20T06:35:46+07:00] unstr      <good>   polled → unstructured_events.csv
[2026-06-20T06:35:56+07:00] pg         <good>   polled → pg_events.csv
[2026-06-20T06:35:57+07:00] mongo      <good>   polled → mongo_events.csv
[2026-06-20T06:35:57+07:00] unstr      <good>   polled → unstructured_events.csv
[2026-06-20T06:36:07+07:00] pg         <good>   polled → pg_events.csv
[2026-06-20T06:36:08+07:00] mongo      <good>   polled → mongo_events.csv
[2026-06-20T06:36:08+07:00] unstr      <good>   polled → unstructured_events.csv
[2026-06-20T06:36:18+07:00] pg         <good>   polled → pg_events.csv
[2026-06-20T06:36:19+07:00] mongo      <good>   polled → mongo_events.csv
[2026-06-20T06:36:19+07:00] unstr      <good>   polled → unstructured_events.csv
[2026-06-20T06:36:29+07:00] pg         <good>   polled → pg_events.csv
[2026-06-20T06:36:30+07:00] mongo      <good>   polled → mongo_events.csv
[2026-06-20T06:36:30+07:00] unstr      <good>   polled → unstructured_events.csv
[2026-06-20T06:36:40+07:00] pg         <good>   polled → pg_events.csv
[2026-06-20T06:36:41+07:00] mongo      <good>   polled → mongo_events.csv
[2026-06-20T06:36:41+07:00] unstr      <good>   polled → unstructured_events.csv
[2026-06-20T06:36:51+07:00] pg         <good>   polled → pg_events.csv
[2026-06-20T06:36:52+07:00] mongo      <good>   polled → mongo_events.csv
[2026-06-20T06:36:52+07:00] unstr      <good>   polled → unstructured_events.csv
[2026-06-20T06:37:02+07:00] pg         <good>   polled → pg_events.csv
[2026-06-20T06:37:03+07:00] mongo      <good>   polled → mongo_events.csv
[2026-06-20T06:37:03+07:00] unstr      <good>   polled → unstructured_events.csv
[2026-06-20T06:37:13+07:00] pg         <good>   polled → pg_events.csv
[2026-06-20T06:37:14+07:00] mongo      <good>   polled → mongo_events.csv
[2026-06-20T06:37:14+07:00] unstr      <good>   polled → unstructured_events.csv
[2026-06-20T06:37:24+07:00] pg         <good>   polled → pg_events.csv
[2026-06-20T06:37:25+07:00] mongo      <good>   polled → mongo_events.csv
[2026-06-20T06:37:25+07:00] unstr      <good>   polled → unstructured_events.csv
[2026-06-20T06:37:35+07:00] pg         <good>   polled → pg_events.csv
[2026-06-20T06:37:36+07:00] mongo      <good>   polled → mongo_events.csv
[2026-06-20T06:37:36+07:00] unstr      <good>   polled → unstructured_events.csv
[2026-06-20T06:37:46+07:00] pg         <good>   polled → pg_events.csv
[2026-06-20T06:37:47+07:00] mongo      <good>   polled → mongo_events.csv
[2026-06-20T06:37:47+07:00] unstr      <good>   polled → unstructured_events.csv
[2026-06-20T06:37:57+07:00] pg         <good>   polled → pg_events.csv
[2026-06-20T06:37:58+07:00] mongo      <good>   polled → mongo_events.csv
[2026-06-20T06:37:58+07:00] unstr      <good>   polled → unstructured_events.csv
[2026-06-20T06:38:08+07:00] pg         <good>   polled → pg_events.csv
[2026-06-20T06:38:09+07:00] mongo      <good>   polled → mongo_events.csv
[2026-06-20T06:38:09+07:00] unstr      <good>   polled → unstructured_events.csv
[2026-06-20T06:38:19+07:00] pg         <good>   polled → pg_events.csv
[2026-06-20T06:38:20+07:00] mongo      <good>   polled → mongo_events.csv
[2026-06-20T06:38:20+07:00] unstr      <good>   polled → unstructured_events.csv
[2026-06-20T06:38:30+07:00] pg         <good>   polled → pg_events.csv
[2026-06-20T06:38:31+07:00] mongo      <good>   polled → mongo_events.csv
[2026-06-20T06:38:31+07:00] unstr      <good>   polled → unstructured_events.csv
[2026-06-20T06:38:41+07:00] pg         <good>   polled → pg_events.csv
[2026-06-20T06:38:42+07:00] mongo      <good>   polled → mongo_events.csv
[2026-06-20T06:38:42+07:00] unstr      <good>   polled → unstructured_events.csv
[2026-06-20T06:38:52+07:00] pg         <good>   polled → pg_events.csv
[2026-06-20T06:38:53+07:00] mongo      <good>   polled → mongo_events.csv
[2026-06-20T06:38:53+07:00] unstr      <good>   polled → unstructured_events.csv
[2026-06-20T06:39:03+07:00] pg         <good>   polled → pg_events.csv
[2026-06-20T06:39:04+07:00] mongo      <good>   polled → mongo_events.csv
[2026-06-20T06:39:04+07:00] unstr      <good>   polled → unstructured_events.csv
[2026-06-20T06:39:14+07:00] pg         <good>   polled → pg_events.csv
[2026-06-20T06:39:15+07:00] mongo      <good>   polled → mongo_events.csv
[2026-06-20T06:39:15+07:00] unstr      <good>   polled → unstructured_events.csv
[2026-06-20T06:39:25+07:00] pg         <good>   polled → pg_events.csv
[2026-06-20T06:39:26+07:00] mongo      <good>   polled → mongo_events.csv
[2026-06-20T06:39:26+07:00] unstr      <good>   polled → unstructured_events.csv
[2026-06-20T06:39:36+07:00] pg         <good>   polled → pg_events.csv
[2026-06-20T06:39:37+07:00] mongo      <good>   polled → mongo_events.csv
[2026-06-20T06:39:37+07:00] unstr      <good>   polled → unstructured_events.csv
[2026-06-20T06:39:47+07:00] pg         <good>   polled → pg_events.csv
[2026-06-20T06:39:48+07:00] mongo      <good>   polled → mongo_events.csv
[2026-06-20T06:39:48+07:00] unstr      <good>   polled → unstructured_events.csv
[2026-06-20T06:39:58+07:00] pg         <good>   polled → pg_events.csv
[2026-06-20T06:39:59+07:00] mongo      <good>   polled → mongo_events.csv
[2026-06-20T06:39:59+07:00] unstr      <good>   polled → unstructured_events.csv
[2026-06-20T06:40:09+07:00] pg         <good>   polled → pg_events.csv
[2026-06-20T06:40:10+07:00] mongo      <good>   polled → mongo_events.csv
[2026-06-20T06:40:10+07:00] unstr      <good>   polled → unstructured_events.csv
[2026-06-20T06:40:20+07:00] pg         <good>   polled → pg_events.csv
[2026-06-20T06:40:21+07:00] mongo      <good>   polled → mongo_events.csv
[2026-06-20T06:40:21+07:00] unstr      <good>   polled → unstructured_events.csv
[2026-06-20T06:40:31+07:00] pg         <good>   polled → pg_events.csv
[2026-06-20T06:40:32+07:00] mongo      <good>   polled → mongo_events.csv
[2026-06-20T06:40:32+07:00] unstr      <good>   polled → unstructured_events.csv
[2026-06-20T06:40:42+07:00] pg         <good>   polled → pg_events.csv
[2026-06-20T06:40:43+07:00] mongo      <good>   polled → mongo_events.csv
[2026-06-20T06:40:43+07:00] unstr      <good>   polled → unstructured_events.csv
[2026-06-20T06:40:53+07:00] pg         <good>   polled → pg_events.csv
[2026-06-20T06:40:54+07:00] mongo      <good>   polled → mongo_events.csv
[2026-06-20T06:40:54+07:00] unstr      <good>   polled → unstructured_events.csv
[2026-06-20T06:41:04+07:00] pg         <good>   polled → pg_events.csv
[2026-06-20T06:41:05+07:00] mongo      <good>   polled → mongo_events.csv
[2026-06-20T06:41:05+07:00] unstr      <good>   polled → unstructured_events.csv
[2026-06-20T06:41:15+07:00] pg         <good>   polled → pg_events.csv
[2026-06-20T06:41:16+07:00] mongo      <good>   polled → mongo_events.csv
[2026-06-20T06:41:16+07:00] unstr      <good>   polled → unstructured_events.csv
[2026-06-20T06:41:26+07:00] pg         <good>   polled → pg_events.csv
[2026-06-20T06:41:27+07:00] mongo      <good>   polled → mongo_events.csv
[2026-06-20T06:41:27+07:00] unstr      <good>   polled → unstructured_events.csv
[2026-06-20T06:41:37+07:00] pg         <good>   polled → pg_events.csv
[2026-06-20T06:41:38+07:00] mongo      <good>   polled → mongo_events.csv
[2026-06-20T06:41:38+07:00] unstr      <good>   polled → unstructured_events.csv
[2026-06-20T06:41:48+07:00] pg         <good>   polled → pg_events.csv
[2026-06-20T06:41:49+07:00] mongo      <good>   polled → mongo_events.csv
[2026-06-20T06:41:49+07:00] unstr      <good>   polled → unstructured_events.csv
[2026-06-20T06:41:59+0700] main       <info>   ──────────────────────────────────────────────────────
[2026-06-20T06:41:59+0700] main       <info>   Cycle #15 starting
[2026-06-20T06:41:59+07:00] main       <info>   starting cycle=20260620_064159 at=2026-06-20T06:41:59.549136+07:00
[2026-06-20T06:41:59+07:00] main       <info>   output_root=/home/primary/data/backup-cycles
[2026-06-20T06:41:59+07:00] main       <info>   staging_root=/home/primary/data/backup-staging
[2026-06-20T06:41:59+07:00] main       <info>   state_db=/home/primary/data/backup-metadata/pfc_index.db
[2026-06-20T06:41:59+07:00] main       <info>   retention max_cycles=30 max_bytes=50.00 GiB cycle_cap=10.00 GiB
[2026-06-20T06:41:59+07:00] main       <info>   chain_version=chain-v3 versioned_cycles_root=/home/primary/data/backup-cycles/chain-v3
[2026-06-20T06:41:59+07:00] main       <info>   last_cycle_ts=1781911317 (2026-06-20T06:21:57+07:00)
[2026-06-20T06:41:59+07:00] pg         <good>   polled → pg_events.csv
[2026-06-20T06:42:00+07:00] mongo      <good>   polled → mongo_events.csv
[2026-06-20T06:42:00+07:00] unstr      <good>   polled → unstructured_events.csv
[2026-06-20T06:42:10+07:00] pg         <good>   polled → pg_events.csv
[2026-06-20T06:42:11+07:00] mongo      <good>   polled → mongo_events.csv
[2026-06-20T06:42:11+07:00] unstr      <good>   polled → unstructured_events.csv
[2026-06-20T06:42:15+07:00] pfc        <info>   chain changed (was chain-v2, now chain-v3), taking unstructured basebackup
[2026-06-20T06:42:21+07:00] pg         <good>   polled → pg_events.csv
[2026-06-20T06:42:22+07:00] mongo      <good>   polled → mongo_events.csv
[2026-06-20T06:42:22+07:00] unstr      <good>   polled → unstructured_events.csv
[2026-06-20T06:42:33+07:00] pg         <good>   polled → pg_events.csv
[2026-06-20T06:42:34+07:00] mongo      <good>   polled → mongo_events.csv
[2026-06-20T06:42:34+07:00] unstr      <good>   polled → unstructured_events.csv
[2026-06-20T06:42:42+07:00] pfc        <good>   basebackup done bytes=526.61 MiB elapsed=26.99s
[2026-06-20T06:42:44+07:00] pg         <good>   polled → pg_events.csv
[2026-06-20T06:42:44+07:00] mongo      <good>   oplog compressed raw=2.02 MiB stored=84.96 KiB ratio=0.041 elapsed=0.08s
[2026-06-20T06:42:44+07:00] fixtures   <good>   seeded target=/home/primary/data/unstructured/fixtures copied=0 skipped=25 bytes=0 elapsed=0.00s
[2026-06-20T06:42:46+07:00] mongo      <good>   polled → mongo_events.csv
[2026-06-20T06:42:46+07:00] unstr      <good>   polled → unstructured_events.csv
[2026-06-20T06:42:48+07:00] main       <info>   staging_size=547.77 MiB checked_in=0.00s
[2026-06-20T06:42:50+07:00] main       <good>   wrote checksums=/home/primary/data/backup-staging/cycle_20260620_064159.tmp/checksums.sha256
[2026-06-20T06:42:50+07:00] main       <good>   finalized dir elapsed=0.00s
[2026-06-20T06:42:51+07:00] verify     <good>   ok elapsed=1.27s
[2026-06-20T06:42:51+07:00] pg         <info>   state pg_last_wal_fname=000000010000000000000041
[2026-06-20T06:42:51+07:00] main       <info>   retention elapsed=0.00s
[2026-06-20T06:42:51+07:00] transfer   <info>   pushing to 1 destination(s) as 'chain-v3/20260620_064159': ['recovery@192.168.10.129:/home/recovery/local-backup/incoming']
[2026-06-20T06:42:56+07:00] pg         <good>   polled → pg_events.csv
[2026-06-20T06:42:57+07:00] mongo      <good>   polled → mongo_events.csv
[2026-06-20T06:42:57+07:00] unstr      <good>   polled → unstructured_events.csv
[2026-06-20T06:42:59+07:00] transfer   <good>   all 1 destination(s) OK elapsed=7.30s
[2026-06-20T06:42:59+07:00] main       <info>   Deleting local cycle since it was transferred: /home/primary/data/backup-cycles/chain-v3/20260620_064159
[2026-06-20T06:42:59+07:00] main       <info>   cycle_summary: wal_files=7 (0 B), pfc_chunks=117 (stored=14.38 MiB, raw=93.12 MiB), cycle_stored=547.85 MiB chain=chain-v3
[2026-06-20T06:42:59+07:00] main       <good>   completed cycle=20260620_064159 chain=chain-v3 elapsed=59.80s
[2026-06-20T06:42:59+0700] main       <good>   Cycle #15 completed OK
[2026-06-20T06:42:59+0700] main       <info>   Sleeping 20m until next cycle …
[2026-06-20T06:43:08+07:00] pg         <good>   polled → pg_events.csv
[2026-06-20T06:43:09+07:00] mongo      <good>   polled → mongo_events.csv
[2026-06-20T06:43:09+07:00] unstr      <good>   polled → unstructured_events.csv
[2026-06-20T06:43:19+07:00] pg         <good>   polled → pg_events.csv
[2026-06-20T06:43:20+07:00] mongo      <good>   polled → mongo_events.csv
[2026-06-20T06:43:20+07:00] unstr      <good>   polled → unstructured_events.csv
[2026-06-20T06:43:30+07:00] pg         <good>   polled → pg_events.csv
[2026-06-20T06:43:31+07:00] mongo      <good>   polled → mongo_events.csv
[2026-06-20T06:43:31+07:00] unstr      <good>   polled → unstructured_events.csv
[2026-06-20T06:43:41+07:00] pg         <good>   polled → pg_events.csv
[2026-06-20T06:43:42+07:00] mongo      <good>   polled → mongo_events.csv
[2026-06-20T06:43:42+07:00] unstr      <good>   polled → unstructured_events.csv
[2026-06-20T06:43:52+07:00] pg         <good>   polled → pg_events.csv
[2026-06-20T06:43:53+07:00] mongo      <good>   polled → mongo_events.csv
[2026-06-20T06:43:53+07:00] unstr      <good>   polled → unstructured_events.csv
[2026-06-20T06:44:03+07:00] pg         <good>   polled → pg_events.csv
[2026-06-20T06:44:04+07:00] mongo      <good>   polled → mongo_events.csv
[2026-06-20T06:44:04+07:00] unstr      <good>   polled → unstructured_events.csv
[2026-06-20T06:44:14+07:00] pg         <good>   polled → pg_events.csv
[2026-06-20T06:44:15+07:00] mongo      <good>   polled → mongo_events.csv
[2026-06-20T06:44:15+07:00] unstr      <good>   polled → unstructured_events.csv
[2026-06-20T06:44:25+07:00] pg         <good>   polled → pg_events.csv
[2026-06-20T06:44:26+07:00] mongo      <good>   polled → mongo_events.csv
[2026-06-20T06:44:26+07:00] unstr      <good>   polled → unstructured_events.csv
[2026-06-20T06:44:36+07:00] pg         <good>   polled → pg_events.csv
[2026-06-20T06:44:37+07:00] mongo      <good>   polled → mongo_events.csv
[2026-06-20T06:44:37+07:00] unstr      <good>   polled → unstructured_events.csv
[2026-06-20T06:44:48+07:00] pg         <good>   polled → pg_events.csv
[2026-06-20T06:44:49+07:00] mongo      <good>   polled → mongo_events.csv
[2026-06-20T06:44:49+07:00] unstr      <good>   polled → unstructured_events.csv
[2026-06-20T06:44:59+07:00] pg         <good>   polled → pg_events.csv
[2026-06-20T06:45:00+07:00] mongo      <good>   polled → mongo_events.csv
[2026-06-20T06:45:00+07:00] unstr      <good>   polled → unstructured_events.csv
[2026-06-20T06:45:10+07:00] pg         <good>   polled → pg_events.csv
[2026-06-20T06:45:11+07:00] mongo      <good>   polled → mongo_events.csv
[2026-06-20T06:45:11+07:00] unstr      <good>   polled → unstructured_events.csv
[2026-06-20T06:45:21+07:00] pg         <good>   polled → pg_events.csv
[2026-06-20T06:45:22+07:00] mongo      <good>   polled → mongo_events.csv
[2026-06-20T06:45:22+07:00] unstr      <good>   polled → unstructured_events.csv
[2026-06-20T06:45:32+07:00] pg         <good>   polled → pg_events.csv
[2026-06-20T06:45:33+07:00] mongo      <good>   polled → mongo_events.csv
[2026-06-20T06:45:33+07:00] unstr      <good>   polled → unstructured_events.csv
[2026-06-20T06:45:43+07:00] pg         <good>   polled → pg_events.csv
[2026-06-20T06:45:44+07:00] mongo      <good>   polled → mongo_events.csv
[2026-06-20T06:45:44+07:00] unstr      <good>   polled → unstructured_events.csv
[2026-06-20T06:45:54+07:00] pg         <good>   polled → pg_events.csv
[2026-06-20T06:45:55+07:00] mongo      <good>   polled → mongo_events.csv
[2026-06-20T06:45:55+07:00] unstr      <good>   polled → unstructured_events.csv
[2026-06-20T06:46:05+07:00] pg         <good>   polled → pg_events.csv
[2026-06-20T06:46:06+07:00] mongo      <good>   polled → mongo_events.csv
[2026-06-20T06:46:06+07:00] unstr      <good>   polled → unstructured_events.csv
[2026-06-20T06:46:16+07:00] pg         <good>   polled → pg_events.csv
[2026-06-20T06:46:17+07:00] mongo      <good>   polled → mongo_events.csv
[2026-06-20T06:46:17+07:00] unstr      <good>   polled → unstructured_events.csv
[2026-06-20T06:46:27+07:00] pg         <good>   polled → pg_events.csv
[2026-06-20T06:46:28+07:00] mongo      <good>   polled → mongo_events.csv
[2026-06-20T06:46:28+07:00] unstr      <good>   polled → unstructured_events.csv
[2026-06-20T06:46:38+07:00] pg         <good>   polled → pg_events.csv
[2026-06-20T06:46:39+07:00] mongo      <good>   polled → mongo_events.csv
[2026-06-20T06:46:39+07:00] unstr      <good>   polled → unstructured_events.csv
[2026-06-20T06:46:49+07:00] pg         <good>   polled → pg_events.csv
[2026-06-20T06:46:50+07:00] mongo      <good>   polled → mongo_events.csv
[2026-06-20T06:46:50+07:00] unstr      <good>   polled → unstructured_events.csv
[2026-06-20T06:47:00+07:00] pg         <good>   polled → pg_events.csv
[2026-06-20T06:47:01+07:00] mongo      <good>   polled → mongo_events.csv
[2026-06-20T06:47:01+07:00] unstr      <good>   polled → unstructured_events.csv
[2026-06-20T06:47:11+07:00] pg         <good>   polled → pg_events.csv
[2026-06-20T06:47:12+07:00] mongo      <good>   polled → mongo_events.csv
[2026-06-20T06:47:12+07:00] unstr      <good>   polled → unstructured_events.csv
[2026-06-20T06:47:22+07:00] pg         <good>   polled → pg_events.csv
[2026-06-20T06:47:23+07:00] mongo      <good>   polled → mongo_events.csv
[2026-06-20T06:47:23+07:00] unstr      <good>   polled → unstructured_events.csv
[2026-06-20T06:47:33+07:00] pg         <good>   polled → pg_events.csv
[2026-06-20T06:47:34+07:00] mongo      <good>   polled → mongo_events.csv
[2026-06-20T06:47:34+07:00] unstr      <good>   polled → unstructured_events.csv
[2026-06-20T06:47:44+07:00] pg         <good>   polled → pg_events.csv
[2026-06-20T06:47:45+07:00] mongo      <good>   polled → mongo_events.csv
[2026-06-20T06:47:45+07:00] unstr      <good>   polled → unstructured_events.csv
[2026-06-20T06:47:55+07:00] pg         <good>   polled → pg_events.csv
[2026-06-20T06:47:56+07:00] mongo      <good>   polled → mongo_events.csv
[2026-06-20T06:47:56+07:00] unstr      <good>   polled → unstructured_events.csv
[2026-06-20T06:48:06+07:00] pg         <good>   polled → pg_events.csv
[2026-06-20T06:48:07+07:00] mongo      <good>   polled → mongo_events.csv
[2026-06-20T06:48:07+07:00] unstr      <good>   polled → unstructured_events.csv
[2026-06-20T06:48:17+07:00] pg         <good>   polled → pg_events.csv
[2026-06-20T06:48:18+07:00] mongo      <good>   polled → mongo_events.csv
[2026-06-20T06:48:18+07:00] unstr      <good>   polled → unstructured_events.csv
[2026-06-20T06:48:28+07:00] pg         <good>   polled → pg_events.csv
[2026-06-20T06:48:29+07:00] mongo      <good>   polled → mongo_events.csv
[2026-06-20T06:48:29+07:00] unstr      <good>   polled → unstructured_events.csv
[2026-06-20T06:48:39+07:00] pg         <good>   polled → pg_events.csv
[2026-06-20T06:48:40+07:00] mongo      <good>   polled → mongo_events.csv
[2026-06-20T06:48:40+07:00] unstr      <good>   polled → unstructured_events.csv
[2026-06-20T06:48:50+07:00] pg         <good>   polled → pg_events.csv
[2026-06-20T06:48:51+07:00] mongo      <good>   polled → mongo_events.csv
[2026-06-20T06:48:51+07:00] unstr      <good>   polled → unstructured_events.csv
[2026-06-20T06:49:01+07:00] pg         <good>   polled → pg_events.csv
[2026-06-20T06:49:02+07:00] mongo      <good>   polled → mongo_events.csv
[2026-06-20T06:49:02+07:00] unstr      <good>   polled → unstructured_events.csv
[2026-06-20T06:49:12+07:00] pg         <good>   polled → pg_events.csv
[2026-06-20T06:49:13+07:00] mongo      <good>   polled → mongo_events.csv
[2026-06-20T06:49:13+07:00] unstr      <good>   polled → unstructured_events.csv
[2026-06-20T06:49:23+07:00] pg         <good>   polled → pg_events.csv
[2026-06-20T06:49:24+07:00] mongo      <good>   polled → mongo_events.csv
[2026-06-20T06:49:24+07:00] unstr      <good>   polled → unstructured_events.csv
[2026-06-20T06:49:34+07:00] pg         <good>   polled → pg_events.csv
[2026-06-20T06:49:35+07:00] mongo      <good>   polled → mongo_events.csv
[2026-06-20T06:49:35+07:00] unstr      <good>   polled → unstructured_events.csv
[2026-06-20T06:49:45+07:00] pg         <good>   polled → pg_events.csv
[2026-06-20T06:49:46+07:00] mongo      <good>   polled → mongo_events.csv
[2026-06-20T06:49:46+07:00] unstr      <good>   polled → unstructured_events.csv
[2026-06-20T06:49:56+07:00] pg         <good>   polled → pg_events.csv
[2026-06-20T06:49:57+07:00] mongo      <good>   polled → mongo_events.csv
[2026-06-20T06:49:57+07:00] unstr      <good>   polled → unstructured_events.csv
[2026-06-20T06:50:07+07:00] pg         <good>   polled → pg_events.csv
[2026-06-20T06:50:08+07:00] mongo      <good>   polled → mongo_events.csv
[2026-06-20T06:50:08+07:00] unstr      <good>   polled → unstructured_events.csv
[2026-06-20T06:50:18+07:00] pg         <good>   polled → pg_events.csv
[2026-06-20T06:50:19+07:00] mongo      <good>   polled → mongo_events.csv
[2026-06-20T06:50:19+07:00] unstr      <good>   polled → unstructured_events.csv
[2026-06-20T06:50:29+07:00] pg         <good>   polled → pg_events.csv
[2026-06-20T06:50:30+07:00] mongo      <good>   polled → mongo_events.csv
[2026-06-20T06:50:30+07:00] unstr      <good>   polled → unstructured_events.csv
[2026-06-20T06:50:40+07:00] pg         <good>   polled → pg_events.csv
[2026-06-20T06:50:41+07:00] mongo      <good>   polled → mongo_events.csv
[2026-06-20T06:50:41+07:00] unstr      <good>   polled → unstructured_events.csv
[2026-06-20T06:50:51+07:00] pg         <good>   polled → pg_events.csv
[2026-06-20T06:50:51+07:00] mongo      <good>   polled → mongo_events.csv
[2026-06-20T06:50:51+07:00] unstr      <good>   polled → unstructured_events.csv
[2026-06-20T06:51:02+07:00] pg         <good>   polled → pg_events.csv
[2026-06-20T06:51:02+07:00] mongo      <good>   polled → mongo_events.csv
[2026-06-20T06:51:02+07:00] unstr      <good>   polled → unstructured_events.csv
[2026-06-20T06:51:13+07:00] pg         <good>   polled → pg_events.csv
[2026-06-20T06:51:13+07:00] mongo      <good>   polled → mongo_events.csv
[2026-06-20T06:51:13+07:00] unstr      <good>   polled → unstructured_events.csv
[2026-06-20T06:51:24+07:00] pg         <good>   polled → pg_events.csv
[2026-06-20T06:51:24+07:00] mongo      <good>   polled → mongo_events.csv
[2026-06-20T06:51:24+07:00] unstr      <good>   polled → unstructured_events.csv
[2026-06-20T06:51:34+07:00] pg         <good>   polled → pg_events.csv
[2026-06-20T06:51:35+07:00] mongo      <good>   polled → mongo_events.csv
[2026-06-20T06:51:35+07:00] unstr      <good>   polled → unstructured_events.csv
[2026-06-20T06:51:45+07:00] pg         <good>   polled → pg_events.csv
[2026-06-20T06:51:46+07:00] mongo      <good>   polled → mongo_events.csv
[2026-06-20T06:51:46+07:00] unstr      <good>   polled → unstructured_events.csv
[2026-06-20T06:51:56+07:00] pg         <good>   polled → pg_events.csv
[2026-06-20T06:51:57+07:00] mongo      <good>   polled → mongo_events.csv
[2026-06-20T06:51:57+07:00] unstr      <good>   polled → unstructured_events.csv
[2026-06-20T06:52:07+07:00] pg         <good>   polled → pg_events.csv
[2026-06-20T06:52:08+07:00] mongo      <good>   polled → mongo_events.csv
[2026-06-20T06:52:08+07:00] unstr      <good>   polled → unstructured_events.csv
[2026-06-20T06:52:18+07:00] pg         <good>   polled → pg_events.csv
[2026-06-20T06:52:19+07:00] mongo      <good>   polled → mongo_events.csv
[2026-06-20T06:52:19+07:00] unstr      <good>   polled → unstructured_events.csv
[2026-06-20T06:52:29+07:00] pg         <good>   polled → pg_events.csv
[2026-06-20T06:52:30+07:00] mongo      <good>   polled → mongo_events.csv
[2026-06-20T06:52:30+07:00] unstr      <good>   polled → unstructured_events.csv
[2026-06-20T06:52:40+07:00] pg         <good>   polled → pg_events.csv
[2026-06-20T06:52:41+07:00] mongo      <good>   polled → mongo_events.csv
[2026-06-20T06:52:41+07:00] unstr      <good>   polled → unstructured_events.csv
[2026-06-20T06:52:51+07:00] pg         <good>   polled → pg_events.csv
[2026-06-20T06:52:52+07:00] mongo      <good>   polled → mongo_events.csv
[2026-06-20T06:52:52+07:00] unstr      <good>   polled → unstructured_events.csv
[2026-06-20T06:53:02+07:00] pg         <good>   polled → pg_events.csv
[2026-06-20T06:53:03+07:00] mongo      <good>   polled → mongo_events.csv
[2026-06-20T06:53:03+07:00] unstr      <good>   polled → unstructured_events.csv
[2026-06-20T06:53:13+07:00] pg         <good>   polled → pg_events.csv
[2026-06-20T06:53:14+07:00] mongo      <good>   polled → mongo_events.csv
[2026-06-20T06:53:14+07:00] unstr      <good>   polled → unstructured_events.csv
[2026-06-20T06:53:24+07:00] pg         <good>   polled → pg_events.csv
[2026-06-20T06:53:25+07:00] mongo      <good>   polled → mongo_events.csv
[2026-06-20T06:53:25+07:00] unstr      <good>   polled → unstructured_events.csv
[2026-06-20T06:53:35+07:00] pg         <good>   polled → pg_events.csv
[2026-06-20T06:53:36+07:00] mongo      <good>   polled → mongo_events.csv
[2026-06-20T06:53:36+07:00] unstr      <good>   polled → unstructured_events.csv
[2026-06-20T06:53:46+07:00] pg         <good>   polled → pg_events.csv
[2026-06-20T06:53:47+07:00] mongo      <good>   polled → mongo_events.csv
[2026-06-20T06:53:47+07:00] unstr      <good>   polled → unstructured_events.csv
[2026-06-20T06:53:57+07:00] pg         <good>   polled → pg_events.csv
[2026-06-20T06:53:58+07:00] mongo      <good>   polled → mongo_events.csv
[2026-06-20T06:53:58+07:00] unstr      <good>   polled → unstructured_events.csv
[2026-06-20T06:54:08+07:00] pg         <good>   polled → pg_events.csv
[2026-06-20T06:54:09+07:00] mongo      <good>   polled → mongo_events.csv
[2026-06-20T06:54:09+07:00] unstr      <good>   polled → unstructured_events.csv
[2026-06-20T06:54:19+07:00] pg         <good>   polled → pg_events.csv
[2026-06-20T06:54:20+07:00] mongo      <good>   polled → mongo_events.csv
[2026-06-20T06:54:20+07:00] unstr      <good>   polled → unstructured_events.csv
[2026-06-20T06:54:30+07:00] pg         <good>   polled → pg_events.csv
[2026-06-20T06:54:30+07:00] mongo      <good>   polled → mongo_events.csv
[2026-06-20T06:54:30+07:00] unstr      <good>   polled → unstructured_events.csv
[2026-06-20T06:54:41+07:00] pg         <good>   polled → pg_events.csv
[2026-06-20T06:54:41+07:00] mongo      <good>   polled → mongo_events.csv
[2026-06-20T06:54:41+07:00] unstr      <good>   polled → unstructured_events.csv
[2026-06-20T06:54:52+07:00] pg         <good>   polled → pg_events.csv
[2026-06-20T06:54:52+07:00] mongo      <good>   polled → mongo_events.csv
[2026-06-20T06:54:52+07:00] unstr      <good>   polled → unstructured_events.csv
[2026-06-20T06:55:03+07:00] pg         <good>   polled → pg_events.csv
[2026-06-20T06:55:03+07:00] mongo      <good>   polled → mongo_events.csv
[2026-06-20T06:55:03+07:00] unstr      <good>   polled → unstructured_events.csv
[2026-06-20T06:55:14+07:00] pg         <good>   polled → pg_events.csv
[2026-06-20T06:55:14+07:00] mongo      <good>   polled → mongo_events.csv
[2026-06-20T06:55:14+07:00] unstr      <good>   polled → unstructured_events.csv
[2026-06-20T06:55:24+07:00] pg         <good>   polled → pg_events.csv
[2026-06-20T06:55:25+07:00] mongo      <good>   polled → mongo_events.csv
[2026-06-20T06:55:25+07:00] unstr      <good>   polled → unstructured_events.csv
[2026-06-20T06:55:35+07:00] pg         <good>   polled → pg_events.csv
[2026-06-20T06:55:36+07:00] mongo      <good>   polled → mongo_events.csv
[2026-06-20T06:55:36+07:00] unstr      <good>   polled → unstructured_events.csv
[2026-06-20T06:55:46+07:00] pg         <good>   polled → pg_events.csv
[2026-06-20T06:55:47+07:00] mongo      <good>   polled → mongo_events.csv
[2026-06-20T06:55:47+07:00] unstr      <good>   polled → unstructured_events.csv
[2026-06-20T06:55:57+07:00] pg         <good>   polled → pg_events.csv
[2026-06-20T06:55:58+07:00] mongo      <good>   polled → mongo_events.csv
[2026-06-20T06:55:58+07:00] unstr      <good>   polled → unstructured_events.csv
[2026-06-20T06:56:08+07:00] pg         <good>   polled → pg_events.csv
[2026-06-20T06:56:09+07:00] mongo      <good>   polled → mongo_events.csv
[2026-06-20T06:56:09+07:00] unstr      <good>   polled → unstructured_events.csv
[2026-06-20T06:56:19+07:00] pg         <good>   polled → pg_events.csv
[2026-06-20T06:56:20+07:00] mongo      <good>   polled → mongo_events.csv
[2026-06-20T06:56:20+07:00] unstr      <good>   polled → unstructured_events.csv
[2026-06-20T06:56:30+07:00] pg         <good>   polled → pg_events.csv
[2026-06-20T06:56:31+07:00] mongo      <good>   polled → mongo_events.csv
[2026-06-20T06:56:31+07:00] unstr      <good>   polled → unstructured_events.csv
[2026-06-20T06:56:41+07:00] pg         <good>   polled → pg_events.csv
[2026-06-20T06:56:42+07:00] mongo      <good>   polled → mongo_events.csv
[2026-06-20T06:56:42+07:00] unstr      <good>   polled → unstructured_events.csv
[2026-06-20T06:56:52+07:00] pg         <good>   polled → pg_events.csv
[2026-06-20T06:56:53+07:00] mongo      <good>   polled → mongo_events.csv
[2026-06-20T06:56:53+07:00] unstr      <good>   polled → unstructured_events.csv
[2026-06-20T06:57:03+07:00] pg         <good>   polled → pg_events.csv
[2026-06-20T06:57:04+07:00] mongo      <good>   polled → mongo_events.csv
[2026-06-20T06:57:04+07:00] unstr      <good>   polled → unstructured_events.csv
[2026-06-20T06:57:14+07:00] pg         <good>   polled → pg_events.csv
[2026-06-20T06:57:15+07:00] mongo      <good>   polled → mongo_events.csv
[2026-06-20T06:57:15+07:00] unstr      <good>   polled → unstructured_events.csv
[2026-06-20T06:57:25+07:00] pg         <good>   polled → pg_events.csv
[2026-06-20T06:57:26+07:00] mongo      <good>   polled → mongo_events.csv
[2026-06-20T06:57:26+07:00] unstr      <good>   polled → unstructured_events.csv
[2026-06-20T06:57:36+07:00] pg         <good>   polled → pg_events.csv
[2026-06-20T06:57:36+07:00] mongo      <good>   polled → mongo_events.csv
[2026-06-20T06:57:36+07:00] unstr      <good>   polled → unstructured_events.csv
[2026-06-20T06:57:47+07:00] pg         <good>   polled → pg_events.csv
[2026-06-20T06:57:47+07:00] mongo      <good>   polled → mongo_events.csv
[2026-06-20T06:57:47+07:00] unstr      <good>   polled → unstructured_events.csv
[2026-06-20T06:57:58+07:00] pg         <good>   polled → pg_events.csv
[2026-06-20T06:57:58+07:00] mongo      <good>   polled → mongo_events.csv
[2026-06-20T06:57:58+07:00] unstr      <good>   polled → unstructured_events.csv
[2026-06-20T06:58:09+07:00] pg         <good>   polled → pg_events.csv
[2026-06-20T06:58:09+07:00] mongo      <good>   polled → mongo_events.csv
[2026-06-20T06:58:09+07:00] unstr      <good>   polled → unstructured_events.csv
[2026-06-20T06:58:19+07:00] pg         <good>   polled → pg_events.csv
[2026-06-20T06:58:20+07:00] mongo      <good>   polled → mongo_events.csv
[2026-06-20T06:58:20+07:00] unstr      <good>   polled → unstructured_events.csv
[2026-06-20T06:58:30+07:00] pg         <good>   polled → pg_events.csv
[2026-06-20T06:58:31+07:00] mongo      <good>   polled → mongo_events.csv
[2026-06-20T06:58:31+07:00] unstr      <good>   polled → unstructured_events.csv
[2026-06-20T06:58:41+07:00] pg         <good>   polled → pg_events.csv
[2026-06-20T06:58:42+07:00] mongo      <good>   polled → mongo_events.csv
[2026-06-20T06:58:42+07:00] unstr      <good>   polled → unstructured_events.csv
[2026-06-20T06:58:52+07:00] pg         <good>   polled → pg_events.csv
[2026-06-20T06:58:53+07:00] mongo      <good>   polled → mongo_events.csv
[2026-06-20T06:58:53+07:00] unstr      <good>   polled → unstructured_events.csv
[2026-06-20T06:59:03+07:00] pg         <good>   polled → pg_events.csv
[2026-06-20T06:59:04+07:00] mongo      <good>   polled → mongo_events.csv
[2026-06-20T06:59:04+07:00] unstr      <good>   polled → unstructured_events.csv
[2026-06-20T06:59:14+07:00] pg         <good>   polled → pg_events.csv
[2026-06-20T06:59:15+07:00] mongo      <good>   polled → mongo_events.csv
[2026-06-20T06:59:15+07:00] unstr      <good>   polled → unstructured_events.csv
[2026-06-20T06:59:25+07:00] pg         <good>   polled → pg_events.csv
[2026-06-20T06:59:26+07:00] mongo      <good>   polled → mongo_events.csv
[2026-06-20T06:59:26+07:00] unstr      <good>   polled → unstructured_events.csv
[2026-06-20T06:59:36+07:00] pg         <good>   polled → pg_events.csv
[2026-06-20T06:59:37+07:00] mongo      <good>   polled → mongo_events.csv
[2026-06-20T06:59:37+07:00] unstr      <good>   polled → unstructured_events.csv
[2026-06-20T06:59:47+07:00] pg         <good>   polled → pg_events.csv
[2026-06-20T06:59:48+07:00] mongo      <good>   polled → mongo_events.csv
[2026-06-20T06:59:48+07:00] unstr      <good>   polled → unstructured_events.csv
[2026-06-20T06:59:58+07:00] pg         <good>   polled → pg_events.csv
[2026-06-20T06:59:59+07:00] mongo      <good>   polled → mongo_events.csv
[2026-06-20T06:59:59+07:00] unstr      <good>   polled → unstructured_events.csv
[2026-06-20T07:00:09+07:00] pg         <good>   polled → pg_events.csv
[2026-06-20T07:00:10+07:00] mongo      <good>   polled → mongo_events.csv
[2026-06-20T07:00:10+07:00] unstr      <good>   polled → unstructured_events.csv
[2026-06-20T07:00:20+07:00] pg         <good>   polled → pg_events.csv
[2026-06-20T07:00:21+07:00] mongo      <good>   polled → mongo_events.csv
[2026-06-20T07:00:21+07:00] unstr      <good>   polled → unstructured_events.csv
[2026-06-20T07:00:31+07:00] pg         <good>   polled → pg_events.csv
[2026-06-20T07:00:31+07:00] mongo      <good>   polled → mongo_events.csv
[2026-06-20T07:00:31+07:00] unstr      <good>   polled → unstructured_events.csv
[2026-06-20T07:00:42+07:00] pg         <good>   polled → pg_events.csv
[2026-06-20T07:00:42+07:00] mongo      <good>   polled → mongo_events.csv
[2026-06-20T07:00:42+07:00] unstr      <good>   polled → unstructured_events.csv
[2026-06-20T07:00:52+07:00] pg         <good>   polled → pg_events.csv
[2026-06-20T07:00:53+07:00] mongo      <good>   polled → mongo_events.csv
[2026-06-20T07:00:53+07:00] unstr      <good>   polled → unstructured_events.csv
[2026-06-20T07:01:04+07:00] pg         <good>   polled → pg_events.csv
[2026-06-20T07:01:04+07:00] mongo      <good>   polled → mongo_events.csv
[2026-06-20T07:01:04+07:00] unstr      <good>   polled → unstructured_events.csv
[2026-06-20T07:01:14+07:00] pg         <good>   polled → pg_events.csv
[2026-06-20T07:01:15+07:00] mongo      <good>   polled → mongo_events.csv
[2026-06-20T07:01:15+07:00] unstr      <good>   polled → unstructured_events.csv
[2026-06-20T07:01:25+07:00] pg         <good>   polled → pg_events.csv
[2026-06-20T07:01:26+07:00] mongo      <good>   polled → mongo_events.csv
[2026-06-20T07:01:26+07:00] unstr      <good>   polled → unstructured_events.csv
[2026-06-20T07:01:36+07:00] pg         <good>   polled → pg_events.csv
[2026-06-20T07:01:37+07:00] mongo      <good>   polled → mongo_events.csv
[2026-06-20T07:01:37+07:00] unstr      <good>   polled → unstructured_events.csv
[2026-06-20T07:01:47+07:00] pg         <good>   polled → pg_events.csv
[2026-06-20T07:01:48+07:00] mongo      <good>   polled → mongo_events.csv
[2026-06-20T07:01:48+07:00] unstr      <good>   polled → unstructured_events.csv
[2026-06-20T07:01:58+07:00] pg         <good>   polled → pg_events.csv
[2026-06-20T07:01:59+07:00] mongo      <good>   polled → mongo_events.csv
[2026-06-20T07:01:59+07:00] unstr      <good>   polled → unstructured_events.csv
[2026-06-20T07:02:09+07:00] pg         <good>   polled → pg_events.csv
[2026-06-20T07:02:10+07:00] mongo      <good>   polled → mongo_events.csv
[2026-06-20T07:02:10+07:00] unstr      <good>   polled → unstructured_events.csv
[2026-06-20T07:02:20+07:00] pg         <good>   polled → pg_events.csv
[2026-06-20T07:02:21+07:00] mongo      <good>   polled → mongo_events.csv
[2026-06-20T07:02:21+07:00] unstr      <good>   polled → unstructured_events.csv
[2026-06-20T07:02:31+07:00] pg         <good>   polled → pg_events.csv
[2026-06-20T07:02:32+07:00] mongo      <good>   polled → mongo_events.csv
[2026-06-20T07:02:32+07:00] unstr      <good>   polled → unstructured_events.csv
[2026-06-20T07:02:42+07:00] pg         <good>   polled → pg_events.csv
[2026-06-20T07:02:43+07:00] mongo      <good>   polled → mongo_events.csv
[2026-06-20T07:02:43+07:00] unstr      <good>   polled → unstructured_events.csv
[2026-06-20T07:02:53+07:00] pg         <good>   polled → pg_events.csv
[2026-06-20T07:02:54+07:00] mongo      <good>   polled → mongo_events.csv
[2026-06-20T07:02:54+07:00] unstr      <good>   polled → unstructured_events.csv
[2026-06-20T07:02:59+0700] main       <info>   ──────────────────────────────────────────────────────
[2026-06-20T07:02:59+0700] main       <info>   Cycle #16 starting
[2026-06-20T07:02:59+07:00] main       <info>   starting cycle=20260620_070259 at=2026-06-20T07:02:59.585768+07:00
[2026-06-20T07:02:59+07:00] main       <info>   output_root=/home/primary/data/backup-cycles
[2026-06-20T07:02:59+07:00] main       <info>   staging_root=/home/primary/data/backup-staging
[2026-06-20T07:02:59+07:00] main       <info>   state_db=/home/primary/data/backup-metadata/pfc_index.db
[2026-06-20T07:02:59+07:00] main       <info>   retention max_cycles=30 max_bytes=50.00 GiB cycle_cap=10.00 GiB
[2026-06-20T07:02:59+07:00] main       <info>   chain_version=chain-v3 versioned_cycles_root=/home/primary/data/backup-cycles/chain-v3
[2026-06-20T07:02:59+07:00] main       <info>   last_cycle_ts=1781912571 (2026-06-20T06:42:51+07:00)
[2026-06-20T07:03:01+07:00] mongo      <good>   oplog compressed raw=1.96 MiB stored=82.38 KiB ratio=0.041 elapsed=0.03s
[2026-06-20T07:03:01+07:00] fixtures   <good>   seeded target=/home/primary/data/unstructured/fixtures copied=0 skipped=25 bytes=0 elapsed=0.00s
[2026-06-20T07:03:04+07:00] pg         <good>   polled → pg_events.csv
[2026-06-20T07:03:04+07:00] main       <info>   staging_size=96.53 MiB checked_in=0.00s
[2026-06-20T07:03:05+07:00] main       <good>   wrote checksums=/home/primary/data/backup-staging/cycle_20260620_070259.tmp/checksums.sha256
[2026-06-20T07:03:05+07:00] main       <good>   finalized dir elapsed=0.00s
[2026-06-20T07:03:05+07:00] mongo      <good>   polled → mongo_events.csv
[2026-06-20T07:03:05+07:00] unstr      <good>   polled → unstructured_events.csv
[2026-06-20T07:03:05+07:00] verify     <good>   ok elapsed=0.39s
[2026-06-20T07:03:05+07:00] pg         <info>   state pg_last_wal_fname=000000010000000000000045
[2026-06-20T07:03:05+07:00] main       <info>   retention elapsed=0.00s
[2026-06-20T07:03:05+07:00] transfer   <info>   pushing to 1 destination(s) as 'chain-v3/20260620_070259': ['recovery@192.168.10.129:/home/recovery/local-backup/incoming']
[2026-06-20T07:03:08+07:00] transfer   <good>   all 1 destination(s) OK elapsed=2.74s
[2026-06-20T07:03:08+07:00] main       <info>   Deleting local cycle since it was transferred: /home/primary/data/backup-cycles/chain-v3/20260620_070259
[2026-06-20T07:03:08+07:00] main       <info>   cycle_summary: wal_files=4 (0 B), pfc_chunks=192 (stored=94.63 MiB, raw=173.86 MiB), cycle_stored=96.65 MiB chain=chain-v3
[2026-06-20T07:03:08+07:00] main       <good>   completed cycle=20260620_070259 chain=chain-v3 elapsed=8.78s
[2026-06-20T07:03:08+0700] main       <good>   Cycle #16 completed OK
[2026-06-20T07:03:08+0700] main       <info>   Sleeping 20m until next cycle …
[2026-06-20T07:03:15+07:00] pg         <good>   polled → pg_events.csv
[2026-06-20T07:03:16+07:00] mongo      <good>   polled → mongo_events.csv
[2026-06-20T07:03:16+07:00] unstr      <good>   polled → unstructured_events.csv
[2026-06-20T07:03:26+07:00] pg         <good>   polled → pg_events.csv
[2026-06-20T07:03:27+07:00] mongo      <good>   polled → mongo_events.csv
[2026-06-20T07:03:27+07:00] unstr      <good>   polled → unstructured_events.csv
[2026-06-20T07:03:37+07:00] pg         <good>   polled → pg_events.csv
[2026-06-20T07:03:38+07:00] mongo      <good>   polled → mongo_events.csv
[2026-06-20T07:03:38+07:00] unstr      <good>   polled → unstructured_events.csv
[2026-06-20T07:03:48+07:00] pg         <good>   polled → pg_events.csv
[2026-06-20T07:03:49+07:00] mongo      <good>   polled → mongo_events.csv
[2026-06-20T07:03:49+07:00] unstr      <good>   polled → unstructured_events.csv
[2026-06-20T07:03:59+07:00] pg         <good>   polled → pg_events.csv
[2026-06-20T07:04:00+07:00] mongo      <good>   polled → mongo_events.csv
[2026-06-20T07:04:00+07:00] unstr      <good>   polled → unstructured_events.csv
[2026-06-20T07:04:10+07:00] pg         <good>   polled → pg_events.csv
[2026-06-20T07:04:11+07:00] mongo      <good>   polled → mongo_events.csv
[2026-06-20T07:04:11+07:00] unstr      <good>   polled → unstructured_events.csv
[2026-06-20T07:04:21+07:00] pg         <good>   polled → pg_events.csv
[2026-06-20T07:04:22+07:00] mongo      <good>   polled → mongo_events.csv
[2026-06-20T07:04:22+07:00] unstr      <good>   polled → unstructured_events.csv
[2026-06-20T07:04:32+07:00] pg         <good>   polled → pg_events.csv
[2026-06-20T07:04:33+07:00] mongo      <good>   polled → mongo_events.csv
[2026-06-20T07:04:33+07:00] unstr      <good>   polled → unstructured_events.csv
[2026-06-20T07:04:43+07:00] pg         <good>   polled → pg_events.csv
[2026-06-20T07:04:44+07:00] mongo      <good>   polled → mongo_events.csv
[2026-06-20T07:04:44+07:00] unstr      <good>   polled → unstructured_events.csv
[2026-06-20T07:04:54+07:00] pg         <good>   polled → pg_events.csv
[2026-06-20T07:04:55+07:00] mongo      <good>   polled → mongo_events.csv
[2026-06-20T07:04:55+07:00] unstr      <good>   polled → unstructured_events.csv
[2026-06-20T07:05:05+07:00] pg         <good>   polled → pg_events.csv
[2026-06-20T07:05:06+07:00] mongo      <good>   polled → mongo_events.csv
[2026-06-20T07:05:06+07:00] unstr      <good>   polled → unstructured_events.csv
[2026-06-20T07:05:16+07:00] pg         <good>   polled → pg_events.csv
[2026-06-20T07:05:17+07:00] mongo      <good>   polled → mongo_events.csv
[2026-06-20T07:05:17+07:00] unstr      <good>   polled → unstructured_events.csv
[2026-06-20T07:05:27+07:00] pg         <good>   polled → pg_events.csv
[2026-06-20T07:05:28+07:00] mongo      <good>   polled → mongo_events.csv
[2026-06-20T07:05:28+07:00] unstr      <good>   polled → unstructured_events.csv
[2026-06-20T07:05:38+07:00] pg         <good>   polled → pg_events.csv
[2026-06-20T07:05:39+07:00] mongo      <good>   polled → mongo_events.csv
[2026-06-20T07:05:39+07:00] unstr      <good>   polled → unstructured_events.csv
[2026-06-20T07:05:49+07:00] pg         <good>   polled → pg_events.csv
[2026-06-20T07:05:50+07:00] mongo      <good>   polled → mongo_events.csv
[2026-06-20T07:05:50+07:00] unstr      <good>   polled → unstructured_events.csv
[2026-06-20T07:06:00+07:00] pg         <good>   polled → pg_events.csv
[2026-06-20T07:06:01+07:00] mongo      <good>   polled → mongo_events.csv
[2026-06-20T07:06:01+07:00] unstr      <good>   polled → unstructured_events.csv
[2026-06-20T07:06:11+07:00] pg         <good>   polled → pg_events.csv
[2026-06-20T07:06:12+07:00] mongo      <good>   polled → mongo_events.csv
[2026-06-20T07:06:12+07:00] unstr      <good>   polled → unstructured_events.csv
[2026-06-20T07:06:22+07:00] pg         <good>   polled → pg_events.csv
[2026-06-20T07:06:23+07:00] mongo      <good>   polled → mongo_events.csv
[2026-06-20T07:06:23+07:00] unstr      <good>   polled → unstructured_events.csv
[2026-06-20T07:06:33+07:00] pg         <good>   polled → pg_events.csv
[2026-06-20T07:06:34+07:00] mongo      <good>   polled → mongo_events.csv
[2026-06-20T07:06:34+07:00] unstr      <good>   polled → unstructured_events.csv
[2026-06-20T07:06:44+07:00] pg         <good>   polled → pg_events.csv
[2026-06-20T07:06:44+07:00] mongo      <good>   polled → mongo_events.csv
[2026-06-20T07:06:44+07:00] unstr      <good>   polled → unstructured_events.csv
[2026-06-20T07:06:55+07:00] pg         <good>   polled → pg_events.csv
[2026-06-20T07:06:55+07:00] mongo      <good>   polled → mongo_events.csv
[2026-06-20T07:06:55+07:00] unstr      <good>   polled → unstructured_events.csv
[2026-06-20T07:07:06+07:00] pg         <good>   polled → pg_events.csv
[2026-06-20T07:07:06+07:00] mongo      <good>   polled → mongo_events.csv
[2026-06-20T07:07:06+07:00] unstr      <good>   polled → unstructured_events.csv
[2026-06-20T07:07:17+07:00] pg         <good>   polled → pg_events.csv
[2026-06-20T07:07:17+07:00] mongo      <good>   polled → mongo_events.csv
[2026-06-20T07:07:17+07:00] unstr      <good>   polled → unstructured_events.csv
[2026-06-20T07:07:28+07:00] pg         <good>   polled → pg_events.csv
[2026-06-20T07:07:28+07:00] mongo      <good>   polled → mongo_events.csv
[2026-06-20T07:07:28+07:00] unstr      <good>   polled → unstructured_events.csv
[2026-06-20T07:07:38+07:00] pg         <good>   polled → pg_events.csv
[2026-06-20T07:07:39+07:00] mongo      <good>   polled → mongo_events.csv
[2026-06-20T07:07:39+07:00] unstr      <good>   polled → unstructured_events.csv
[2026-06-20T07:07:49+07:00] pg         <good>   polled → pg_events.csv
[2026-06-20T07:07:50+07:00] mongo      <good>   polled → mongo_events.csv
[2026-06-20T07:07:50+07:00] unstr      <good>   polled → unstructured_events.csv
[2026-06-20T07:08:00+07:00] pg         <good>   polled → pg_events.csv
[2026-06-20T07:08:01+07:00] mongo      <good>   polled → mongo_events.csv
[2026-06-20T07:08:01+07:00] unstr      <good>   polled → unstructured_events.csv
[2026-06-20T07:08:11+07:00] pg         <good>   polled → pg_events.csv
[2026-06-20T07:08:12+07:00] mongo      <good>   polled → mongo_events.csv
[2026-06-20T07:08:12+07:00] unstr      <good>   polled → unstructured_events.csv
[2026-06-20T07:08:22+07:00] pg         <good>   polled → pg_events.csv
[2026-06-20T07:08:23+07:00] mongo      <good>   polled → mongo_events.csv
[2026-06-20T07:08:23+07:00] unstr      <good>   polled → unstructured_events.csv
[2026-06-20T07:08:33+07:00] pg         <good>   polled → pg_events.csv
[2026-06-20T07:08:34+07:00] mongo      <good>   polled → mongo_events.csv
[2026-06-20T07:08:34+07:00] unstr      <good>   polled → unstructured_events.csv
[2026-06-20T07:08:44+07:00] pg         <good>   polled → pg_events.csv
[2026-06-20T07:08:45+07:00] mongo      <good>   polled → mongo_events.csv
[2026-06-20T07:08:45+07:00] unstr      <good>   polled → unstructured_events.csv
[2026-06-20T07:08:55+07:00] pg         <good>   polled → pg_events.csv
[2026-06-20T07:08:56+07:00] mongo      <good>   polled → mongo_events.csv
[2026-06-20T07:08:56+07:00] unstr      <good>   polled → unstructured_events.csv
[2026-06-20T07:09:06+07:00] pg         <good>   polled → pg_events.csv
[2026-06-20T07:09:07+07:00] mongo      <good>   polled → mongo_events.csv
[2026-06-20T07:09:07+07:00] unstr      <good>   polled → unstructured_events.csv
[2026-06-20T07:09:17+07:00] pg         <good>   polled → pg_events.csv
[2026-06-20T07:09:18+07:00] mongo      <good>   polled → mongo_events.csv
[2026-06-20T07:09:18+07:00] unstr      <good>   polled → unstructured_events.csv
[2026-06-20T07:09:28+07:00] pg         <good>   polled → pg_events.csv
[2026-06-20T07:09:29+07:00] mongo      <good>   polled → mongo_events.csv
[2026-06-20T07:09:29+07:00] unstr      <good>   polled → unstructured_events.csv
[2026-06-20T07:09:39+07:00] pg         <good>   polled → pg_events.csv
[2026-06-20T07:09:40+07:00] mongo      <good>   polled → mongo_events.csv
[2026-06-20T07:09:40+07:00] unstr      <good>   polled → unstructured_events.csv
[2026-06-20T07:09:50+07:00] pg         <good>   polled → pg_events.csv
[2026-06-20T07:09:50+07:00] mongo      <good>   polled → mongo_events.csv
[2026-06-20T07:09:50+07:00] unstr      <good>   polled → unstructured_events.csv
[2026-06-20T07:10:01+07:00] pg         <good>   polled → pg_events.csv
[2026-06-20T07:10:02+07:00] mongo      <good>   polled → mongo_events.csv
[2026-06-20T07:10:02+07:00] unstr      <good>   polled → unstructured_events.csv
[2026-06-20T07:10:12+07:00] pg         <good>   polled → pg_events.csv
[2026-06-20T07:10:12+07:00] mongo      <good>   polled → mongo_events.csv
[2026-06-20T07:10:12+07:00] unstr      <good>   polled → unstructured_events.csv
[2026-06-20T07:10:23+07:00] pg         <good>   polled → pg_events.csv
[2026-06-20T07:10:23+07:00] mongo      <good>   polled → mongo_events.csv
[2026-06-20T07:10:23+07:00] unstr      <good>   polled → unstructured_events.csv
[2026-06-20T07:10:33+07:00] pg         <good>   polled → pg_events.csv
[2026-06-20T07:10:34+07:00] mongo      <good>   polled → mongo_events.csv
[2026-06-20T07:10:34+07:00] unstr      <good>   polled → unstructured_events.csv
[2026-06-20T07:10:44+07:00] pg         <good>   polled → pg_events.csv
[2026-06-20T07:10:45+07:00] mongo      <good>   polled → mongo_events.csv
[2026-06-20T07:10:45+07:00] unstr      <good>   polled → unstructured_events.csv
[2026-06-20T07:10:55+07:00] pg         <good>   polled → pg_events.csv
[2026-06-20T07:10:56+07:00] mongo      <good>   polled → mongo_events.csv
[2026-06-20T07:10:56+07:00] unstr      <good>   polled → unstructured_events.csv
[2026-06-20T07:11:06+07:00] pg         <good>   polled → pg_events.csv
[2026-06-20T07:11:07+07:00] mongo      <good>   polled → mongo_events.csv
[2026-06-20T07:11:07+07:00] unstr      <good>   polled → unstructured_events.csv
[2026-06-20T07:11:17+07:00] pg         <good>   polled → pg_events.csv
[2026-06-20T07:11:18+07:00] mongo      <good>   polled → mongo_events.csv
[2026-06-20T07:11:18+07:00] unstr      <good>   polled → unstructured_events.csv
[2026-06-20T07:11:28+07:00] pg         <good>   polled → pg_events.csv
[2026-06-20T07:11:29+07:00] mongo      <good>   polled → mongo_events.csv
[2026-06-20T07:11:29+07:00] unstr      <good>   polled → unstructured_events.csv
[2026-06-20T07:11:39+07:00] pg         <good>   polled → pg_events.csv
[2026-06-20T07:11:40+07:00] mongo      <good>   polled → mongo_events.csv
[2026-06-20T07:11:40+07:00] unstr      <good>   polled → unstructured_events.csv
[2026-06-20T07:11:50+07:00] pg         <good>   polled → pg_events.csv
[2026-06-20T07:11:51+07:00] mongo      <good>   polled → mongo_events.csv
[2026-06-20T07:11:51+07:00] unstr      <good>   polled → unstructured_events.csv
[2026-06-20T07:12:01+07:00] pg         <good>   polled → pg_events.csv
[2026-06-20T07:12:02+07:00] mongo      <good>   polled → mongo_events.csv
[2026-06-20T07:12:02+07:00] unstr      <good>   polled → unstructured_events.csv
[2026-06-20T07:12:12+07:00] pg         <good>   polled → pg_events.csv
[2026-06-20T07:12:13+07:00] mongo      <good>   polled → mongo_events.csv
[2026-06-20T07:12:13+07:00] unstr      <good>   polled → unstructured_events.csv
[2026-06-20T07:12:23+07:00] pg         <good>   polled → pg_events.csv
[2026-06-20T07:12:24+07:00] mongo      <good>   polled → mongo_events.csv
[2026-06-20T07:12:24+07:00] unstr      <good>   polled → unstructured_events.csv
[2026-06-20T07:12:34+07:00] pg         <good>   polled → pg_events.csv
[2026-06-20T07:12:35+07:00] mongo      <good>   polled → mongo_events.csv
[2026-06-20T07:12:35+07:00] unstr      <good>   polled → unstructured_events.csv
[2026-06-20T07:12:45+07:00] pg         <good>   polled → pg_events.csv
[2026-06-20T07:12:46+07:00] mongo      <good>   polled → mongo_events.csv
[2026-06-20T07:12:46+07:00] unstr      <good>   polled → unstructured_events.csv
[2026-06-20T07:12:56+07:00] pg         <good>   polled → pg_events.csv
[2026-06-20T07:12:57+07:00] mongo      <good>   polled → mongo_events.csv
[2026-06-20T07:12:57+07:00] unstr      <good>   polled → unstructured_events.csv
[2026-06-20T07:13:07+07:00] pg         <good>   polled → pg_events.csv
[2026-06-20T07:13:08+07:00] mongo      <good>   polled → mongo_events.csv
[2026-06-20T07:13:08+07:00] unstr      <good>   polled → unstructured_events.csv
[2026-06-20T07:13:18+07:00] pg         <good>   polled → pg_events.csv
[2026-06-20T07:13:19+07:00] mongo      <good>   polled → mongo_events.csv
[2026-06-20T07:13:19+07:00] unstr      <good>   polled → unstructured_events.csv
[2026-06-20T07:13:29+07:00] pg         <good>   polled → pg_events.csv
[2026-06-20T07:13:29+07:00] mongo      <good>   polled → mongo_events.csv
[2026-06-20T07:13:29+07:00] unstr      <good>   polled → unstructured_events.csv
[2026-06-20T07:13:39+07:00] pg         <good>   polled → pg_events.csv
[2026-06-20T07:13:40+07:00] mongo      <good>   polled → mongo_events.csv
[2026-06-20T07:13:40+07:00] unstr      <good>   polled → unstructured_events.csv
[2026-06-20T07:13:50+07:00] pg         <good>   polled → pg_events.csv
[2026-06-20T07:13:51+07:00] mongo      <good>   polled → mongo_events.csv
[2026-06-20T07:13:51+07:00] unstr      <good>   polled → unstructured_events.csv
[2026-06-20T07:14:01+07:00] pg         <good>   polled → pg_events.csv
[2026-06-20T07:14:02+07:00] mongo      <good>   polled → mongo_events.csv
[2026-06-20T07:14:02+07:00] unstr      <good>   polled → unstructured_events.csv
[2026-06-20T07:14:12+07:00] pg         <good>   polled → pg_events.csv
[2026-06-20T07:14:13+07:00] mongo      <good>   polled → mongo_events.csv
[2026-06-20T07:14:13+07:00] unstr      <good>   polled → unstructured_events.csv
[2026-06-20T07:14:23+07:00] pg         <good>   polled → pg_events.csv
[2026-06-20T07:14:24+07:00] mongo      <good>   polled → mongo_events.csv
[2026-06-20T07:14:24+07:00] unstr      <good>   polled → unstructured_events.csv
[2026-06-20T07:14:34+07:00] pg         <good>   polled → pg_events.csv
[2026-06-20T07:14:35+07:00] mongo      <good>   polled → mongo_events.csv
[2026-06-20T07:14:35+07:00] unstr      <good>   polled → unstructured_events.csv
[2026-06-20T07:14:45+07:00] pg         <good>   polled → pg_events.csv
[2026-06-20T07:14:46+07:00] mongo      <good>   polled → mongo_events.csv
[2026-06-20T07:14:46+07:00] unstr      <good>   polled → unstructured_events.csv
[2026-06-20T07:14:56+07:00] pg         <good>   polled → pg_events.csv
[2026-06-20T07:14:57+07:00] mongo      <good>   polled → mongo_events.csv
[2026-06-20T07:14:57+07:00] unstr      <good>   polled → unstructured_events.csv
[2026-06-20T07:15:07+07:00] pg         <good>   polled → pg_events.csv
[2026-06-20T07:15:08+07:00] mongo      <good>   polled → mongo_events.csv
[2026-06-20T07:15:08+07:00] unstr      <good>   polled → unstructured_events.csv
[2026-06-20T07:15:18+07:00] pg         <good>   polled → pg_events.csv
[2026-06-20T07:15:19+07:00] mongo      <good>   polled → mongo_events.csv
[2026-06-20T07:15:19+07:00] unstr      <good>   polled → unstructured_events.csv
[2026-06-20T07:15:29+07:00] pg         <good>   polled → pg_events.csv
[2026-06-20T07:15:30+07:00] mongo      <good>   polled → mongo_events.csv
[2026-06-20T07:15:30+07:00] unstr      <good>   polled → unstructured_events.csv
[2026-06-20T07:15:40+07:00] pg         <good>   polled → pg_events.csv
[2026-06-20T07:15:41+07:00] mongo      <good>   polled → mongo_events.csv
[2026-06-20T07:15:41+07:00] unstr      <good>   polled → unstructured_events.csv
[2026-06-20T07:15:51+07:00] pg         <good>   polled → pg_events.csv
[2026-06-20T07:15:52+07:00] mongo      <good>   polled → mongo_events.csv
[2026-06-20T07:15:52+07:00] unstr      <good>   polled → unstructured_events.csv
[2026-06-20T07:16:02+07:00] pg         <good>   polled → pg_events.csv
[2026-06-20T07:16:03+07:00] mongo      <good>   polled → mongo_events.csv
[2026-06-20T07:16:03+07:00] unstr      <good>   polled → unstructured_events.csv
[2026-06-20T07:16:13+07:00] pg         <good>   polled → pg_events.csv
[2026-06-20T07:16:14+07:00] mongo      <good>   polled → mongo_events.csv
[2026-06-20T07:16:14+07:00] unstr      <good>   polled → unstructured_events.csv
[2026-06-20T07:16:24+07:00] pg         <good>   polled → pg_events.csv
[2026-06-20T07:16:24+07:00] mongo      <good>   polled → mongo_events.csv
[2026-06-20T07:16:24+07:00] unstr      <good>   polled → unstructured_events.csv
[2026-06-20T07:16:35+07:00] pg         <good>   polled → pg_events.csv
[2026-06-20T07:16:35+07:00] mongo      <good>   polled → mongo_events.csv
[2026-06-20T07:16:35+07:00] unstr      <good>   polled → unstructured_events.csv
[2026-06-20T07:16:45+07:00] pg         <good>   polled → pg_events.csv
[2026-06-20T07:16:46+07:00] mongo      <good>   polled → mongo_events.csv
[2026-06-20T07:16:46+07:00] unstr      <good>   polled → unstructured_events.csv
[2026-06-20T07:16:56+07:00] pg         <good>   polled → pg_events.csv
[2026-06-20T07:16:57+07:00] mongo      <good>   polled → mongo_events.csv
[2026-06-20T07:16:57+07:00] unstr      <good>   polled → unstructured_events.csv
[2026-06-20T07:17:07+07:00] pg         <good>   polled → pg_events.csv
[2026-06-20T07:17:08+07:00] mongo      <good>   polled → mongo_events.csv
[2026-06-20T07:17:08+07:00] unstr      <good>   polled → unstructured_events.csv
[2026-06-20T07:17:18+07:00] pg         <good>   polled → pg_events.csv
[2026-06-20T07:17:19+07:00] mongo      <good>   polled → mongo_events.csv
[2026-06-20T07:17:19+07:00] unstr      <good>   polled → unstructured_events.csv
[2026-06-20T07:17:29+07:00] pg         <good>   polled → pg_events.csv
[2026-06-20T07:17:30+07:00] mongo      <good>   polled → mongo_events.csv
[2026-06-20T07:17:30+07:00] unstr      <good>   polled → unstructured_events.csv
[2026-06-20T07:17:40+07:00] pg         <good>   polled → pg_events.csv
[2026-06-20T07:17:41+07:00] mongo      <good>   polled → mongo_events.csv
[2026-06-20T07:17:41+07:00] unstr      <good>   polled → unstructured_events.csv
[2026-06-20T07:17:51+07:00] pg         <good>   polled → pg_events.csv
[2026-06-20T07:17:52+07:00] mongo      <good>   polled → mongo_events.csv
[2026-06-20T07:17:52+07:00] unstr      <good>   polled → unstructured_events.csv
[2026-06-20T07:18:02+07:00] pg         <good>   polled → pg_events.csv
[2026-06-20T07:18:03+07:00] mongo      <good>   polled → mongo_events.csv
[2026-06-20T07:18:03+07:00] unstr      <good>   polled → unstructured_events.csv
[2026-06-20T07:18:13+07:00] pg         <good>   polled → pg_events.csv
[2026-06-20T07:18:14+07:00] mongo      <good>   polled → mongo_events.csv
[2026-06-20T07:18:14+07:00] unstr      <good>   polled → unstructured_events.csv
[2026-06-20T07:18:24+07:00] pg         <good>   polled → pg_events.csv
[2026-06-20T07:18:25+07:00] mongo      <good>   polled → mongo_events.csv
[2026-06-20T07:18:25+07:00] unstr      <good>   polled → unstructured_events.csv
[2026-06-20T07:18:35+07:00] pg         <good>   polled → pg_events.csv
[2026-06-20T07:18:35+07:00] mongo      <good>   polled → mongo_events.csv
[2026-06-20T07:18:35+07:00] unstr      <good>   polled → unstructured_events.csv
[2026-06-20T07:18:46+07:00] pg         <good>   polled → pg_events.csv
[2026-06-20T07:18:46+07:00] mongo      <good>   polled → mongo_events.csv
[2026-06-20T07:18:46+07:00] unstr      <good>   polled → unstructured_events.csv
[2026-06-20T07:18:56+07:00] pg         <good>   polled → pg_events.csv
[2026-06-20T07:18:57+07:00] mongo      <good>   polled → mongo_events.csv
[2026-06-20T07:18:57+07:00] unstr      <good>   polled → unstructured_events.csv
[2026-06-20T07:19:08+07:00] pg         <good>   polled → pg_events.csv
[2026-06-20T07:19:08+07:00] mongo      <good>   polled → mongo_events.csv
[2026-06-20T07:19:08+07:00] unstr      <good>   polled → unstructured_events.csv
[2026-06-20T07:19:18+07:00] pg         <good>   polled → pg_events.csv
[2026-06-20T07:19:19+07:00] mongo      <good>   polled → mongo_events.csv
[2026-06-20T07:19:19+07:00] unstr      <good>   polled → unstructured_events.csv
[2026-06-20T07:19:29+07:00] pg         <good>   polled → pg_events.csv
[2026-06-20T07:19:30+07:00] mongo      <good>   polled → mongo_events.csv
[2026-06-20T07:19:30+07:00] unstr      <good>   polled → unstructured_events.csv
[2026-06-20T07:19:40+07:00] pg         <good>   polled → pg_events.csv
[2026-06-20T07:19:41+07:00] mongo      <good>   polled → mongo_events.csv
[2026-06-20T07:19:41+07:00] unstr      <good>   polled → unstructured_events.csv
[2026-06-20T07:19:51+07:00] pg         <good>   polled → pg_events.csv
[2026-06-20T07:19:52+07:00] mongo      <good>   polled → mongo_events.csv
[2026-06-20T07:19:52+07:00] unstr      <good>   polled → unstructured_events.csv
[2026-06-20T07:20:02+07:00] pg         <good>   polled → pg_events.csv
[2026-06-20T07:20:03+07:00] mongo      <good>   polled → mongo_events.csv
[2026-06-20T07:20:03+07:00] unstr      <good>   polled → unstructured_events.csv
[2026-06-20T07:20:13+07:00] pg         <good>   polled → pg_events.csv
[2026-06-20T07:20:14+07:00] mongo      <good>   polled → mongo_events.csv
[2026-06-20T07:20:14+07:00] unstr      <good>   polled → unstructured_events.csv
[2026-06-20T07:20:24+07:00] pg         <good>   polled → pg_events.csv
[2026-06-20T07:20:25+07:00] mongo      <good>   polled → mongo_events.csv
[2026-06-20T07:20:25+07:00] unstr      <good>   polled → unstructured_events.csv
[2026-06-20T07:20:35+07:00] pg         <good>   polled → pg_events.csv
[2026-06-20T07:20:36+07:00] mongo      <good>   polled → mongo_events.csv
[2026-06-20T07:20:36+07:00] unstr      <good>   polled → unstructured_events.csv
[2026-06-20T07:20:46+07:00] pg         <good>   polled → pg_events.csv
[2026-06-20T07:20:47+07:00] mongo      <good>   polled → mongo_events.csv
[2026-06-20T07:20:47+07:00] unstr      <good>   polled → unstructured_events.csv
[2026-06-20T07:20:57+07:00] pg         <good>   polled → pg_events.csv
[2026-06-20T07:20:58+07:00] mongo      <good>   polled → mongo_events.csv
[2026-06-20T07:20:58+07:00] unstr      <good>   polled → unstructured_events.csv
[2026-06-20T07:21:08+07:00] pg         <good>   polled → pg_events.csv
[2026-06-20T07:21:09+07:00] mongo      <good>   polled → mongo_events.csv
[2026-06-20T07:21:09+07:00] unstr      <good>   polled → unstructured_events.csv
[2026-06-20T07:21:19+07:00] pg         <good>   polled → pg_events.csv
[2026-06-20T07:21:20+07:00] mongo      <good>   polled → mongo_events.csv
[2026-06-20T07:21:20+07:00] unstr      <good>   polled → unstructured_events.csv
[2026-06-20T07:21:30+07:00] pg         <good>   polled → pg_events.csv
[2026-06-20T07:21:31+07:00] mongo      <good>   polled → mongo_events.csv
[2026-06-20T07:21:31+07:00] unstr      <good>   polled → unstructured_events.csv
[2026-06-20T07:21:41+07:00] pg         <good>   polled → pg_events.csv
[2026-06-20T07:21:42+07:00] mongo      <good>   polled → mongo_events.csv
[2026-06-20T07:21:42+07:00] unstr      <good>   polled → unstructured_events.csv
[2026-06-20T07:21:52+07:00] pg         <good>   polled → pg_events.csv
[2026-06-20T07:21:53+07:00] mongo      <good>   polled → mongo_events.csv
[2026-06-20T07:21:53+07:00] unstr      <good>   polled → unstructured_events.csv
[2026-06-20T07:22:03+07:00] pg         <good>   polled → pg_events.csv
[2026-06-20T07:22:04+07:00] mongo      <good>   polled → mongo_events.csv
[2026-06-20T07:22:04+07:00] unstr      <good>   polled → unstructured_events.csv
[2026-06-20T07:22:14+07:00] pg         <good>   polled → pg_events.csv
[2026-06-20T07:22:15+07:00] mongo      <good>   polled → mongo_events.csv
[2026-06-20T07:22:15+07:00] unstr      <good>   polled → unstructured_events.csv
[2026-06-20T07:22:25+07:00] pg         <good>   polled → pg_events.csv
[2026-06-20T07:22:26+07:00] mongo      <good>   polled → mongo_events.csv
[2026-06-20T07:22:26+07:00] unstr      <good>   polled → unstructured_events.csv
[2026-06-20T07:22:36+07:00] pg         <good>   polled → pg_events.csv
[2026-06-20T07:22:37+07:00] mongo      <good>   polled → mongo_events.csv
[2026-06-20T07:22:37+07:00] unstr      <good>   polled → unstructured_events.csv
[2026-06-20T07:22:47+07:00] pg         <good>   polled → pg_events.csv
[2026-06-20T07:22:48+07:00] mongo      <good>   polled → mongo_events.csv
[2026-06-20T07:22:48+07:00] unstr      <good>   polled → unstructured_events.csv
[2026-06-20T07:22:58+07:00] pg         <good>   polled → pg_events.csv
[2026-06-20T07:22:58+07:00] mongo      <good>   polled → mongo_events.csv
[2026-06-20T07:22:58+07:00] unstr      <good>   polled → unstructured_events.csv
[2026-06-20T07:23:08+0700] main       <info>   ──────────────────────────────────────────────────────
[2026-06-20T07:23:08+0700] main       <info>   Cycle #17 starting
[2026-06-20T07:23:08+07:00] main       <info>   starting cycle=20260620_072308 at=2026-06-20T07:23:08.570549+07:00
[2026-06-20T07:23:08+07:00] main       <info>   output_root=/home/primary/data/backup-cycles
[2026-06-20T07:23:08+07:00] main       <info>   staging_root=/home/primary/data/backup-staging
[2026-06-20T07:23:08+07:00] main       <info>   state_db=/home/primary/data/backup-metadata/pfc_index.db
[2026-06-20T07:23:08+07:00] main       <info>   retention max_cycles=30 max_bytes=50.00 GiB cycle_cap=10.00 GiB
[2026-06-20T07:23:08+07:00] main       <info>   chain_version=chain-v3 versioned_cycles_root=/home/primary/data/backup-cycles/chain-v3
[2026-06-20T07:23:08+07:00] main       <info>   last_cycle_ts=1781913785 (2026-06-20T07:03:05+07:00)
[2026-06-20T07:23:09+07:00] pg         <good>   polled → pg_events.csv
[2026-06-20T07:23:10+07:00] mongo      <good>   polled → mongo_events.csv
[2026-06-20T07:23:10+07:00] unstr      <good>   polled → unstructured_events.csv
[2026-06-20T07:23:11+07:00] mongo      <good>   oplog compressed raw=1.79 MiB stored=76.08 KiB ratio=0.041 elapsed=0.05s
[2026-06-20T07:23:11+07:00] fixtures   <good>   seeded target=/home/primary/data/unstructured/fixtures copied=0 skipped=25 bytes=0 elapsed=0.00s
[2026-06-20T07:23:14+07:00] main       <info>   staging_size=20.43 MiB checked_in=0.00s
[2026-06-20T07:23:14+07:00] main       <good>   wrote checksums=/home/primary/data/backup-staging/cycle_20260620_072308.tmp/checksums.sha256
[2026-06-20T07:23:14+07:00] main       <good>   finalized dir elapsed=0.00s
[2026-06-20T07:23:14+07:00] verify     <good>   ok elapsed=0.06s
[2026-06-20T07:23:14+07:00] pg         <info>   state pg_last_wal_fname=000000010000000000000049
[2026-06-20T07:23:14+07:00] main       <info>   retention elapsed=0.00s
[2026-06-20T07:23:14+07:00] transfer   <info>   pushing to 1 destination(s) as 'chain-v3/20260620_072308': ['recovery@192.168.10.129:/home/recovery/local-backup/incoming']
[2026-06-20T07:23:16+07:00] transfer   <good>   all 1 destination(s) OK elapsed=1.51s
[2026-06-20T07:23:16+07:00] main       <info>   Deleting local cycle since it was transferred: /home/primary/data/backup-cycles/chain-v3/20260620_072308
[2026-06-20T07:23:16+07:00] main       <info>   cycle_summary: wal_files=4 (0 B), pfc_chunks=94 (stored=17.55 MiB, raw=72.89 MiB), cycle_stored=20.49 MiB chain=chain-v3
[2026-06-20T07:23:16+07:00] main       <good>   completed cycle=20260620_072308 chain=chain-v3 elapsed=7.52s
[2026-06-20T07:23:16+0700] main       <good>   Cycle #17 completed OK
[2026-06-20T07:23:16+0700] main       <info>   Sleeping 20m until next cycle …
[2026-06-20T07:23:20+07:00] pg         <good>   polled → pg_events.csv
[2026-06-20T07:23:20+07:00] mongo      <good>   polled → mongo_events.csv
[2026-06-20T07:23:20+07:00] unstr      <good>   polled → unstructured_events.csv
[2026-06-20T07:23:31+07:00] pg         <good>   polled → pg_events.csv
[2026-06-20T07:23:32+07:00] mongo      <good>   polled → mongo_events.csv
[2026-06-20T07:23:32+07:00] unstr      <good>   polled → unstructured_events.csv
[2026-06-20T07:23:42+07:00] pg         <good>   polled → pg_events.csv
[2026-06-20T07:23:43+07:00] mongo      <good>   polled → mongo_events.csv
[2026-06-20T07:23:43+07:00] unstr      <good>   polled → unstructured_events.csv
[2026-06-20T07:23:53+07:00] pg         <good>   polled → pg_events.csv
[2026-06-20T07:23:54+07:00] mongo      <good>   polled → mongo_events.csv
[2026-06-20T07:23:54+07:00] unstr      <good>   polled → unstructured_events.csv
[2026-06-20T07:24:04+07:00] pg         <good>   polled → pg_events.csv
[2026-06-20T07:24:05+07:00] mongo      <good>   polled → mongo_events.csv
[2026-06-20T07:24:05+07:00] unstr      <good>   polled → unstructured_events.csv
[2026-06-20T07:24:15+07:00] pg         <good>   polled → pg_events.csv
[2026-06-20T07:24:15+07:00] mongo      <good>   polled → mongo_events.csv
[2026-06-20T07:24:15+07:00] unstr      <good>   polled → unstructured_events.csv
[2026-06-20T07:24:26+07:00] pg         <good>   polled → pg_events.csv
[2026-06-20T07:24:26+07:00] mongo      <good>   polled → mongo_events.csv
[2026-06-20T07:24:26+07:00] unstr      <good>   polled → unstructured_events.csv
[2026-06-20T07:24:36+07:00] pg         <good>   polled → pg_events.csv
[2026-06-20T07:24:37+07:00] mongo      <good>   polled → mongo_events.csv
[2026-06-20T07:24:37+07:00] unstr      <good>   polled → unstructured_events.csv
[2026-06-20T07:24:47+07:00] pg         <good>   polled → pg_events.csv
[2026-06-20T07:24:48+07:00] mongo      <good>   polled → mongo_events.csv
[2026-06-20T07:24:48+07:00] unstr      <good>   polled → unstructured_events.csv
[2026-06-20T07:24:58+07:00] pg         <good>   polled → pg_events.csv
[2026-06-20T07:24:59+07:00] mongo      <good>   polled → mongo_events.csv
[2026-06-20T07:24:59+07:00] unstr      <good>   polled → unstructured_events.csv
[2026-06-20T07:25:09+07:00] pg         <good>   polled → pg_events.csv
[2026-06-20T07:25:10+07:00] mongo      <good>   polled → mongo_events.csv
[2026-06-20T07:25:10+07:00] unstr      <good>   polled → unstructured_events.csv
[2026-06-20T07:25:20+07:00] pg         <good>   polled → pg_events.csv
[2026-06-20T07:25:21+07:00] mongo      <good>   polled → mongo_events.csv
[2026-06-20T07:25:21+07:00] unstr      <good>   polled → unstructured_events.csv
[2026-06-20T07:25:31+07:00] pg         <good>   polled → pg_events.csv
[2026-06-20T07:25:32+07:00] mongo      <good>   polled → mongo_events.csv
[2026-06-20T07:25:32+07:00] unstr      <good>   polled → unstructured_events.csv
[2026-06-20T07:25:42+07:00] pg         <good>   polled → pg_events.csv
[2026-06-20T07:25:43+07:00] mongo      <good>   polled → mongo_events.csv
[2026-06-20T07:25:43+07:00] unstr      <good>   polled → unstructured_events.csv
[2026-06-20T07:25:53+07:00] pg         <good>   polled → pg_events.csv
[2026-06-20T07:25:54+07:00] mongo      <good>   polled → mongo_events.csv
[2026-06-20T07:25:54+07:00] unstr      <good>   polled → unstructured_events.csv
[2026-06-20T07:26:04+07:00] pg         <good>   polled → pg_events.csv
[2026-06-20T07:26:05+07:00] mongo      <good>   polled → mongo_events.csv
[2026-06-20T07:26:05+07:00] unstr      <good>   polled → unstructured_events.csv
[2026-06-20T07:26:15+07:00] pg         <good>   polled → pg_events.csv
[2026-06-20T07:26:16+07:00] mongo      <good>   polled → mongo_events.csv
[2026-06-20T07:26:16+07:00] unstr      <good>   polled → unstructured_events.csv
[2026-06-20T07:26:26+07:00] pg         <good>   polled → pg_events.csv
[2026-06-20T07:26:27+07:00] mongo      <good>   polled → mongo_events.csv
[2026-06-20T07:26:27+07:00] unstr      <good>   polled → unstructured_events.csv
[2026-06-20T07:26:37+07:00] pg         <good>   polled → pg_events.csv
[2026-06-20T07:26:38+07:00] mongo      <good>   polled → mongo_events.csv
[2026-06-20T07:26:38+07:00] unstr      <good>   polled → unstructured_events.csv
[2026-06-20T07:26:48+07:00] pg         <good>   polled → pg_events.csv
[2026-06-20T07:26:49+07:00] mongo      <good>   polled → mongo_events.csv
[2026-06-20T07:26:49+07:00] unstr      <good>   polled → unstructured_events.csv
[2026-06-20T07:26:59+07:00] pg         <good>   polled → pg_events.csv
[2026-06-20T07:27:00+07:00] mongo      <good>   polled → mongo_events.csv
[2026-06-20T07:27:00+07:00] unstr      <good>   polled → unstructured_events.csv
[2026-06-20T07:27:10+07:00] pg         <good>   polled → pg_events.csv
[2026-06-20T07:27:11+07:00] mongo      <good>   polled → mongo_events.csv
[2026-06-20T07:27:11+07:00] unstr      <good>   polled → unstructured_events.csv
[2026-06-20T07:27:21+07:00] pg         <good>   polled → pg_events.csv
[2026-06-20T07:27:22+07:00] mongo      <good>   polled → mongo_events.csv
[2026-06-20T07:27:22+07:00] unstr      <good>   polled → unstructured_events.csv
[2026-06-20T07:27:32+07:00] pg         <good>   polled → pg_events.csv
[2026-06-20T07:27:32+07:00] mongo      <good>   polled → mongo_events.csv
[2026-06-20T07:27:32+07:00] unstr      <good>   polled → unstructured_events.csv
[2026-06-20T07:27:43+07:00] pg         <good>   polled → pg_events.csv
[2026-06-20T07:27:43+07:00] mongo      <good>   polled → mongo_events.csv
[2026-06-20T07:27:43+07:00] unstr      <good>   polled → unstructured_events.csv
[2026-06-20T07:27:53+07:00] pg         <good>   polled → pg_events.csv
[2026-06-20T07:27:54+07:00] mongo      <good>   polled → mongo_events.csv
[2026-06-20T07:27:54+07:00] unstr      <good>   polled → unstructured_events.csv
[2026-06-20T07:28:04+07:00] pg         <good>   polled → pg_events.csv
[2026-06-20T07:28:05+07:00] mongo      <good>   polled → mongo_events.csv
[2026-06-20T07:28:05+07:00] unstr      <good>   polled → unstructured_events.csv
[2026-06-20T07:28:15+07:00] pg         <good>   polled → pg_events.csv
[2026-06-20T07:28:16+07:00] mongo      <good>   polled → mongo_events.csv
[2026-06-20T07:28:16+07:00] unstr      <good>   polled → unstructured_events.csv
[2026-06-20T07:28:26+07:00] pg         <good>   polled → pg_events.csv
[2026-06-20T07:28:27+07:00] mongo      <good>   polled → mongo_events.csv
[2026-06-20T07:28:27+07:00] unstr      <good>   polled → unstructured_events.csv
[2026-06-20T07:28:37+07:00] pg         <good>   polled → pg_events.csv
[2026-06-20T07:28:38+07:00] mongo      <good>   polled → mongo_events.csv
[2026-06-20T07:28:38+07:00] unstr      <good>   polled → unstructured_events.csv
[2026-06-20T07:28:48+07:00] pg         <good>   polled → pg_events.csv
[2026-06-20T07:28:49+07:00] mongo      <good>   polled → mongo_events.csv
[2026-06-20T07:28:49+07:00] unstr      <good>   polled → unstructured_events.csv
[2026-06-20T07:28:59+07:00] pg         <good>   polled → pg_events.csv
[2026-06-20T07:29:00+07:00] mongo      <good>   polled → mongo_events.csv
[2026-06-20T07:29:00+07:00] unstr      <good>   polled → unstructured_events.csv
[2026-06-20T07:29:10+07:00] pg         <good>   polled → pg_events.csv
[2026-06-20T07:29:11+07:00] mongo      <good>   polled → mongo_events.csv
[2026-06-20T07:29:11+07:00] unstr      <good>   polled → unstructured_events.csv
[2026-06-20T07:29:21+07:00] pg         <good>   polled → pg_events.csv
[2026-06-20T07:29:22+07:00] mongo      <good>   polled → mongo_events.csv
[2026-06-20T07:29:22+07:00] unstr      <good>   polled → unstructured_events.csv
[2026-06-20T07:29:32+07:00] pg         <good>   polled → pg_events.csv
[2026-06-20T07:29:33+07:00] mongo      <good>   polled → mongo_events.csv
[2026-06-20T07:29:33+07:00] unstr      <good>   polled → unstructured_events.csv
[2026-06-20T07:29:43+07:00] pg         <good>   polled → pg_events.csv
[2026-06-20T07:29:43+07:00] mongo      <good>   polled → mongo_events.csv
[2026-06-20T07:29:43+07:00] unstr      <good>   polled → unstructured_events.csv
[2026-06-20T07:29:54+07:00] pg         <good>   polled → pg_events.csv
[2026-06-20T07:29:54+07:00] mongo      <good>   polled → mongo_events.csv
[2026-06-20T07:29:54+07:00] unstr      <good>   polled → unstructured_events.csv
[2026-06-20T07:30:05+07:00] pg         <good>   polled → pg_events.csv
[2026-06-20T07:30:05+07:00] mongo      <good>   polled → mongo_events.csv
[2026-06-20T07:30:05+07:00] unstr      <good>   polled → unstructured_events.csv
[2026-06-20T07:30:15+07:00] pg         <good>   polled → pg_events.csv
[2026-06-20T07:30:16+07:00] mongo      <good>   polled → mongo_events.csv
[2026-06-20T07:30:16+07:00] unstr      <good>   polled → unstructured_events.csv
[2026-06-20T07:30:26+07:00] pg         <good>   polled → pg_events.csv
[2026-06-20T07:30:27+07:00] mongo      <good>   polled → mongo_events.csv
[2026-06-20T07:30:27+07:00] unstr      <good>   polled → unstructured_events.csv
[2026-06-20T07:30:37+07:00] pg         <good>   polled → pg_events.csv
[2026-06-20T07:30:38+07:00] mongo      <good>   polled → mongo_events.csv
[2026-06-20T07:30:38+07:00] unstr      <good>   polled → unstructured_events.csv
[2026-06-20T07:30:48+07:00] pg         <good>   polled → pg_events.csv
[2026-06-20T07:30:49+07:00] mongo      <good>   polled → mongo_events.csv
[2026-06-20T07:30:49+07:00] unstr      <good>   polled → unstructured_events.csv
[2026-06-20T07:30:59+07:00] pg         <good>   polled → pg_events.csv
[2026-06-20T07:31:00+07:00] mongo      <good>   polled → mongo_events.csv
[2026-06-20T07:31:00+07:00] unstr      <good>   polled → unstructured_events.csv
[2026-06-20T07:31:10+07:00] pg         <good>   polled → pg_events.csv
[2026-06-20T07:31:11+07:00] mongo      <good>   polled → mongo_events.csv
[2026-06-20T07:31:11+07:00] unstr      <good>   polled → unstructured_events.csv
[2026-06-20T07:31:21+07:00] pg         <good>   polled → pg_events.csv
[2026-06-20T07:31:22+07:00] mongo      <good>   polled → mongo_events.csv
[2026-06-20T07:31:22+07:00] unstr      <good>   polled → unstructured_events.csv
[2026-06-20T07:31:32+07:00] pg         <good>   polled → pg_events.csv
[2026-06-20T07:31:33+07:00] mongo      <good>   polled → mongo_events.csv
[2026-06-20T07:31:33+07:00] unstr      <good>   polled → unstructured_events.csv
[2026-06-20T07:31:43+07:00] pg         <good>   polled → pg_events.csv
[2026-06-20T07:31:44+07:00] mongo      <good>   polled → mongo_events.csv
[2026-06-20T07:31:44+07:00] unstr      <good>   polled → unstructured_events.csv
[2026-06-20T07:31:54+07:00] pg         <good>   polled → pg_events.csv
[2026-06-20T07:31:55+07:00] mongo      <good>   polled → mongo_events.csv
[2026-06-20T07:31:55+07:00] unstr      <good>   polled → unstructured_events.csv
[2026-06-20T07:32:05+07:00] pg         <good>   polled → pg_events.csv
[2026-06-20T07:32:06+07:00] mongo      <good>   polled → mongo_events.csv
[2026-06-20T07:32:06+07:00] unstr      <good>   polled → unstructured_events.csv
[2026-06-20T07:32:16+07:00] pg         <good>   polled → pg_events.csv
[2026-06-20T07:32:17+07:00] mongo      <good>   polled → mongo_events.csv
[2026-06-20T07:32:17+07:00] unstr      <good>   polled → unstructured_events.csv
[2026-06-20T07:32:27+07:00] pg         <good>   polled → pg_events.csv
[2026-06-20T07:32:28+07:00] mongo      <good>   polled → mongo_events.csv
[2026-06-20T07:32:28+07:00] unstr      <good>   polled → unstructured_events.csv
[2026-06-20T07:32:38+07:00] pg         <good>   polled → pg_events.csv
[2026-06-20T07:32:38+07:00] mongo      <good>   polled → mongo_events.csv
[2026-06-20T07:32:38+07:00] unstr      <good>   polled → unstructured_events.csv
[2026-06-20T07:32:49+07:00] pg         <good>   polled → pg_events.csv
[2026-06-20T07:32:49+07:00] mongo      <good>   polled → mongo_events.csv
[2026-06-20T07:32:49+07:00] unstr      <good>   polled → unstructured_events.csv
[2026-06-20T07:32:59+07:00] pg         <good>   polled → pg_events.csv
[2026-06-20T07:33:00+07:00] mongo      <good>   polled → mongo_events.csv
[2026-06-20T07:33:00+07:00] unstr      <good>   polled → unstructured_events.csv
[2026-06-20T07:33:10+07:00] pg         <good>   polled → pg_events.csv
[2026-06-20T07:33:11+07:00] mongo      <good>   polled → mongo_events.csv
[2026-06-20T07:33:11+07:00] unstr      <good>   polled → unstructured_events.csv
[2026-06-20T07:33:21+07:00] pg         <good>   polled → pg_events.csv
[2026-06-20T07:33:22+07:00] mongo      <good>   polled → mongo_events.csv
[2026-06-20T07:33:22+07:00] unstr      <good>   polled → unstructured_events.csv
[2026-06-20T07:33:32+07:00] pg         <good>   polled → pg_events.csv
[2026-06-20T07:33:33+07:00] mongo      <good>   polled → mongo_events.csv
[2026-06-20T07:33:33+07:00] unstr      <good>   polled → unstructured_events.csv
[2026-06-20T07:33:43+07:00] pg         <good>   polled → pg_events.csv
[2026-06-20T07:33:44+07:00] mongo      <good>   polled → mongo_events.csv
[2026-06-20T07:33:44+07:00] unstr      <good>   polled → unstructured_events.csv
[2026-06-20T07:33:54+07:00] pg         <good>   polled → pg_events.csv
[2026-06-20T07:33:55+07:00] mongo      <good>   polled → mongo_events.csv
[2026-06-20T07:33:55+07:00] unstr      <good>   polled → unstructured_events.csv
[2026-06-20T07:34:05+07:00] pg         <good>   polled → pg_events.csv
[2026-06-20T07:34:06+07:00] mongo      <good>   polled → mongo_events.csv
[2026-06-20T07:34:06+07:00] unstr      <good>   polled → unstructured_events.csv
[2026-06-20T07:34:16+07:00] pg         <good>   polled → pg_events.csv
[2026-06-20T07:34:17+07:00] mongo      <good>   polled → mongo_events.csv
[2026-06-20T07:34:17+07:00] unstr      <good>   polled → unstructured_events.csv
[2026-06-20T07:34:27+07:00] pg         <good>   polled → pg_events.csv
[2026-06-20T07:34:28+07:00] mongo      <good>   polled → mongo_events.csv
[2026-06-20T07:34:28+07:00] unstr      <good>   polled → unstructured_events.csv
[2026-06-20T07:34:38+07:00] pg         <good>   polled → pg_events.csv
[2026-06-20T07:34:39+07:00] mongo      <good>   polled → mongo_events.csv
[2026-06-20T07:34:39+07:00] unstr      <good>   polled → unstructured_events.csv
[2026-06-20T07:34:49+07:00] pg         <good>   polled → pg_events.csv
[2026-06-20T07:34:50+07:00] mongo      <good>   polled → mongo_events.csv
[2026-06-20T07:34:50+07:00] unstr      <good>   polled → unstructured_events.csv
[2026-06-20T07:35:00+07:00] pg         <good>   polled → pg_events.csv
[2026-06-20T07:35:01+07:00] mongo      <good>   polled → mongo_events.csv
[2026-06-20T07:35:01+07:00] unstr      <good>   polled → unstructured_events.csv
[2026-06-20T07:35:11+07:00] pg         <good>   polled → pg_events.csv
[2026-06-20T07:35:12+07:00] mongo      <good>   polled → mongo_events.csv
[2026-06-20T07:35:12+07:00] unstr      <good>   polled → unstructured_events.csv
[2026-06-20T07:35:22+07:00] pg         <good>   polled → pg_events.csv
[2026-06-20T07:35:23+07:00] mongo      <good>   polled → mongo_events.csv
[2026-06-20T07:35:23+07:00] unstr      <good>   polled → unstructured_events.csv
[2026-06-20T07:35:33+07:00] pg         <good>   polled → pg_events.csv
[2026-06-20T07:35:34+07:00] mongo      <good>   polled → mongo_events.csv
[2026-06-20T07:35:34+07:00] unstr      <good>   polled → unstructured_events.csv
[2026-06-20T07:35:44+07:00] pg         <good>   polled → pg_events.csv
[2026-06-20T07:35:45+07:00] mongo      <good>   polled → mongo_events.csv
[2026-06-20T07:35:45+07:00] unstr      <good>   polled → unstructured_events.csv
[2026-06-20T07:35:55+07:00] pg         <good>   polled → pg_events.csv
[2026-06-20T07:35:56+07:00] mongo      <good>   polled → mongo_events.csv
[2026-06-20T07:35:56+07:00] unstr      <good>   polled → unstructured_events.csv
[2026-06-20T07:36:06+07:00] pg         <good>   polled → pg_events.csv
[2026-06-20T07:36:07+07:00] mongo      <good>   polled → mongo_events.csv
[2026-06-20T07:36:07+07:00] unstr      <good>   polled → unstructured_events.csv
[2026-06-20T07:36:17+07:00] pg         <good>   polled → pg_events.csv
[2026-06-20T07:36:18+07:00] mongo      <good>   polled → mongo_events.csv
[2026-06-20T07:36:18+07:00] unstr      <good>   polled → unstructured_events.csv
[2026-06-20T07:36:28+07:00] pg         <good>   polled → pg_events.csv
[2026-06-20T07:36:28+07:00] mongo      <good>   polled → mongo_events.csv
[2026-06-20T07:36:28+07:00] unstr      <good>   polled → unstructured_events.csv
[2026-06-20T07:36:39+07:00] pg         <good>   polled → pg_events.csv
[2026-06-20T07:36:39+07:00] mongo      <good>   polled → mongo_events.csv
[2026-06-20T07:36:39+07:00] unstr      <good>   polled → unstructured_events.csv
[2026-06-20T07:36:49+07:00] pg         <good>   polled → pg_events.csv
[2026-06-20T07:36:50+07:00] mongo      <good>   polled → mongo_events.csv
[2026-06-20T07:36:50+07:00] unstr      <good>   polled → unstructured_events.csv
[2026-06-20T07:37:00+07:00] pg         <good>   polled → pg_events.csv
[2026-06-20T07:37:01+07:00] mongo      <good>   polled → mongo_events.csv
[2026-06-20T07:37:01+07:00] unstr      <good>   polled → unstructured_events.csv
[2026-06-20T07:37:11+07:00] pg         <good>   polled → pg_events.csv
[2026-06-20T07:37:12+07:00] mongo      <good>   polled → mongo_events.csv
[2026-06-20T07:37:12+07:00] unstr      <good>   polled → unstructured_events.csv
[2026-06-20T07:37:22+07:00] pg         <good>   polled → pg_events.csv
[2026-06-20T07:37:23+07:00] mongo      <good>   polled → mongo_events.csv
[2026-06-20T07:37:23+07:00] unstr      <good>   polled → unstructured_events.csv
[2026-06-20T07:37:33+07:00] pg         <good>   polled → pg_events.csv
[2026-06-20T07:37:34+07:00] mongo      <good>   polled → mongo_events.csv
[2026-06-20T07:37:34+07:00] unstr      <good>   polled → unstructured_events.csv
[2026-06-20T07:37:44+07:00] pg         <good>   polled → pg_events.csv
[2026-06-20T07:37:45+07:00] mongo      <good>   polled → mongo_events.csv
[2026-06-20T07:37:45+07:00] unstr      <good>   polled → unstructured_events.csv
[2026-06-20T07:37:55+07:00] pg         <good>   polled → pg_events.csv
[2026-06-20T07:37:56+07:00] mongo      <good>   polled → mongo_events.csv
[2026-06-20T07:37:56+07:00] unstr      <good>   polled → unstructured_events.csv
[2026-06-20T07:38:06+07:00] pg         <good>   polled → pg_events.csv
[2026-06-20T07:38:07+07:00] mongo      <good>   polled → mongo_events.csv
[2026-06-20T07:38:07+07:00] unstr      <good>   polled → unstructured_events.csv
[2026-06-20T07:38:17+07:00] pg         <good>   polled → pg_events.csv
[2026-06-20T07:38:18+07:00] mongo      <good>   polled → mongo_events.csv
[2026-06-20T07:38:18+07:00] unstr      <good>   polled → unstructured_events.csv
[2026-06-20T07:38:28+07:00] pg         <good>   polled → pg_events.csv
[2026-06-20T07:38:29+07:00] mongo      <good>   polled → mongo_events.csv
[2026-06-20T07:38:29+07:00] unstr      <good>   polled → unstructured_events.csv
[2026-06-20T07:38:39+07:00] pg         <good>   polled → pg_events.csv
[2026-06-20T07:38:40+07:00] mongo      <good>   polled → mongo_events.csv
[2026-06-20T07:38:40+07:00] unstr      <good>   polled → unstructured_events.csv
[2026-06-20T07:38:50+07:00] pg         <good>   polled → pg_events.csv
[2026-06-20T07:38:51+07:00] mongo      <good>   polled → mongo_events.csv
[2026-06-20T07:38:51+07:00] unstr      <good>   polled → unstructured_events.csv
[2026-06-20T07:39:01+07:00] pg         <good>   polled → pg_events.csv
[2026-06-20T07:39:02+07:00] mongo      <good>   polled → mongo_events.csv
[2026-06-20T07:39:02+07:00] unstr      <good>   polled → unstructured_events.csv
[2026-06-20T07:39:12+07:00] pg         <good>   polled → pg_events.csv
[2026-06-20T07:39:13+07:00] mongo      <good>   polled → mongo_events.csv
[2026-06-20T07:39:13+07:00] unstr      <good>   polled → unstructured_events.csv
[2026-06-20T07:39:24+07:00] pg         <good>   polled → pg_events.csv
[2026-06-20T07:39:25+07:00] mongo      <good>   polled → mongo_events.csv
[2026-06-20T07:39:25+07:00] unstr      <good>   polled → unstructured_events.csv
[2026-06-20T07:39:35+07:00] pg         <good>   polled → pg_events.csv
[2026-06-20T07:39:36+07:00] mongo      <good>   polled → mongo_events.csv
[2026-06-20T07:39:36+07:00] unstr      <good>   polled → unstructured_events.csv
[2026-06-20T07:39:46+07:00] pg         <good>   polled → pg_events.csv
[2026-06-20T07:39:47+07:00] mongo      <good>   polled → mongo_events.csv
[2026-06-20T07:39:47+07:00] unstr      <good>   polled → unstructured_events.csv
[2026-06-20T07:39:57+07:00] pg         <good>   polled → pg_events.csv
[2026-06-20T07:39:58+07:00] mongo      <good>   polled → mongo_events.csv
[2026-06-20T07:39:58+07:00] unstr      <good>   polled → unstructured_events.csv
[2026-06-20T07:40:08+07:00] pg         <good>   polled → pg_events.csv
[2026-06-20T07:40:09+07:00] mongo      <good>   polled → mongo_events.csv
[2026-06-20T07:40:09+07:00] unstr      <good>   polled → unstructured_events.csv
[2026-06-20T07:40:19+07:00] pg         <good>   polled → pg_events.csv
[2026-06-20T07:40:20+07:00] mongo      <good>   polled → mongo_events.csv
[2026-06-20T07:40:20+07:00] unstr      <good>   polled → unstructured_events.csv
[2026-06-20T07:40:30+07:00] pg         <good>   polled → pg_events.csv
[2026-06-20T07:40:31+07:00] mongo      <good>   polled → mongo_events.csv
[2026-06-20T07:40:31+07:00] unstr      <good>   polled → unstructured_events.csv
[2026-06-20T07:40:41+07:00] pg         <good>   polled → pg_events.csv
[2026-06-20T07:40:42+07:00] mongo      <good>   polled → mongo_events.csv
[2026-06-20T07:40:42+07:00] unstr      <good>   polled → unstructured_events.csv
[2026-06-20T07:40:53+07:00] pg         <good>   polled → pg_events.csv
[2026-06-20T07:40:53+07:00] mongo      <good>   polled → mongo_events.csv
[2026-06-20T07:40:53+07:00] unstr      <good>   polled → unstructured_events.csv
[2026-06-20T07:41:04+07:00] pg         <good>   polled → pg_events.csv
[2026-06-20T07:41:05+07:00] mongo      <good>   polled → mongo_events.csv
[2026-06-20T07:41:05+07:00] unstr      <good>   polled → unstructured_events.csv
[2026-06-20T07:41:15+07:00] pg         <good>   polled → pg_events.csv
[2026-06-20T07:41:16+07:00] mongo      <good>   polled → mongo_events.csv
[2026-06-20T07:41:16+07:00] unstr      <good>   polled → unstructured_events.csv
[2026-06-20T07:41:26+07:00] pg         <good>   polled → pg_events.csv
[2026-06-20T07:41:27+07:00] mongo      <good>   polled → mongo_events.csv
[2026-06-20T07:41:27+07:00] unstr      <good>   polled → unstructured_events.csv
[2026-06-20T07:41:37+07:00] pg         <good>   polled → pg_events.csv
[2026-06-20T07:41:38+07:00] mongo      <good>   polled → mongo_events.csv
[2026-06-20T07:41:38+07:00] unstr      <good>   polled → unstructured_events.csv
[2026-06-20T07:41:48+07:00] pg         <good>   polled → pg_events.csv
[2026-06-20T07:41:49+07:00] mongo      <good>   polled → mongo_events.csv
[2026-06-20T07:41:49+07:00] unstr      <good>   polled → unstructured_events.csv
[2026-06-20T07:41:59+07:00] pg         <good>   polled → pg_events.csv
[2026-06-20T07:42:00+07:00] mongo      <good>   polled → mongo_events.csv
[2026-06-20T07:42:00+07:00] unstr      <good>   polled → unstructured_events.csv
[2026-06-20T07:42:10+07:00] pg         <good>   polled → pg_events.csv
[2026-06-20T07:42:11+07:00] mongo      <good>   polled → mongo_events.csv
[2026-06-20T07:42:11+07:00] unstr      <good>   polled → unstructured_events.csv
[2026-06-20T07:42:21+07:00] pg         <good>   polled → pg_events.csv
[2026-06-20T07:42:22+07:00] mongo      <good>   polled → mongo_events.csv
[2026-06-20T07:42:22+07:00] unstr      <good>   polled → unstructured_events.csv
[2026-06-20T07:42:32+07:00] pg         <good>   polled → pg_events.csv
[2026-06-20T07:42:33+07:00] mongo      <good>   polled → mongo_events.csv
[2026-06-20T07:42:33+07:00] unstr      <good>   polled → unstructured_events.csv
[2026-06-20T07:42:43+07:00] pg         <good>   polled → pg_events.csv
[2026-06-20T07:42:45+07:00] mongo      <good>   polled → mongo_events.csv
[2026-06-20T07:42:45+07:00] unstr      <good>   polled → unstructured_events.csv
[2026-06-20T07:42:55+07:00] pg         <good>   polled → pg_events.csv
[2026-06-20T07:42:56+07:00] mongo      <good>   polled → mongo_events.csv
[2026-06-20T07:42:56+07:00] unstr      <good>   polled → unstructured_events.csv
[2026-06-20T07:43:06+07:00] pg         <good>   polled → pg_events.csv
[2026-06-20T07:43:07+07:00] mongo      <good>   polled → mongo_events.csv
[2026-06-20T07:43:07+07:00] unstr      <good>   polled → unstructured_events.csv
[2026-06-20T07:43:16+0700] main       <info>   ──────────────────────────────────────────────────────
[2026-06-20T07:43:16+0700] main       <info>   Cycle #18 starting
[2026-06-20T07:43:16+07:00] main       <info>   starting cycle=20260620_074316 at=2026-06-20T07:43:16.235885+07:00
[2026-06-20T07:43:16+07:00] main       <info>   output_root=/home/primary/data/backup-cycles
[2026-06-20T07:43:16+07:00] main       <info>   staging_root=/home/primary/data/backup-staging
[2026-06-20T07:43:16+07:00] main       <info>   state_db=/home/primary/data/backup-metadata/pfc_index.db
[2026-06-20T07:43:16+07:00] main       <info>   retention max_cycles=30 max_bytes=50.00 GiB cycle_cap=10.00 GiB
[2026-06-20T07:43:16+07:00] main       <info>   chain_version=chain-v3 versioned_cycles_root=/home/primary/data/backup-cycles/chain-v3
[2026-06-20T07:43:16+07:00] main       <info>   last_cycle_ts=1781914994 (2026-06-20T07:23:14+07:00)
[2026-06-20T07:43:18+07:00] pg         <good>   polled → pg_events.csv
[2026-06-20T07:43:19+07:00] mongo      <good>   oplog compressed raw=1.96 MiB stored=82.89 KiB ratio=0.041 elapsed=0.06s
[2026-06-20T07:43:19+07:00] fixtures   <good>   seeded target=/home/primary/data/unstructured/fixtures copied=0 skipped=25 bytes=0 elapsed=0.00s
[2026-06-20T07:43:20+07:00] mongo      <good>   polled → mongo_events.csv
[2026-06-20T07:43:20+07:00] unstr      <good>   polled → unstructured_events.csv
[2026-06-20T07:43:23+07:00] main       <info>   staging_size=21.38 MiB checked_in=0.00s
[2026-06-20T07:43:23+07:00] main       <good>   wrote checksums=/home/primary/data/backup-staging/cycle_20260620_074316.tmp/checksums.sha256
[2026-06-20T07:43:23+07:00] main       <good>   finalized dir elapsed=0.00s
[2026-06-20T07:43:23+07:00] verify     <good>   ok elapsed=0.05s
[2026-06-20T07:43:23+07:00] pg         <info>   state pg_last_wal_fname=00000001000000000000004D
[2026-06-20T07:43:23+07:00] main       <info>   retention elapsed=0.00s
[2026-06-20T07:43:23+07:00] transfer   <info>   pushing to 1 destination(s) as 'chain-v3/20260620_074316': ['recovery@192.168.10.129:/home/recovery/local-backup/incoming']
[2026-06-20T07:43:25+07:00] transfer   <good>   all 1 destination(s) OK elapsed=1.82s
[2026-06-20T07:43:25+07:00] main       <info>   Deleting local cycle since it was transferred: /home/primary/data/backup-cycles/chain-v3/20260620_074316
[2026-06-20T07:43:25+07:00] main       <info>   cycle_summary: wal_files=4 (0 B), pfc_chunks=95 (stored=19.25 MiB, raw=76.58 MiB), cycle_stored=21.44 MiB chain=chain-v3
[2026-06-20T07:43:25+07:00] main       <good>   completed cycle=20260620_074316 chain=chain-v3 elapsed=9.47s
[2026-06-20T07:43:25+0700] main       <good>   Cycle #18 completed OK
[2026-06-20T07:43:25+0700] main       <info>   Sleeping 20m until next cycle …
[2026-06-20T07:43:30+07:00] pg         <good>   polled → pg_events.csv
[2026-06-20T07:43:31+07:00] mongo      <good>   polled → mongo_events.csv
[2026-06-20T07:43:31+07:00] unstr      <good>   polled → unstructured_events.csv
[2026-06-20T07:43:41+07:00] pg         <good>   polled → pg_events.csv
[2026-06-20T07:43:42+07:00] mongo      <good>   polled → mongo_events.csv
[2026-06-20T07:43:42+07:00] unstr      <good>   polled → unstructured_events.csv
[2026-06-20T07:43:53+07:00] pg         <good>   polled → pg_events.csv
[2026-06-20T07:43:54+07:00] mongo      <good>   polled → mongo_events.csv
[2026-06-20T07:43:54+07:00] unstr      <good>   polled → unstructured_events.csv
[2026-06-20T07:44:04+07:00] pg         <good>   polled → pg_events.csv
[2026-06-20T07:44:05+07:00] mongo      <good>   polled → mongo_events.csv
[2026-06-20T07:44:05+07:00] unstr      <good>   polled → unstructured_events.csv
[2026-06-20T07:44:15+07:00] pg         <good>   polled → pg_events.csv
[2026-06-20T07:44:16+07:00] mongo      <good>   polled → mongo_events.csv
[2026-06-20T07:44:16+07:00] unstr      <good>   polled → unstructured_events.csv
[2026-06-20T07:44:26+07:00] pg         <good>   polled → pg_events.csv
[2026-06-20T07:44:27+07:00] mongo      <good>   polled → mongo_events.csv
[2026-06-20T07:44:27+07:00] unstr      <good>   polled → unstructured_events.csv
[2026-06-20T07:44:37+07:00] pg         <good>   polled → pg_events.csv
[2026-06-20T07:44:38+07:00] mongo      <good>   polled → mongo_events.csv
[2026-06-20T07:44:38+07:00] unstr      <good>   polled → unstructured_events.csv
[2026-06-20T07:44:48+07:00] pg         <good>   polled → pg_events.csv
[2026-06-20T07:44:49+07:00] mongo      <good>   polled → mongo_events.csv
[2026-06-20T07:44:49+07:00] unstr      <good>   polled → unstructured_events.csv
[2026-06-20T07:45:00+07:00] pg         <good>   polled → pg_events.csv
[2026-06-20T07:45:01+07:00] mongo      <good>   polled → mongo_events.csv
[2026-06-20T07:45:01+07:00] unstr      <good>   polled → unstructured_events.csv
[2026-06-20T07:45:11+07:00] pg         <good>   polled → pg_events.csv
[2026-06-20T07:45:12+07:00] mongo      <good>   polled → mongo_events.csv
[2026-06-20T07:45:12+07:00] unstr      <good>   polled → unstructured_events.csv
[2026-06-20T07:45:22+07:00] pg         <good>   polled → pg_events.csv
[2026-06-20T07:45:23+07:00] mongo      <good>   polled → mongo_events.csv
[2026-06-20T07:45:23+07:00] unstr      <good>   polled → unstructured_events.csv
[2026-06-20T07:45:33+07:00] pg         <good>   polled → pg_events.csv
[2026-06-20T07:45:34+07:00] mongo      <good>   polled → mongo_events.csv
[2026-06-20T07:45:34+07:00] unstr      <good>   polled → unstructured_events.csv
[2026-06-20T07:45:44+07:00] pg         <good>   polled → pg_events.csv
[2026-06-20T07:45:45+07:00] mongo      <good>   polled → mongo_events.csv
[2026-06-20T07:45:45+07:00] unstr      <good>   polled → unstructured_events.csv
[2026-06-20T07:45:55+07:00] pg         <good>   polled → pg_events.csv
[2026-06-20T07:45:56+07:00] mongo      <good>   polled → mongo_events.csv
[2026-06-20T07:45:56+07:00] unstr      <good>   polled → unstructured_events.csv
[2026-06-20T07:46:06+07:00] pg         <good>   polled → pg_events.csv
[2026-06-20T07:46:07+07:00] mongo      <good>   polled → mongo_events.csv
[2026-06-20T07:46:07+07:00] unstr      <good>   polled → unstructured_events.csv
[2026-06-20T07:46:17+07:00] pg         <good>   polled → pg_events.csv
[2026-06-20T07:46:18+07:00] mongo      <good>   polled → mongo_events.csv
[2026-06-20T07:46:18+07:00] unstr      <good>   polled → unstructured_events.csv
[2026-06-20T07:46:28+07:00] pg         <good>   polled → pg_events.csv
[2026-06-20T07:46:29+07:00] mongo      <good>   polled → mongo_events.csv
[2026-06-20T07:46:29+07:00] unstr      <good>   polled → unstructured_events.csv
[2026-06-20T07:46:39+07:00] pg         <good>   polled → pg_events.csv
[2026-06-20T07:46:40+07:00] mongo      <good>   polled → mongo_events.csv
[2026-06-20T07:46:40+07:00] unstr      <good>   polled → unstructured_events.csv
[2026-06-20T07:46:50+07:00] pg         <good>   polled → pg_events.csv
[2026-06-20T07:46:51+07:00] mongo      <good>   polled → mongo_events.csv
[2026-06-20T07:46:51+07:00] unstr      <good>   polled → unstructured_events.csv
[2026-06-20T07:47:01+07:00] pg         <good>   polled → pg_events.csv
[2026-06-20T07:47:02+07:00] mongo      <good>   polled → mongo_events.csv
[2026-06-20T07:47:02+07:00] unstr      <good>   polled → unstructured_events.csv
[2026-06-20T07:47:12+07:00] pg         <good>   polled → pg_events.csv
[2026-06-20T07:47:14+07:00] mongo      <good>   polled → mongo_events.csv
[2026-06-20T07:47:14+07:00] unstr      <good>   polled → unstructured_events.csv
[2026-06-20T07:47:24+07:00] pg         <good>   polled → pg_events.csv
[2026-06-20T07:47:25+07:00] mongo      <good>   polled → mongo_events.csv
[2026-06-20T07:47:25+07:00] unstr      <good>   polled → unstructured_events.csv
[2026-06-20T07:47:35+07:00] pg         <good>   polled → pg_events.csv
[2026-06-20T07:47:36+07:00] mongo      <good>   polled → mongo_events.csv
[2026-06-20T07:47:36+07:00] unstr      <good>   polled → unstructured_events.csv
[2026-06-20T07:47:46+07:00] pg         <good>   polled → pg_events.csv
[2026-06-20T07:47:47+07:00] mongo      <good>   polled → mongo_events.csv
[2026-06-20T07:47:47+07:00] unstr      <good>   polled → unstructured_events.csv
[2026-06-20T07:47:57+07:00] pg         <good>   polled → pg_events.csv
[2026-06-20T07:47:58+07:00] mongo      <good>   polled → mongo_events.csv
[2026-06-20T07:47:58+07:00] unstr      <good>   polled → unstructured_events.csv
[2026-06-20T07:48:08+07:00] pg         <good>   polled → pg_events.csv
[2026-06-20T07:48:09+07:00] mongo      <good>   polled → mongo_events.csv
[2026-06-20T07:48:09+07:00] unstr      <good>   polled → unstructured_events.csv
[2026-06-20T07:48:19+07:00] pg         <good>   polled → pg_events.csv
[2026-06-20T07:48:20+07:00] mongo      <good>   polled → mongo_events.csv
[2026-06-20T07:48:20+07:00] unstr      <good>   polled → unstructured_events.csv
[2026-06-20T07:48:31+07:00] pg         <good>   polled → pg_events.csv
[2026-06-20T07:48:32+07:00] mongo      <good>   polled → mongo_events.csv
[2026-06-20T07:48:32+07:00] unstr      <good>   polled → unstructured_events.csv
[2026-06-20T07:48:42+07:00] pg         <good>   polled → pg_events.csv
[2026-06-20T07:48:43+07:00] mongo      <good>   polled → mongo_events.csv
[2026-06-20T07:48:43+07:00] unstr      <good>   polled → unstructured_events.csv
[2026-06-20T07:48:53+07:00] pg         <good>   polled → pg_events.csv
[2026-06-20T07:48:54+07:00] mongo      <good>   polled → mongo_events.csv
[2026-06-20T07:48:54+07:00] unstr      <good>   polled → unstructured_events.csv
[2026-06-20T07:49:04+07:00] pg         <good>   polled → pg_events.csv
[2026-06-20T07:49:05+07:00] mongo      <good>   polled → mongo_events.csv
[2026-06-20T07:49:05+07:00] unstr      <good>   polled → unstructured_events.csv
[2026-06-20T07:49:15+07:00] pg         <good>   polled → pg_events.csv
[2026-06-20T07:49:16+07:00] mongo      <good>   polled → mongo_events.csv
[2026-06-20T07:49:16+07:00] unstr      <good>   polled → unstructured_events.csv
[2026-06-20T07:49:26+07:00] pg         <good>   polled → pg_events.csv
[2026-06-20T07:49:27+07:00] mongo      <good>   polled → mongo_events.csv
[2026-06-20T07:49:27+07:00] unstr      <good>   polled → unstructured_events.csv
[2026-06-20T07:49:37+07:00] pg         <good>   polled → pg_events.csv
[2026-06-20T07:49:38+07:00] mongo      <good>   polled → mongo_events.csv
[2026-06-20T07:49:38+07:00] unstr      <good>   polled → unstructured_events.csv
[2026-06-20T07:49:48+07:00] pg         <good>   polled → pg_events.csv
[2026-06-20T07:49:49+07:00] mongo      <good>   polled → mongo_events.csv
[2026-06-20T07:49:49+07:00] unstr      <good>   polled → unstructured_events.csv
[2026-06-20T07:49:59+07:00] pg         <good>   polled → pg_events.csv
[2026-06-20T07:50:00+07:00] mongo      <good>   polled → mongo_events.csv
[2026-06-20T07:50:00+07:00] unstr      <good>   polled → unstructured_events.csv
[2026-06-20T07:50:10+07:00] pg         <good>   polled → pg_events.csv
[2026-06-20T07:50:11+07:00] mongo      <good>   polled → mongo_events.csv
[2026-06-20T07:50:11+07:00] unstr      <good>   polled → unstructured_events.csv
[2026-06-20T07:50:22+07:00] pg         <good>   polled → pg_events.csv
[2026-06-20T07:50:23+07:00] mongo      <good>   polled → mongo_events.csv
[2026-06-20T07:50:23+07:00] unstr      <good>   polled → unstructured_events.csv
[2026-06-20T07:50:33+07:00] pg         <good>   polled → pg_events.csv
[2026-06-20T07:50:34+07:00] mongo      <good>   polled → mongo_events.csv
[2026-06-20T07:50:34+07:00] unstr      <good>   polled → unstructured_events.csv
[2026-06-20T07:50:45+07:00] pg         <good>   polled → pg_events.csv
[2026-06-20T07:50:46+07:00] mongo      <good>   polled → mongo_events.csv
[2026-06-20T07:50:46+07:00] unstr      <good>   polled → unstructured_events.csv
[2026-06-20T07:50:56+07:00] pg         <good>   polled → pg_events.csv
[2026-06-20T07:50:57+07:00] mongo      <good>   polled → mongo_events.csv
[2026-06-20T07:50:57+07:00] unstr      <good>   polled → unstructured_events.csv
[2026-06-20T07:51:07+07:00] pg         <good>   polled → pg_events.csv
[2026-06-20T07:51:08+07:00] mongo      <good>   polled → mongo_events.csv
[2026-06-20T07:51:08+07:00] unstr      <good>   polled → unstructured_events.csv
[2026-06-20T07:51:18+07:00] pg         <good>   polled → pg_events.csv
[2026-06-20T07:51:19+07:00] mongo      <good>   polled → mongo_events.csv
[2026-06-20T07:51:19+07:00] unstr      <good>   polled → unstructured_events.csv
[2026-06-20T07:51:30+07:00] pg         <good>   polled → pg_events.csv
[2026-06-20T07:51:31+07:00] mongo      <good>   polled → mongo_events.csv
[2026-06-20T07:51:31+07:00] unstr      <good>   polled → unstructured_events.csv
[2026-06-20T07:51:41+07:00] pg         <good>   polled → pg_events.csv
[2026-06-20T07:51:42+07:00] mongo      <good>   polled → mongo_events.csv
[2026-06-20T07:51:42+07:00] unstr      <good>   polled → unstructured_events.csv
[2026-06-20T07:51:52+07:00] pg         <good>   polled → pg_events.csv
[2026-06-20T07:51:53+07:00] mongo      <good>   polled → mongo_events.csv
[2026-06-20T07:51:53+07:00] unstr      <good>   polled → unstructured_events.csv
[2026-06-20T07:52:03+07:00] pg         <good>   polled → pg_events.csv
[2026-06-20T07:52:04+07:00] mongo      <good>   polled → mongo_events.csv
[2026-06-20T07:52:04+07:00] unstr      <good>   polled → unstructured_events.csv
[2026-06-20T07:52:14+07:00] pg         <good>   polled → pg_events.csv
[2026-06-20T07:52:15+07:00] mongo      <good>   polled → mongo_events.csv
[2026-06-20T07:52:15+07:00] unstr      <good>   polled → unstructured_events.csv
[2026-06-20T07:52:25+07:00] pg         <good>   polled → pg_events.csv
[2026-06-20T07:52:26+07:00] mongo      <good>   polled → mongo_events.csv
[2026-06-20T07:52:26+07:00] unstr      <good>   polled → unstructured_events.csv
[2026-06-20T07:52:36+07:00] pg         <good>   polled → pg_events.csv
[2026-06-20T07:52:37+07:00] mongo      <good>   polled → mongo_events.csv
[2026-06-20T07:52:37+07:00] unstr      <good>   polled → unstructured_events.csv
[2026-06-20T07:52:47+07:00] pg         <good>   polled → pg_events.csv
[2026-06-20T07:52:48+07:00] mongo      <good>   polled → mongo_events.csv
[2026-06-20T07:52:48+07:00] unstr      <good>   polled → unstructured_events.csv
[2026-06-20T07:52:58+07:00] pg         <good>   polled → pg_events.csv
[2026-06-20T07:52:59+07:00] mongo      <good>   polled → mongo_events.csv
[2026-06-20T07:52:59+07:00] unstr      <good>   polled → unstructured_events.csv
[2026-06-20T07:53:10+07:00] pg         <good>   polled → pg_events.csv
[2026-06-20T07:53:11+07:00] mongo      <good>   polled → mongo_events.csv
[2026-06-20T07:53:11+07:00] unstr      <good>   polled → unstructured_events.csv
[2026-06-20T07:53:21+07:00] pg         <good>   polled → pg_events.csv
[2026-06-20T07:53:22+07:00] mongo      <good>   polled → mongo_events.csv
[2026-06-20T07:53:22+07:00] unstr      <good>   polled → unstructured_events.csv
[2026-06-20T07:53:32+07:00] pg         <good>   polled → pg_events.csv
[2026-06-20T07:53:33+07:00] mongo      <good>   polled → mongo_events.csv
[2026-06-20T07:53:33+07:00] unstr      <good>   polled → unstructured_events.csv
[2026-06-20T07:53:43+07:00] pg         <good>   polled → pg_events.csv
[2026-06-20T07:53:44+07:00] mongo      <good>   polled → mongo_events.csv
[2026-06-20T07:53:44+07:00] unstr      <good>   polled → unstructured_events.csv
[2026-06-20T07:53:54+07:00] pg         <good>   polled → pg_events.csv
[2026-06-20T07:53:55+07:00] mongo      <good>   polled → mongo_events.csv
[2026-06-20T07:53:55+07:00] unstr      <good>   polled → unstructured_events.csv
[2026-06-20T07:54:05+07:00] pg         <good>   polled → pg_events.csv
[2026-06-20T07:54:06+07:00] mongo      <good>   polled → mongo_events.csv
[2026-06-20T07:54:06+07:00] unstr      <good>   polled → unstructured_events.csv
[2026-06-20T07:54:16+07:00] pg         <good>   polled → pg_events.csv
[2026-06-20T07:54:17+07:00] mongo      <good>   polled → mongo_events.csv
[2026-06-20T07:54:17+07:00] unstr      <good>   polled → unstructured_events.csv
[2026-06-20T07:54:27+07:00] pg         <good>   polled → pg_events.csv
[2026-06-20T07:54:28+07:00] mongo      <good>   polled → mongo_events.csv
[2026-06-20T07:54:28+07:00] unstr      <good>   polled → unstructured_events.csv
[2026-06-20T07:54:39+07:00] pg         <good>   polled → pg_events.csv
[2026-06-20T07:54:39+07:00] mongo      <good>   polled → mongo_events.csv
[2026-06-20T07:54:39+07:00] unstr      <good>   polled → unstructured_events.csv
[2026-06-20T07:54:50+07:00] pg         <good>   polled → pg_events.csv
[2026-06-20T07:54:51+07:00] mongo      <good>   polled → mongo_events.csv
[2026-06-20T07:54:51+07:00] unstr      <good>   polled → unstructured_events.csv
[2026-06-20T07:55:01+07:00] pg         <good>   polled → pg_events.csv
[2026-06-20T07:55:02+07:00] mongo      <good>   polled → mongo_events.csv
[2026-06-20T07:55:02+07:00] unstr      <good>   polled → unstructured_events.csv
[2026-06-20T07:55:12+07:00] pg         <good>   polled → pg_events.csv
[2026-06-20T07:55:13+07:00] mongo      <good>   polled → mongo_events.csv
[2026-06-20T07:55:13+07:00] unstr      <good>   polled → unstructured_events.csv
[2026-06-20T07:55:23+07:00] pg         <good>   polled → pg_events.csv
[2026-06-20T07:55:24+07:00] mongo      <good>   polled → mongo_events.csv
[2026-06-20T07:55:24+07:00] unstr      <good>   polled → unstructured_events.csv
[2026-06-20T07:55:34+07:00] pg         <good>   polled → pg_events.csv
[2026-06-20T07:55:35+07:00] mongo      <good>   polled → mongo_events.csv
[2026-06-20T07:55:35+07:00] unstr      <good>   polled → unstructured_events.csv
[2026-06-20T07:55:45+07:00] pg         <good>   polled → pg_events.csv
[2026-06-20T07:55:46+07:00] mongo      <good>   polled → mongo_events.csv
[2026-06-20T07:55:46+07:00] unstr      <good>   polled → unstructured_events.csv
[2026-06-20T07:55:57+07:00] pg         <good>   polled → pg_events.csv
[2026-06-20T07:55:58+07:00] mongo      <good>   polled → mongo_events.csv
[2026-06-20T07:55:58+07:00] unstr      <good>   polled → unstructured_events.csv
[2026-06-20T07:56:08+07:00] pg         <good>   polled → pg_events.csv
[2026-06-20T07:56:09+07:00] mongo      <good>   polled → mongo_events.csv
[2026-06-20T07:56:09+07:00] unstr      <good>   polled → unstructured_events.csv
[2026-06-20T07:56:19+07:00] pg         <good>   polled → pg_events.csv
[2026-06-20T07:56:20+07:00] mongo      <good>   polled → mongo_events.csv
[2026-06-20T07:56:20+07:00] unstr      <good>   polled → unstructured_events.csv
[2026-06-20T07:56:30+07:00] pg         <good>   polled → pg_events.csv
[2026-06-20T07:56:31+07:00] mongo      <good>   polled → mongo_events.csv
[2026-06-20T07:56:31+07:00] unstr      <good>   polled → unstructured_events.csv
[2026-06-20T07:56:41+07:00] pg         <good>   polled → pg_events.csv
[2026-06-20T07:56:42+07:00] mongo      <good>   polled → mongo_events.csv
[2026-06-20T07:56:42+07:00] unstr      <good>   polled → unstructured_events.csv
[2026-06-20T07:56:52+07:00] pg         <good>   polled → pg_events.csv
[2026-06-20T07:56:53+07:00] mongo      <good>   polled → mongo_events.csv
[2026-06-20T07:56:53+07:00] unstr      <good>   polled → unstructured_events.csv
[2026-06-20T07:57:03+07:00] pg         <good>   polled → pg_events.csv
[2026-06-20T07:57:04+07:00] mongo      <good>   polled → mongo_events.csv
[2026-06-20T07:57:04+07:00] unstr      <good>   polled → unstructured_events.csv
[2026-06-20T07:57:14+07:00] pg         <good>   polled → pg_events.csv
[2026-06-20T07:57:15+07:00] mongo      <good>   polled → mongo_events.csv
[2026-06-20T07:57:15+07:00] unstr      <good>   polled → unstructured_events.csv
[2026-06-20T07:57:25+07:00] pg         <good>   polled → pg_events.csv
[2026-06-20T07:57:26+07:00] mongo      <good>   polled → mongo_events.csv
[2026-06-20T07:57:26+07:00] unstr      <good>   polled → unstructured_events.csv
[2026-06-20T07:57:36+07:00] pg         <good>   polled → pg_events.csv
[2026-06-20T07:57:37+07:00] mongo      <good>   polled → mongo_events.csv
[2026-06-20T07:57:37+07:00] unstr      <good>   polled → unstructured_events.csv
[2026-06-20T07:57:47+07:00] pg         <good>   polled → pg_events.csv
[2026-06-20T07:57:48+07:00] mongo      <good>   polled → mongo_events.csv
[2026-06-20T07:57:48+07:00] unstr      <good>   polled → unstructured_events.csv
[2026-06-20T07:57:58+07:00] pg         <good>   polled → pg_events.csv
[2026-06-20T07:57:59+07:00] mongo      <good>   polled → mongo_events.csv
[2026-06-20T07:57:59+07:00] unstr      <good>   polled → unstructured_events.csv
[2026-06-20T07:58:10+07:00] pg         <good>   polled → pg_events.csv
[2026-06-20T07:58:11+07:00] mongo      <good>   polled → mongo_events.csv
[2026-06-20T07:58:11+07:00] unstr      <good>   polled → unstructured_events.csv
[2026-06-20T07:58:21+07:00] pg         <good>   polled → pg_events.csv
[2026-06-20T07:58:22+07:00] mongo      <good>   polled → mongo_events.csv
[2026-06-20T07:58:22+07:00] unstr      <good>   polled → unstructured_events.csv
[2026-06-20T07:58:32+07:00] pg         <good>   polled → pg_events.csv
[2026-06-20T07:58:33+07:00] mongo      <good>   polled → mongo_events.csv
[2026-06-20T07:58:33+07:00] unstr      <good>   polled → unstructured_events.csv
[2026-06-20T07:58:43+07:00] pg         <good>   polled → pg_events.csv
[2026-06-20T07:58:44+07:00] mongo      <good>   polled → mongo_events.csv
[2026-06-20T07:58:44+07:00] unstr      <good>   polled → unstructured_events.csv
[2026-06-20T07:58:54+07:00] pg         <good>   polled → pg_events.csv
[2026-06-20T07:58:55+07:00] mongo      <good>   polled → mongo_events.csv
[2026-06-20T07:58:55+07:00] unstr      <good>   polled → unstructured_events.csv
[2026-06-20T07:59:05+07:00] pg         <good>   polled → pg_events.csv
[2026-06-20T07:59:06+07:00] mongo      <good>   polled → mongo_events.csv
[2026-06-20T07:59:06+07:00] unstr      <good>   polled → unstructured_events.csv
[2026-06-20T07:59:16+07:00] pg         <good>   polled → pg_events.csv
[2026-06-20T07:59:17+07:00] mongo      <good>   polled → mongo_events.csv
[2026-06-20T07:59:17+07:00] unstr      <good>   polled → unstructured_events.csv
[2026-06-20T07:59:27+07:00] pg         <good>   polled → pg_events.csv
[2026-06-20T07:59:28+07:00] mongo      <good>   polled → mongo_events.csv
[2026-06-20T07:59:28+07:00] unstr      <good>   polled → unstructured_events.csv
[2026-06-20T07:59:38+07:00] pg         <good>   polled → pg_events.csv
[2026-06-20T07:59:39+07:00] mongo      <good>   polled → mongo_events.csv
[2026-06-20T07:59:39+07:00] unstr      <good>   polled → unstructured_events.csv
[2026-06-20T07:59:49+07:00] pg         <good>   polled → pg_events.csv
[2026-06-20T07:59:50+07:00] mongo      <good>   polled → mongo_events.csv
[2026-06-20T07:59:50+07:00] unstr      <good>   polled → unstructured_events.csv
[2026-06-20T08:00:00+07:00] pg         <good>   polled → pg_events.csv
[2026-06-20T08:00:01+07:00] mongo      <good>   polled → mongo_events.csv
[2026-06-20T08:00:01+07:00] unstr      <good>   polled → unstructured_events.csv
[2026-06-20T08:00:11+07:00] pg         <good>   polled → pg_events.csv
[2026-06-20T08:00:12+07:00] mongo      <good>   polled → mongo_events.csv
[2026-06-20T08:00:12+07:00] unstr      <good>   polled → unstructured_events.csv
[2026-06-20T08:00:23+07:00] pg         <good>   polled → pg_events.csv
[2026-06-20T08:00:24+07:00] mongo      <good>   polled → mongo_events.csv
[2026-06-20T08:00:24+07:00] unstr      <good>   polled → unstructured_events.csv
[2026-06-20T08:00:34+07:00] pg         <good>   polled → pg_events.csv
[2026-06-20T08:00:35+07:00] mongo      <good>   polled → mongo_events.csv
[2026-06-20T08:00:35+07:00] unstr      <good>   polled → unstructured_events.csv
[2026-06-20T08:00:45+07:00] pg         <good>   polled → pg_events.csv
[2026-06-20T08:00:46+07:00] mongo      <good>   polled → mongo_events.csv
[2026-06-20T08:00:46+07:00] unstr      <good>   polled → unstructured_events.csv
[2026-06-20T08:00:56+07:00] pg         <good>   polled → pg_events.csv
[2026-06-20T08:00:57+07:00] mongo      <good>   polled → mongo_events.csv
[2026-06-20T08:00:57+07:00] unstr      <good>   polled → unstructured_events.csv
[2026-06-20T08:01:07+07:00] pg         <good>   polled → pg_events.csv
[2026-06-20T08:01:08+07:00] mongo      <good>   polled → mongo_events.csv
[2026-06-20T08:01:08+07:00] unstr      <good>   polled → unstructured_events.csv
[2026-06-20T08:01:18+07:00] pg         <good>   polled → pg_events.csv
[2026-06-20T08:01:19+07:00] mongo      <good>   polled → mongo_events.csv
[2026-06-20T08:01:19+07:00] unstr      <good>   polled → unstructured_events.csv
[2026-06-20T08:01:30+07:00] pg         <good>   polled → pg_events.csv
[2026-06-20T08:01:31+07:00] mongo      <good>   polled → mongo_events.csv
[2026-06-20T08:01:31+07:00] unstr      <good>   polled → unstructured_events.csv
[2026-06-20T08:01:41+07:00] pg         <good>   polled → pg_events.csv
[2026-06-20T08:01:42+07:00] mongo      <good>   polled → mongo_events.csv
[2026-06-20T08:01:42+07:00] unstr      <good>   polled → unstructured_events.csv
[2026-06-20T08:01:52+07:00] pg         <good>   polled → pg_events.csv
[2026-06-20T08:01:53+07:00] mongo      <good>   polled → mongo_events.csv
[2026-06-20T08:01:53+07:00] unstr      <good>   polled → unstructured_events.csv
[2026-06-20T08:02:03+07:00] pg         <good>   polled → pg_events.csv
[2026-06-20T08:02:04+07:00] mongo      <good>   polled → mongo_events.csv
[2026-06-20T08:02:04+07:00] unstr      <good>   polled → unstructured_events.csv
[2026-06-20T08:02:14+07:00] pg         <good>   polled → pg_events.csv
[2026-06-20T08:02:15+07:00] mongo      <good>   polled → mongo_events.csv
[2026-06-20T08:02:15+07:00] unstr      <good>   polled → unstructured_events.csv
[2026-06-20T08:02:25+07:00] pg         <good>   polled → pg_events.csv
[2026-06-20T08:02:26+07:00] mongo      <good>   polled → mongo_events.csv
[2026-06-20T08:02:26+07:00] unstr      <good>   polled → unstructured_events.csv
[2026-06-20T08:02:36+07:00] pg         <good>   polled → pg_events.csv
[2026-06-20T08:02:38+07:00] mongo      <good>   polled → mongo_events.csv
[2026-06-20T08:02:38+07:00] unstr      <good>   polled → unstructured_events.csv
[2026-06-20T08:02:48+07:00] pg         <good>   polled → pg_events.csv
[2026-06-20T08:02:49+07:00] mongo      <good>   polled → mongo_events.csv
[2026-06-20T08:02:49+07:00] unstr      <good>   polled → unstructured_events.csv
[2026-06-20T08:02:59+07:00] pg         <good>   polled → pg_events.csv
[2026-06-20T08:03:00+07:00] mongo      <good>   polled → mongo_events.csv
[2026-06-20T08:03:00+07:00] unstr      <good>   polled → unstructured_events.csv
[2026-06-20T08:03:10+07:00] pg         <good>   polled → pg_events.csv
[2026-06-20T08:03:11+07:00] mongo      <good>   polled → mongo_events.csv
[2026-06-20T08:03:11+07:00] unstr      <good>   polled → unstructured_events.csv
[2026-06-20T08:03:21+07:00] pg         <good>   polled → pg_events.csv
[2026-06-20T08:03:22+07:00] mongo      <good>   polled → mongo_events.csv
[2026-06-20T08:03:22+07:00] unstr      <good>   polled → unstructured_events.csv
[2026-06-20T08:03:25+0700] main       <info>   ──────────────────────────────────────────────────────
[2026-06-20T08:03:25+0700] main       <info>   Cycle #19 starting
[2026-06-20T08:03:25+07:00] main       <info>   starting cycle=20260620_080325 at=2026-06-20T08:03:25.877733+07:00
[2026-06-20T08:03:25+07:00] main       <info>   output_root=/home/primary/data/backup-cycles
[2026-06-20T08:03:25+07:00] main       <info>   staging_root=/home/primary/data/backup-staging
[2026-06-20T08:03:25+07:00] main       <info>   state_db=/home/primary/data/backup-metadata/pfc_index.db
[2026-06-20T08:03:25+07:00] main       <info>   retention max_cycles=30 max_bytes=50.00 GiB cycle_cap=10.00 GiB
[2026-06-20T08:03:25+07:00] main       <info>   chain_version=chain-v3 versioned_cycles_root=/home/primary/data/backup-cycles/chain-v3
[2026-06-20T08:03:25+07:00] main       <info>   last_cycle_ts=1781916203 (2026-06-20T07:43:23+07:00)
[2026-06-20T08:03:28+07:00] mongo      <good>   oplog compressed raw=1.96 MiB stored=83.52 KiB ratio=0.042 elapsed=0.04s
[2026-06-20T08:03:28+07:00] fixtures   <good>   seeded target=/home/primary/data/unstructured/fixtures copied=0 skipped=25 bytes=0 elapsed=0.00s
[2026-06-20T08:03:31+07:00] main       <info>   staging_size=15.50 MiB checked_in=0.00s
[2026-06-20T08:03:31+07:00] main       <good>   wrote checksums=/home/primary/data/backup-staging/cycle_20260620_080325.tmp/checksums.sha256
[2026-06-20T08:03:31+07:00] main       <good>   finalized dir elapsed=0.00s
[2026-06-20T08:03:31+07:00] verify     <good>   ok elapsed=0.04s
[2026-06-20T08:03:31+07:00] pg         <info>   state pg_last_wal_fname=000000010000000000000051
[2026-06-20T08:03:31+07:00] main       <info>   retention elapsed=0.00s
[2026-06-20T08:03:31+07:00] transfer   <info>   pushing to 1 destination(s) as 'chain-v3/20260620_080325': ['recovery@192.168.10.129:/home/recovery/local-backup/incoming']
[2026-06-20T08:03:32+07:00] pg         <good>   polled → pg_events.csv
[2026-06-20T08:03:33+07:00] transfer   <good>   all 1 destination(s) OK elapsed=2.68s
[2026-06-20T08:03:33+07:00] main       <info>   Deleting local cycle since it was transferred: /home/primary/data/backup-cycles/chain-v3/20260620_080325
[2026-06-20T08:03:33+07:00] main       <info>   cycle_summary: wal_files=4 (0 B), pfc_chunks=72 (stored=13.43 MiB, raw=46.59 MiB), cycle_stored=15.55 MiB chain=chain-v3
[2026-06-20T08:03:33+07:00] main       <good>   completed cycle=20260620_080325 chain=chain-v3 elapsed=7.97s
[2026-06-20T08:03:33+0700] main       <good>   Cycle #19 completed OK
[2026-06-20T08:03:33+0700] main       <info>   Sleeping 20m until next cycle …
[2026-06-20T08:03:34+07:00] mongo      <good>   polled → mongo_events.csv
[2026-06-20T08:03:34+07:00] unstr      <good>   polled → unstructured_events.csv
[2026-06-20T08:03:45+07:00] pg         <good>   polled → pg_events.csv
[2026-06-20T08:03:46+07:00] mongo      <good>   polled → mongo_events.csv
[2026-06-20T08:03:46+07:00] unstr      <good>   polled → unstructured_events.csv
[2026-06-20T08:03:56+07:00] pg         <good>   polled → pg_events.csv
[2026-06-20T08:03:57+07:00] mongo      <good>   polled → mongo_events.csv
[2026-06-20T08:03:57+07:00] unstr      <good>   polled → unstructured_events.csv
[2026-06-20T08:04:08+07:00] pg         <good>   polled → pg_events.csv
[2026-06-20T08:04:09+07:00] mongo      <good>   polled → mongo_events.csv
[2026-06-20T08:04:09+07:00] unstr      <good>   polled → unstructured_events.csv
[2026-06-20T08:04:19+07:00] pg         <good>   polled → pg_events.csv
[2026-06-20T08:04:20+07:00] mongo      <good>   polled → mongo_events.csv
[2026-06-20T08:04:20+07:00] unstr      <good>   polled → unstructured_events.csv
[2026-06-20T08:04:30+07:00] pg         <good>   polled → pg_events.csv
[2026-06-20T08:04:31+07:00] mongo      <good>   polled → mongo_events.csv
[2026-06-20T08:04:31+07:00] unstr      <good>   polled → unstructured_events.csv
[2026-06-20T08:04:41+07:00] pg         <good>   polled → pg_events.csv
[2026-06-20T08:04:42+07:00] mongo      <good>   polled → mongo_events.csv
[2026-06-20T08:04:42+07:00] unstr      <good>   polled → unstructured_events.csv
[2026-06-20T08:04:53+07:00] pg         <good>   polled → pg_events.csv
[2026-06-20T08:04:54+07:00] mongo      <good>   polled → mongo_events.csv
[2026-06-20T08:04:54+07:00] unstr      <good>   polled → unstructured_events.csv
[2026-06-20T08:05:04+07:00] pg         <good>   polled → pg_events.csv
[2026-06-20T08:05:05+07:00] mongo      <good>   polled → mongo_events.csv
[2026-06-20T08:05:05+07:00] unstr      <good>   polled → unstructured_events.csv
[2026-06-20T08:05:15+07:00] pg         <good>   polled → pg_events.csv
[2026-06-20T08:05:16+07:00] mongo      <good>   polled → mongo_events.csv
[2026-06-20T08:05:16+07:00] unstr      <good>   polled → unstructured_events.csv
[2026-06-20T08:05:26+07:00] pg         <good>   polled → pg_events.csv
[2026-06-20T08:05:27+07:00] mongo      <good>   polled → mongo_events.csv
[2026-06-20T08:05:27+07:00] unstr      <good>   polled → unstructured_events.csv
[2026-06-20T08:05:38+07:00] pg         <good>   polled → pg_events.csv
[2026-06-20T08:05:39+07:00] mongo      <good>   polled → mongo_events.csv
[2026-06-20T08:05:39+07:00] unstr      <good>   polled → unstructured_events.csv
[2026-06-20T08:05:49+07:00] pg         <good>   polled → pg_events.csv
[2026-06-20T08:05:50+07:00] mongo      <good>   polled → mongo_events.csv
[2026-06-20T08:05:50+07:00] unstr      <good>   polled → unstructured_events.csv
[2026-06-20T08:06:00+07:00] pg         <good>   polled → pg_events.csv
[2026-06-20T08:06:01+07:00] mongo      <good>   polled → mongo_events.csv
[2026-06-20T08:06:01+07:00] unstr      <good>   polled → unstructured_events.csv
[2026-06-20T08:06:11+07:00] pg         <good>   polled → pg_events.csv
[2026-06-20T08:06:13+07:00] mongo      <good>   polled → mongo_events.csv
[2026-06-20T08:06:13+07:00] unstr      <good>   polled → unstructured_events.csv
[2026-06-20T08:06:23+07:00] pg         <good>   polled → pg_events.csv
[2026-06-20T08:06:24+07:00] mongo      <good>   polled → mongo_events.csv
[2026-06-20T08:06:24+07:00] unstr      <good>   polled → unstructured_events.csv
[2026-06-20T08:06:34+07:00] pg         <good>   polled → pg_events.csv
[2026-06-20T08:06:35+07:00] mongo      <good>   polled → mongo_events.csv
[2026-06-20T08:06:35+07:00] unstr      <good>   polled → unstructured_events.csv
[2026-06-20T08:06:45+07:00] pg         <good>   polled → pg_events.csv
[2026-06-20T08:06:47+07:00] mongo      <good>   polled → mongo_events.csv
[2026-06-20T08:06:47+07:00] unstr      <good>   polled → unstructured_events.csv
[2026-06-20T08:06:57+07:00] pg         <good>   polled → pg_events.csv
[2026-06-20T08:06:58+07:00] mongo      <good>   polled → mongo_events.csv
[2026-06-20T08:06:58+07:00] unstr      <good>   polled → unstructured_events.csv
[2026-06-20T08:07:08+07:00] pg         <good>   polled → pg_events.csv
[2026-06-20T08:07:10+07:00] mongo      <good>   polled → mongo_events.csv
[2026-06-20T08:07:10+07:00] unstr      <good>   polled → unstructured_events.csv
[2026-06-20T08:07:20+07:00] pg         <good>   polled → pg_events.csv
[2026-06-20T08:07:21+07:00] mongo      <good>   polled → mongo_events.csv
[2026-06-20T08:07:21+07:00] unstr      <good>   polled → unstructured_events.csv
[2026-06-20T08:07:31+07:00] pg         <good>   polled → pg_events.csv
[2026-06-20T08:07:32+07:00] mongo      <good>   polled → mongo_events.csv
[2026-06-20T08:07:32+07:00] unstr      <good>   polled → unstructured_events.csv
[2026-06-20T08:07:42+07:00] pg         <good>   polled → pg_events.csv
[2026-06-20T08:07:43+07:00] mongo      <good>   polled → mongo_events.csv
[2026-06-20T08:07:43+07:00] unstr      <good>   polled → unstructured_events.csv
[2026-06-20T08:07:53+07:00] pg         <good>   polled → pg_events.csv
[2026-06-20T08:07:54+07:00] mongo      <good>   polled → mongo_events.csv
[2026-06-20T08:07:54+07:00] unstr      <good>   polled → unstructured_events.csv
[2026-06-20T08:08:05+07:00] pg         <good>   polled → pg_events.csv
[2026-06-20T08:08:06+07:00] mongo      <good>   polled → mongo_events.csv
[2026-06-20T08:08:06+07:00] unstr      <good>   polled → unstructured_events.csv
[2026-06-20T08:08:16+07:00] pg         <good>   polled → pg_events.csv
[2026-06-20T08:08:17+07:00] mongo      <good>   polled → mongo_events.csv
[2026-06-20T08:08:17+07:00] unstr      <good>   polled → unstructured_events.csv
[2026-06-20T08:08:27+07:00] pg         <good>   polled → pg_events.csv
[2026-06-20T08:08:28+07:00] mongo      <good>   polled → mongo_events.csv
[2026-06-20T08:08:28+07:00] unstr      <good>   polled → unstructured_events.csv
[2026-06-20T08:08:38+07:00] pg         <good>   polled → pg_events.csv
[2026-06-20T08:08:39+07:00] mongo      <good>   polled → mongo_events.csv
[2026-06-20T08:08:39+07:00] unstr      <good>   polled → unstructured_events.csv
[2026-06-20T08:08:49+07:00] pg         <good>   polled → pg_events.csv
[2026-06-20T08:08:50+07:00] mongo      <good>   polled → mongo_events.csv
[2026-06-20T08:08:50+07:00] unstr      <good>   polled → unstructured_events.csv
[2026-06-20T08:09:01+07:00] pg         <good>   polled → pg_events.csv
[2026-06-20T08:09:02+07:00] mongo      <good>   polled → mongo_events.csv
[2026-06-20T08:09:02+07:00] unstr      <good>   polled → unstructured_events.csv
[2026-06-20T08:09:12+07:00] pg         <good>   polled → pg_events.csv
[2026-06-20T08:09:13+07:00] mongo      <good>   polled → mongo_events.csv
[2026-06-20T08:09:13+07:00] unstr      <good>   polled → unstructured_events.csv
[2026-06-20T08:09:23+07:00] pg         <good>   polled → pg_events.csv
[2026-06-20T08:09:24+07:00] mongo      <good>   polled → mongo_events.csv
[2026-06-20T08:09:24+07:00] unstr      <good>   polled → unstructured_events.csv
[2026-06-20T08:09:34+07:00] pg         <good>   polled → pg_events.csv
[2026-06-20T08:09:35+07:00] mongo      <good>   polled → mongo_events.csv
[2026-06-20T08:09:35+07:00] unstr      <good>   polled → unstructured_events.csv
[2026-06-20T08:09:45+07:00] pg         <good>   polled → pg_events.csv
[2026-06-20T08:09:46+07:00] mongo      <good>   polled → mongo_events.csv
[2026-06-20T08:09:46+07:00] unstr      <good>   polled → unstructured_events.csv
[2026-06-20T08:09:56+07:00] pg         <good>   polled → pg_events.csv
[2026-06-20T08:09:58+07:00] mongo      <good>   polled → mongo_events.csv
[2026-06-20T08:09:58+07:00] unstr      <good>   polled → unstructured_events.csv
[2026-06-20T08:10:08+07:00] pg         <good>   polled → pg_events.csv
[2026-06-20T08:10:09+07:00] mongo      <good>   polled → mongo_events.csv
[2026-06-20T08:10:09+07:00] unstr      <good>   polled → unstructured_events.csv
[2026-06-20T08:10:19+07:00] pg         <good>   polled → pg_events.csv
[2026-06-20T08:10:20+07:00] mongo      <good>   polled → mongo_events.csv
[2026-06-20T08:10:20+07:00] unstr      <good>   polled → unstructured_events.csv
[2026-06-20T08:10:30+07:00] pg         <good>   polled → pg_events.csv
[2026-06-20T08:10:31+07:00] mongo      <good>   polled → mongo_events.csv
[2026-06-20T08:10:31+07:00] unstr      <good>   polled → unstructured_events.csv
[2026-06-20T08:10:41+07:00] pg         <good>   polled → pg_events.csv
[2026-06-20T08:10:42+07:00] mongo      <good>   polled → mongo_events.csv
[2026-06-20T08:10:42+07:00] unstr      <good>   polled → unstructured_events.csv
[2026-06-20T08:10:52+07:00] pg         <good>   polled → pg_events.csv
[2026-06-20T08:10:54+07:00] mongo      <good>   polled → mongo_events.csv
[2026-06-20T08:10:54+07:00] unstr      <good>   polled → unstructured_events.csv
[2026-06-20T08:11:04+07:00] pg         <good>   polled → pg_events.csv
[2026-06-20T08:11:05+07:00] mongo      <good>   polled → mongo_events.csv
[2026-06-20T08:11:05+07:00] unstr      <good>   polled → unstructured_events.csv
[2026-06-20T08:11:15+07:00] pg         <good>   polled → pg_events.csv
[2026-06-20T08:11:16+07:00] mongo      <good>   polled → mongo_events.csv
[2026-06-20T08:11:16+07:00] unstr      <good>   polled → unstructured_events.csv
[2026-06-20T08:11:26+07:00] pg         <good>   polled → pg_events.csv
[2026-06-20T08:11:27+07:00] mongo      <good>   polled → mongo_events.csv
[2026-06-20T08:11:27+07:00] unstr      <good>   polled → unstructured_events.csv
[2026-06-20T08:11:37+07:00] pg         <good>   polled → pg_events.csv
[2026-06-20T08:11:38+07:00] mongo      <good>   polled → mongo_events.csv
[2026-06-20T08:11:38+07:00] unstr      <good>   polled → unstructured_events.csv
[2026-06-20T08:11:48+07:00] pg         <good>   polled → pg_events.csv
[2026-06-20T08:11:49+07:00] mongo      <good>   polled → mongo_events.csv
[2026-06-20T08:11:49+07:00] unstr      <good>   polled → unstructured_events.csv
[2026-06-20T08:11:59+07:00] pg         <good>   polled → pg_events.csv
[2026-06-20T08:12:00+07:00] mongo      <good>   polled → mongo_events.csv
[2026-06-20T08:12:00+07:00] unstr      <good>   polled → unstructured_events.csv
[2026-06-20T08:12:10+07:00] pg         <good>   polled → pg_events.csv
[2026-06-20T08:12:11+07:00] mongo      <good>   polled → mongo_events.csv
[2026-06-20T08:12:11+07:00] unstr      <good>   polled → unstructured_events.csv
[2026-06-20T08:12:22+07:00] pg         <good>   polled → pg_events.csv
[2026-06-20T08:12:23+07:00] mongo      <good>   polled → mongo_events.csv
[2026-06-20T08:12:23+07:00] unstr      <good>   polled → unstructured_events.csv
[2026-06-20T08:12:33+07:00] pg         <good>   polled → pg_events.csv
[2026-06-20T08:12:34+07:00] mongo      <good>   polled → mongo_events.csv
[2026-06-20T08:12:34+07:00] unstr      <good>   polled → unstructured_events.csv
[2026-06-20T08:12:44+07:00] pg         <good>   polled → pg_events.csv
[2026-06-20T08:12:45+07:00] mongo      <good>   polled → mongo_events.csv
[2026-06-20T08:12:45+07:00] unstr      <good>   polled → unstructured_events.csv
[2026-06-20T08:12:55+07:00] pg         <good>   polled → pg_events.csv
[2026-06-20T08:12:56+07:00] mongo      <good>   polled → mongo_events.csv
[2026-06-20T08:12:56+07:00] unstr      <good>   polled → unstructured_events.csv
[2026-06-20T08:13:06+07:00] pg         <good>   polled → pg_events.csv
[2026-06-20T08:13:07+07:00] mongo      <good>   polled → mongo_events.csv
[2026-06-20T08:13:07+07:00] unstr      <good>   polled → unstructured_events.csv
[2026-06-20T08:13:17+07:00] pg         <good>   polled → pg_events.csv
[2026-06-20T08:13:18+07:00] mongo      <good>   polled → mongo_events.csv
[2026-06-20T08:13:18+07:00] unstr      <good>   polled → unstructured_events.csv
[2026-06-20T08:13:28+07:00] pg         <good>   polled → pg_events.csv
[2026-06-20T08:13:29+07:00] mongo      <good>   polled → mongo_events.csv
[2026-06-20T08:13:29+07:00] unstr      <good>   polled → unstructured_events.csv
[2026-06-20T08:13:39+07:00] pg         <good>   polled → pg_events.csv
[2026-06-20T08:13:40+07:00] mongo      <good>   polled → mongo_events.csv
[2026-06-20T08:13:40+07:00] unstr      <good>   polled → unstructured_events.csv
[2026-06-20T08:13:50+07:00] pg         <good>   polled → pg_events.csv
[2026-06-20T08:13:51+07:00] mongo      <good>   polled → mongo_events.csv
[2026-06-20T08:13:51+07:00] unstr      <good>   polled → unstructured_events.csv
[2026-06-20T08:14:01+07:00] pg         <good>   polled → pg_events.csv
[2026-06-20T08:14:02+07:00] mongo      <good>   polled → mongo_events.csv
[2026-06-20T08:14:02+07:00] unstr      <good>   polled → unstructured_events.csv
[2026-06-20T08:14:13+07:00] pg         <good>   polled → pg_events.csv
[2026-06-20T08:14:13+07:00] mongo      <good>   polled → mongo_events.csv
[2026-06-20T08:14:13+07:00] unstr      <good>   polled → unstructured_events.csv
[2026-06-20T08:14:23+07:00] pg         <good>   polled → pg_events.csv
[2026-06-20T08:14:24+07:00] mongo      <good>   polled → mongo_events.csv
[2026-06-20T08:14:24+07:00] unstr      <good>   polled → unstructured_events.csv
[2026-06-20T08:14:34+07:00] pg         <good>   polled → pg_events.csv
[2026-06-20T08:14:35+07:00] mongo      <good>   polled → mongo_events.csv
[2026-06-20T08:14:35+07:00] unstr      <good>   polled → unstructured_events.csv
[2026-06-20T08:14:45+07:00] pg         <good>   polled → pg_events.csv
[2026-06-20T08:14:46+07:00] mongo      <good>   polled → mongo_events.csv
[2026-06-20T08:14:46+07:00] unstr      <good>   polled → unstructured_events.csv
[2026-06-20T08:14:56+07:00] pg         <good>   polled → pg_events.csv
[2026-06-20T08:14:57+07:00] mongo      <good>   polled → mongo_events.csv
[2026-06-20T08:14:57+07:00] unstr      <good>   polled → unstructured_events.csv
[2026-06-20T08:15:07+07:00] pg         <good>   polled → pg_events.csv
[2026-06-20T08:15:08+07:00] mongo      <good>   polled → mongo_events.csv
[2026-06-20T08:15:08+07:00] unstr      <good>   polled → unstructured_events.csv
[2026-06-20T08:15:18+07:00] pg         <good>   polled → pg_events.csv
[2026-06-20T08:15:19+07:00] mongo      <good>   polled → mongo_events.csv
[2026-06-20T08:15:19+07:00] unstr      <good>   polled → unstructured_events.csv
[2026-06-20T08:15:29+07:00] pg         <good>   polled → pg_events.csv
[2026-06-20T08:15:30+07:00] mongo      <good>   polled → mongo_events.csv
[2026-06-20T08:15:30+07:00] unstr      <good>   polled → unstructured_events.csv
[2026-06-20T08:15:40+07:00] pg         <good>   polled → pg_events.csv
[2026-06-20T08:15:41+07:00] mongo      <good>   polled → mongo_events.csv
[2026-06-20T08:15:41+07:00] unstr      <good>   polled → unstructured_events.csv
[2026-06-20T08:15:51+07:00] pg         <good>   polled → pg_events.csv
[2026-06-20T08:15:52+07:00] mongo      <good>   polled → mongo_events.csv
[2026-06-20T08:15:52+07:00] unstr      <good>   polled → unstructured_events.csv
[2026-06-20T08:16:02+07:00] pg         <good>   polled → pg_events.csv
[2026-06-20T08:16:03+07:00] mongo      <good>   polled → mongo_events.csv
[2026-06-20T08:16:03+07:00] unstr      <good>   polled → unstructured_events.csv
[2026-06-20T08:16:13+07:00] pg         <good>   polled → pg_events.csv
[2026-06-20T08:16:14+07:00] mongo      <good>   polled → mongo_events.csv
[2026-06-20T08:16:14+07:00] unstr      <good>   polled → unstructured_events.csv
[2026-06-20T08:16:24+07:00] pg         <good>   polled → pg_events.csv
[2026-06-20T08:16:24+07:00] mongo      <good>   polled → mongo_events.csv
[2026-06-20T08:16:24+07:00] unstr      <good>   polled → unstructured_events.csv
[2026-06-20T08:16:35+07:00] pg         <good>   polled → pg_events.csv
[2026-06-20T08:16:35+07:00] mongo      <good>   polled → mongo_events.csv
[2026-06-20T08:16:35+07:00] unstr      <good>   polled → unstructured_events.csv
[2026-06-20T08:16:46+07:00] pg         <good>   polled → pg_events.csv
[2026-06-20T08:16:46+07:00] mongo      <good>   polled → mongo_events.csv
[2026-06-20T08:16:46+07:00] unstr      <good>   polled → unstructured_events.csv
[2026-06-20T08:16:56+07:00] pg         <good>   polled → pg_events.csv
[2026-06-20T08:16:57+07:00] mongo      <good>   polled → mongo_events.csv
[2026-06-20T08:16:57+07:00] unstr      <good>   polled → unstructured_events.csv
[2026-06-20T08:17:07+07:00] pg         <good>   polled → pg_events.csv
[2026-06-20T08:17:08+07:00] mongo      <good>   polled → mongo_events.csv
[2026-06-20T08:17:08+07:00] unstr      <good>   polled → unstructured_events.csv
[2026-06-20T08:17:18+07:00] pg         <good>   polled → pg_events.csv
[2026-06-20T08:17:19+07:00] mongo      <good>   polled → mongo_events.csv
[2026-06-20T08:17:19+07:00] unstr      <good>   polled → unstructured_events.csv
[2026-06-20T08:17:29+07:00] pg         <good>   polled → pg_events.csv
[2026-06-20T08:17:30+07:00] mongo      <good>   polled → mongo_events.csv
[2026-06-20T08:17:30+07:00] unstr      <good>   polled → unstructured_events.csv
[2026-06-20T08:17:40+07:00] pg         <good>   polled → pg_events.csv
[2026-06-20T08:17:41+07:00] mongo      <good>   polled → mongo_events.csv
[2026-06-20T08:17:41+07:00] unstr      <good>   polled → unstructured_events.csv
[2026-06-20T08:17:51+07:00] pg         <good>   polled → pg_events.csv
[2026-06-20T08:17:52+07:00] mongo      <good>   polled → mongo_events.csv
[2026-06-20T08:17:52+07:00] unstr      <good>   polled → unstructured_events.csv
[2026-06-20T08:18:02+07:00] pg         <good>   polled → pg_events.csv
[2026-06-20T08:18:03+07:00] mongo      <good>   polled → mongo_events.csv
[2026-06-20T08:18:03+07:00] unstr      <good>   polled → unstructured_events.csv
[2026-06-20T08:18:13+07:00] pg         <good>   polled → pg_events.csv
[2026-06-20T08:18:14+07:00] mongo      <good>   polled → mongo_events.csv
[2026-06-20T08:18:14+07:00] unstr      <good>   polled → unstructured_events.csv
[2026-06-20T08:18:24+07:00] pg         <good>   polled → pg_events.csv
[2026-06-20T08:18:25+07:00] mongo      <good>   polled → mongo_events.csv
[2026-06-20T08:18:25+07:00] unstr      <good>   polled → unstructured_events.csv
[2026-06-20T08:18:35+07:00] pg         <good>   polled → pg_events.csv
[2026-06-20T08:18:36+07:00] mongo      <good>   polled → mongo_events.csv
[2026-06-20T08:18:36+07:00] unstr      <good>   polled → unstructured_events.csv
[2026-06-20T08:18:46+07:00] pg         <good>   polled → pg_events.csv
[2026-06-20T08:18:47+07:00] mongo      <good>   polled → mongo_events.csv
[2026-06-20T08:18:47+07:00] unstr      <good>   polled → unstructured_events.csv
[2026-06-20T08:18:57+07:00] pg         <good>   polled → pg_events.csv
[2026-06-20T08:18:58+07:00] mongo      <good>   polled → mongo_events.csv
[2026-06-20T08:18:58+07:00] unstr      <good>   polled → unstructured_events.csv
[2026-06-20T08:19:08+07:00] pg         <good>   polled → pg_events.csv
[2026-06-20T08:19:09+07:00] mongo      <good>   polled → mongo_events.csv
[2026-06-20T08:19:09+07:00] unstr      <good>   polled → unstructured_events.csv
[2026-06-20T08:19:19+07:00] pg         <good>   polled → pg_events.csv
[2026-06-20T08:19:20+07:00] mongo      <good>   polled → mongo_events.csv
[2026-06-20T08:19:20+07:00] unstr      <good>   polled → unstructured_events.csv
[2026-06-20T08:19:30+07:00] pg         <good>   polled → pg_events.csv
[2026-06-20T08:19:31+07:00] mongo      <good>   polled → mongo_events.csv
[2026-06-20T08:19:31+07:00] unstr      <good>   polled → unstructured_events.csv
[2026-06-20T08:19:41+07:00] pg         <good>   polled → pg_events.csv
[2026-06-20T08:19:42+07:00] mongo      <good>   polled → mongo_events.csv
[2026-06-20T08:19:42+07:00] unstr      <good>   polled → unstructured_events.csv
[2026-06-20T08:19:52+07:00] pg         <good>   polled → pg_events.csv
[2026-06-20T08:19:52+07:00] mongo      <good>   polled → mongo_events.csv
[2026-06-20T08:19:52+07:00] unstr      <good>   polled → unstructured_events.csv
[2026-06-20T08:20:02+07:00] pg         <good>   polled → pg_events.csv
[2026-06-20T08:20:03+07:00] mongo      <good>   polled → mongo_events.csv
[2026-06-20T08:20:03+07:00] unstr      <good>   polled → unstructured_events.csv
[2026-06-20T08:20:13+07:00] pg         <good>   polled → pg_events.csv
[2026-06-20T08:20:14+07:00] mongo      <good>   polled → mongo_events.csv
[2026-06-20T08:20:14+07:00] unstr      <good>   polled → unstructured_events.csv
[2026-06-20T08:20:24+07:00] pg         <good>   polled → pg_events.csv
[2026-06-20T08:20:25+07:00] mongo      <good>   polled → mongo_events.csv
[2026-06-20T08:20:25+07:00] unstr      <good>   polled → unstructured_events.csv
[2026-06-20T08:20:35+07:00] pg         <good>   polled → pg_events.csv
[2026-06-20T08:20:36+07:00] mongo      <good>   polled → mongo_events.csv
[2026-06-20T08:20:36+07:00] unstr      <good>   polled → unstructured_events.csv
[2026-06-20T08:20:46+07:00] pg         <good>   polled → pg_events.csv
[2026-06-20T08:20:47+07:00] mongo      <good>   polled → mongo_events.csv
[2026-06-20T08:20:47+07:00] unstr      <good>   polled → unstructured_events.csv
[2026-06-20T08:20:57+07:00] pg         <good>   polled → pg_events.csv
[2026-06-20T08:20:58+07:00] mongo      <good>   polled → mongo_events.csv
[2026-06-20T08:20:58+07:00] unstr      <good>   polled → unstructured_events.csv
[2026-06-20T08:21:08+07:00] pg         <good>   polled → pg_events.csv
[2026-06-20T08:21:09+07:00] mongo      <good>   polled → mongo_events.csv
[2026-06-20T08:21:09+07:00] unstr      <good>   polled → unstructured_events.csv
[2026-06-20T08:21:19+07:00] pg         <good>   polled → pg_events.csv
[2026-06-20T08:21:20+07:00] mongo      <good>   polled → mongo_events.csv
[2026-06-20T08:21:20+07:00] unstr      <good>   polled → unstructured_events.csv
[2026-06-20T08:21:30+07:00] pg         <good>   polled → pg_events.csv
[2026-06-20T08:21:31+07:00] mongo      <good>   polled → mongo_events.csv
[2026-06-20T08:21:31+07:00] unstr      <good>   polled → unstructured_events.csv
[2026-06-20T08:21:41+07:00] pg         <good>   polled → pg_events.csv
[2026-06-20T08:21:42+07:00] mongo      <good>   polled → mongo_events.csv
[2026-06-20T08:21:42+07:00] unstr      <good>   polled → unstructured_events.csv
[2026-06-20T08:21:52+07:00] pg         <good>   polled → pg_events.csv
[2026-06-20T08:21:53+07:00] mongo      <good>   polled → mongo_events.csv
[2026-06-20T08:21:53+07:00] unstr      <good>   polled → unstructured_events.csv
[2026-06-20T08:22:03+07:00] pg         <good>   polled → pg_events.csv
[2026-06-20T08:22:04+07:00] mongo      <good>   polled → mongo_events.csv
[2026-06-20T08:22:04+07:00] unstr      <good>   polled → unstructured_events.csv
[2026-06-20T08:22:14+07:00] pg         <good>   polled → pg_events.csv
[2026-06-20T08:22:15+07:00] mongo      <good>   polled → mongo_events.csv
[2026-06-20T08:22:15+07:00] unstr      <good>   polled → unstructured_events.csv
[2026-06-20T08:22:25+07:00] pg         <good>   polled → pg_events.csv
[2026-06-20T08:22:26+07:00] mongo      <good>   polled → mongo_events.csv
[2026-06-20T08:22:26+07:00] unstr      <good>   polled → unstructured_events.csv
[2026-06-20T08:22:36+07:00] pg         <good>   polled → pg_events.csv
[2026-06-20T08:22:37+07:00] mongo      <good>   polled → mongo_events.csv
[2026-06-20T08:22:37+07:00] unstr      <good>   polled → unstructured_events.csv
[2026-06-20T08:22:47+07:00] pg         <good>   polled → pg_events.csv
[2026-06-20T08:22:48+07:00] mongo      <good>   polled → mongo_events.csv
[2026-06-20T08:22:48+07:00] unstr      <good>   polled → unstructured_events.csv
[2026-06-20T08:22:58+07:00] pg         <good>   polled → pg_events.csv
[2026-06-20T08:22:59+07:00] mongo      <good>   polled → mongo_events.csv
[2026-06-20T08:22:59+07:00] unstr      <good>   polled → unstructured_events.csv
[2026-06-20T08:23:09+07:00] pg         <good>   polled → pg_events.csv
[2026-06-20T08:23:10+07:00] mongo      <good>   polled → mongo_events.csv
[2026-06-20T08:23:10+07:00] unstr      <good>   polled → unstructured_events.csv
[2026-06-20T08:23:20+07:00] pg         <good>   polled → pg_events.csv
[2026-06-20T08:23:21+07:00] mongo      <good>   polled → mongo_events.csv
[2026-06-20T08:23:21+07:00] unstr      <good>   polled → unstructured_events.csv
[2026-06-20T08:23:31+07:00] pg         <good>   polled → pg_events.csv
[2026-06-20T08:23:32+07:00] mongo      <good>   polled → mongo_events.csv
[2026-06-20T08:23:32+07:00] unstr      <good>   polled → unstructured_events.csv
[2026-06-20T08:23:33+0700] main       <info>   ──────────────────────────────────────────────────────
[2026-06-20T08:23:33+0700] main       <info>   Cycle #20 starting
[2026-06-20T08:23:34+07:00] main       <info>   starting cycle=20260620_082334 at=2026-06-20T08:23:34.089766+07:00
[2026-06-20T08:23:34+07:00] main       <info>   output_root=/home/primary/data/backup-cycles
[2026-06-20T08:23:34+07:00] main       <info>   staging_root=/home/primary/data/backup-staging
[2026-06-20T08:23:34+07:00] main       <info>   state_db=/home/primary/data/backup-metadata/pfc_index.db
[2026-06-20T08:23:34+07:00] main       <info>   retention max_cycles=30 max_bytes=50.00 GiB cycle_cap=10.00 GiB
[2026-06-20T08:23:34+07:00] main       <info>   chain_version=chain-v3 versioned_cycles_root=/home/primary/data/backup-cycles/chain-v3
[2026-06-20T08:23:34+07:00] main       <info>   last_cycle_ts=1781917411 (2026-06-20T08:03:31+07:00)
[2026-06-20T08:23:37+07:00] mongo      <good>   oplog compressed raw=1.89 MiB stored=80.72 KiB ratio=0.042 elapsed=0.03s
[2026-06-20T08:23:37+07:00] fixtures   <good>   seeded target=/home/primary/data/unstructured/fixtures copied=0 skipped=25 bytes=0 elapsed=0.00s
[2026-06-20T08:23:39+07:00] main       <info>   staging_size=16.46 MiB checked_in=0.00s
[2026-06-20T08:23:39+07:00] main       <good>   wrote checksums=/home/primary/data/backup-staging/cycle_20260620_082334.tmp/checksums.sha256
[2026-06-20T08:23:39+07:00] main       <good>   finalized dir elapsed=0.00s
[2026-06-20T08:23:39+07:00] verify     <good>   ok elapsed=0.03s
[2026-06-20T08:23:39+07:00] pg         <info>   state pg_last_wal_fname=000000010000000000000055
[2026-06-20T08:23:39+07:00] main       <info>   retention elapsed=0.00s
[2026-06-20T08:23:39+07:00] transfer   <info>   pushing to 1 destination(s) as 'chain-v3/20260620_082334': ['recovery@192.168.10.129:/home/recovery/local-backup/incoming']
[2026-06-20T08:23:41+07:00] transfer   <good>   all 1 destination(s) OK elapsed=1.46s
[2026-06-20T08:23:41+07:00] main       <info>   Deleting local cycle since it was transferred: /home/primary/data/backup-cycles/chain-v3/20260620_082334
[2026-06-20T08:23:41+07:00] main       <info>   cycle_summary: wal_files=4 (0 B), pfc_chunks=73 (stored=14.43 MiB, raw=49.81 MiB), cycle_stored=16.51 MiB chain=chain-v3
[2026-06-20T08:23:41+07:00] main       <good>   completed cycle=20260620_082334 chain=chain-v3 elapsed=7.16s
[2026-06-20T08:23:41+0700] main       <good>   Cycle #20 completed OK
[2026-06-20T08:23:41+0700] main       <info>   Sleeping 20m until next cycle …
[2026-06-20T08:23:42+07:00] pg         <good>   polled → pg_events.csv
[2026-06-20T08:23:43+07:00] mongo      <good>   polled → mongo_events.csv
[2026-06-20T08:23:43+07:00] unstr      <good>   polled → unstructured_events.csv
[2026-06-20T08:23:53+07:00] pg         <good>   polled → pg_events.csv
[2026-06-20T08:23:54+07:00] mongo      <good>   polled → mongo_events.csv
[2026-06-20T08:23:54+07:00] unstr      <good>   polled → unstructured_events.csv
[2026-06-20T08:24:04+07:00] pg         <good>   polled → pg_events.csv
[2026-06-20T08:24:05+07:00] mongo      <good>   polled → mongo_events.csv
[2026-06-20T08:24:05+07:00] unstr      <good>   polled → unstructured_events.csv
[2026-06-20T08:24:15+07:00] pg         <good>   polled → pg_events.csv
[2026-06-20T08:24:16+07:00] mongo      <good>   polled → mongo_events.csv
[2026-06-20T08:24:16+07:00] unstr      <good>   polled → unstructured_events.csv
[2026-06-20T08:24:26+07:00] pg         <good>   polled → pg_events.csv
[2026-06-20T08:24:27+07:00] mongo      <good>   polled → mongo_events.csv
[2026-06-20T08:24:27+07:00] unstr      <good>   polled → unstructured_events.csv
[2026-06-20T08:24:37+07:00] pg         <good>   polled → pg_events.csv
[2026-06-20T08:24:38+07:00] mongo      <good>   polled → mongo_events.csv
[2026-06-20T08:24:38+07:00] unstr      <good>   polled → unstructured_events.csv
[2026-06-20T08:24:48+07:00] pg         <good>   polled → pg_events.csv
[2026-06-20T08:24:49+07:00] mongo      <good>   polled → mongo_events.csv
[2026-06-20T08:24:49+07:00] unstr      <good>   polled → unstructured_events.csv
[2026-06-20T08:24:59+07:00] pg         <good>   polled → pg_events.csv
[2026-06-20T08:25:00+07:00] mongo      <good>   polled → mongo_events.csv
[2026-06-20T08:25:00+07:00] unstr      <good>   polled → unstructured_events.csv
[2026-06-20T08:25:10+07:00] pg         <good>   polled → pg_events.csv
[2026-06-20T08:25:11+07:00] mongo      <good>   polled → mongo_events.csv
[2026-06-20T08:25:11+07:00] unstr      <good>   polled → unstructured_events.csv
[2026-06-20T08:25:21+07:00] pg         <good>   polled → pg_events.csv
[2026-06-20T08:25:22+07:00] mongo      <good>   polled → mongo_events.csv
[2026-06-20T08:25:22+07:00] unstr      <good>   polled → unstructured_events.csv
[2026-06-20T08:25:32+07:00] pg         <good>   polled → pg_events.csv
[2026-06-20T08:25:33+07:00] mongo      <good>   polled → mongo_events.csv
[2026-06-20T08:25:33+07:00] unstr      <good>   polled → unstructured_events.csv
[2026-06-20T08:25:43+07:00] pg         <good>   polled → pg_events.csv
[2026-06-20T08:25:44+07:00] mongo      <good>   polled → mongo_events.csv
[2026-06-20T08:25:44+07:00] unstr      <good>   polled → unstructured_events.csv
[2026-06-20T08:25:54+07:00] pg         <good>   polled → pg_events.csv
[2026-06-20T08:25:55+07:00] mongo      <good>   polled → mongo_events.csv
[2026-06-20T08:25:55+07:00] unstr      <good>   polled → unstructured_events.csv
[2026-06-20T08:26:05+07:00] pg         <good>   polled → pg_events.csv
[2026-06-20T08:26:06+07:00] mongo      <good>   polled → mongo_events.csv
[2026-06-20T08:26:06+07:00] unstr      <good>   polled → unstructured_events.csv
[2026-06-20T08:26:16+07:00] pg         <good>   polled → pg_events.csv
[2026-06-20T08:26:17+07:00] mongo      <good>   polled → mongo_events.csv
[2026-06-20T08:26:17+07:00] unstr      <good>   polled → unstructured_events.csv
[2026-06-20T08:26:27+07:00] pg         <good>   polled → pg_events.csv
[2026-06-20T08:26:28+07:00] mongo      <good>   polled → mongo_events.csv
[2026-06-20T08:26:28+07:00] unstr      <good>   polled → unstructured_events.csv
[2026-06-20T08:26:38+07:00] pg         <good>   polled → pg_events.csv
[2026-06-20T08:26:39+07:00] mongo      <good>   polled → mongo_events.csv
[2026-06-20T08:26:39+07:00] unstr      <good>   polled → unstructured_events.csv
[2026-06-20T08:26:49+07:00] pg         <good>   polled → pg_events.csv
[2026-06-20T08:26:50+07:00] mongo      <good>   polled → mongo_events.csv
[2026-06-20T08:26:50+07:00] unstr      <good>   polled → unstructured_events.csv
[2026-06-20T08:27:00+07:00] pg         <good>   polled → pg_events.csv
[2026-06-20T08:27:01+07:00] mongo      <good>   polled → mongo_events.csv
[2026-06-20T08:27:01+07:00] unstr      <good>   polled → unstructured_events.csv
[2026-06-20T08:27:11+07:00] pg         <good>   polled → pg_events.csv
[2026-06-20T08:27:12+07:00] mongo      <good>   polled → mongo_events.csv
[2026-06-20T08:27:12+07:00] unstr      <good>   polled → unstructured_events.csv
[2026-06-20T08:27:22+07:00] pg         <good>   polled → pg_events.csv
[2026-06-20T08:27:22+07:00] mongo      <good>   polled → mongo_events.csv
[2026-06-20T08:27:22+07:00] unstr      <good>   polled → unstructured_events.csv
[2026-06-20T08:27:33+07:00] pg         <good>   polled → pg_events.csv
[2026-06-20T08:27:33+07:00] mongo      <good>   polled → mongo_events.csv
[2026-06-20T08:27:33+07:00] unstr      <good>   polled → unstructured_events.csv
[2026-06-20T08:27:44+07:00] pg         <good>   polled → pg_events.csv
[2026-06-20T08:27:45+07:00] mongo      <good>   polled → mongo_events.csv
[2026-06-20T08:27:45+07:00] unstr      <good>   polled → unstructured_events.csv
[2026-06-20T08:27:55+07:00] pg         <good>   polled → pg_events.csv
[2026-06-20T08:27:56+07:00] mongo      <good>   polled → mongo_events.csv
[2026-06-20T08:27:56+07:00] unstr      <good>   polled → unstructured_events.csv
[2026-06-20T08:28:06+07:00] pg         <good>   polled → pg_events.csv
[2026-06-20T08:28:07+07:00] mongo      <good>   polled → mongo_events.csv
[2026-06-20T08:28:07+07:00] unstr      <good>   polled → unstructured_events.csv
[2026-06-20T08:28:17+07:00] pg         <good>   polled → pg_events.csv
[2026-06-20T08:28:18+07:00] mongo      <good>   polled → mongo_events.csv
[2026-06-20T08:28:18+07:00] unstr      <good>   polled → unstructured_events.csv
[2026-06-20T08:28:28+07:00] pg         <good>   polled → pg_events.csv
[2026-06-20T08:28:29+07:00] mongo      <good>   polled → mongo_events.csv
[2026-06-20T08:28:29+07:00] unstr      <good>   polled → unstructured_events.csv
[2026-06-20T08:28:39+07:00] pg         <good>   polled → pg_events.csv
[2026-06-20T08:28:40+07:00] mongo      <good>   polled → mongo_events.csv
[2026-06-20T08:28:40+07:00] unstr      <good>   polled → unstructured_events.csv
[2026-06-20T08:28:50+07:00] pg         <good>   polled → pg_events.csv
[2026-06-20T08:28:51+07:00] mongo      <good>   polled → mongo_events.csv
[2026-06-20T08:28:51+07:00] unstr      <good>   polled → unstructured_events.csv
[2026-06-20T08:29:01+07:00] pg         <good>   polled → pg_events.csv
[2026-06-20T08:29:02+07:00] mongo      <good>   polled → mongo_events.csv
[2026-06-20T08:29:02+07:00] unstr      <good>   polled → unstructured_events.csv
[2026-06-20T08:29:12+07:00] pg         <good>   polled → pg_events.csv
[2026-06-20T08:29:13+07:00] mongo      <good>   polled → mongo_events.csv
[2026-06-20T08:29:13+07:00] unstr      <good>   polled → unstructured_events.csv
[2026-06-20T08:29:23+07:00] pg         <good>   polled → pg_events.csv
[2026-06-20T08:29:24+07:00] mongo      <good>   polled → mongo_events.csv
[2026-06-20T08:29:24+07:00] unstr      <good>   polled → unstructured_events.csv
[2026-06-20T08:29:34+07:00] pg         <good>   polled → pg_events.csv
[2026-06-20T08:29:35+07:00] mongo      <good>   polled → mongo_events.csv
[2026-06-20T08:29:35+07:00] unstr      <good>   polled → unstructured_events.csv
[2026-06-20T08:29:45+07:00] pg         <good>   polled → pg_events.csv
[2026-06-20T08:29:45+07:00] mongo      <good>   polled → mongo_events.csv
[2026-06-20T08:29:45+07:00] unstr      <good>   polled → unstructured_events.csv
[2026-06-20T08:29:56+07:00] pg         <good>   polled → pg_events.csv
[2026-06-20T08:29:56+07:00] mongo      <good>   polled → mongo_events.csv
[2026-06-20T08:29:56+07:00] unstr      <good>   polled → unstructured_events.csv
[2026-06-20T08:30:07+07:00] pg         <good>   polled → pg_events.csv
[2026-06-20T08:30:07+07:00] mongo      <good>   polled → mongo_events.csv
[2026-06-20T08:30:07+07:00] unstr      <good>   polled → unstructured_events.csv
[2026-06-20T08:30:17+07:00] pg         <good>   polled → pg_events.csv
[2026-06-20T08:30:18+07:00] mongo      <good>   polled → mongo_events.csv
[2026-06-20T08:30:18+07:00] unstr      <good>   polled → unstructured_events.csv
[2026-06-20T08:30:28+07:00] pg         <good>   polled → pg_events.csv
[2026-06-20T08:30:29+07:00] mongo      <good>   polled → mongo_events.csv
[2026-06-20T08:30:29+07:00] unstr      <good>   polled → unstructured_events.csv
[2026-06-20T08:30:39+07:00] pg         <good>   polled → pg_events.csv
[2026-06-20T08:30:40+07:00] mongo      <good>   polled → mongo_events.csv
[2026-06-20T08:30:40+07:00] unstr      <good>   polled → unstructured_events.csv
[2026-06-20T08:30:50+07:00] pg         <good>   polled → pg_events.csv
[2026-06-20T08:30:51+07:00] mongo      <good>   polled → mongo_events.csv
[2026-06-20T08:30:51+07:00] unstr      <good>   polled → unstructured_events.csv
[2026-06-20T08:31:01+07:00] pg         <good>   polled → pg_events.csv
[2026-06-20T08:31:02+07:00] mongo      <good>   polled → mongo_events.csv
[2026-06-20T08:31:02+07:00] unstr      <good>   polled → unstructured_events.csv
[2026-06-20T08:31:12+07:00] pg         <good>   polled → pg_events.csv
[2026-06-20T08:31:13+07:00] mongo      <good>   polled → mongo_events.csv
[2026-06-20T08:31:13+07:00] unstr      <good>   polled → unstructured_events.csv
[2026-06-20T08:31:23+07:00] pg         <good>   polled → pg_events.csv
[2026-06-20T08:31:24+07:00] mongo      <good>   polled → mongo_events.csv
[2026-06-20T08:31:24+07:00] unstr      <good>   polled → unstructured_events.csv
[2026-06-20T08:31:34+07:00] pg         <good>   polled → pg_events.csv
[2026-06-20T08:31:35+07:00] mongo      <good>   polled → mongo_events.csv
[2026-06-20T08:31:35+07:00] unstr      <good>   polled → unstructured_events.csv
[2026-06-20T08:31:45+07:00] pg         <good>   polled → pg_events.csv
[2026-06-20T08:31:46+07:00] mongo      <good>   polled → mongo_events.csv
[2026-06-20T08:31:46+07:00] unstr      <good>   polled → unstructured_events.csv
[2026-06-20T08:31:56+07:00] pg         <good>   polled → pg_events.csv
[2026-06-20T08:31:57+07:00] mongo      <good>   polled → mongo_events.csv
[2026-06-20T08:31:57+07:00] unstr      <good>   polled → unstructured_events.csv
[2026-06-20T08:32:07+07:00] pg         <good>   polled → pg_events.csv
[2026-06-20T08:32:08+07:00] mongo      <good>   polled → mongo_events.csv
[2026-06-20T08:32:08+07:00] unstr      <good>   polled → unstructured_events.csv
[2026-06-20T08:32:18+07:00] pg         <good>   polled → pg_events.csv
[2026-06-20T08:32:19+07:00] mongo      <good>   polled → mongo_events.csv
[2026-06-20T08:32:19+07:00] unstr      <good>   polled → unstructured_events.csv
[2026-06-20T08:32:29+07:00] pg         <good>   polled → pg_events.csv
[2026-06-20T08:32:30+07:00] mongo      <good>   polled → mongo_events.csv
[2026-06-20T08:32:30+07:00] unstr      <good>   polled → unstructured_events.csv
[2026-06-20T08:32:40+07:00] pg         <good>   polled → pg_events.csv
[2026-06-20T08:32:41+07:00] mongo      <good>   polled → mongo_events.csv
[2026-06-20T08:32:41+07:00] unstr      <good>   polled → unstructured_events.csv
[2026-06-20T08:32:51+07:00] pg         <good>   polled → pg_events.csv
[2026-06-20T08:32:52+07:00] mongo      <good>   polled → mongo_events.csv
[2026-06-20T08:32:52+07:00] unstr      <good>   polled → unstructured_events.csv
[2026-06-20T08:33:02+07:00] pg         <good>   polled → pg_events.csv
[2026-06-20T08:33:03+07:00] mongo      <good>   polled → mongo_events.csv
[2026-06-20T08:33:03+07:00] unstr      <good>   polled → unstructured_events.csv
[2026-06-20T08:33:13+07:00] pg         <good>   polled → pg_events.csv
[2026-06-20T08:33:14+07:00] mongo      <good>   polled → mongo_events.csv
[2026-06-20T08:33:14+07:00] unstr      <good>   polled → unstructured_events.csv
[2026-06-20T08:33:24+07:00] pg         <good>   polled → pg_events.csv
[2026-06-20T08:33:25+07:00] mongo      <good>   polled → mongo_events.csv
[2026-06-20T08:33:25+07:00] unstr      <good>   polled → unstructured_events.csv
[2026-06-20T08:33:35+07:00] pg         <good>   polled → pg_events.csv
[2026-06-20T08:33:36+07:00] mongo      <good>   polled → mongo_events.csv
[2026-06-20T08:33:36+07:00] unstr      <good>   polled → unstructured_events.csv
[2026-06-20T08:33:46+07:00] pg         <good>   polled → pg_events.csv
[2026-06-20T08:33:47+07:00] mongo      <good>   polled → mongo_events.csv
[2026-06-20T08:33:47+07:00] unstr      <good>   polled → unstructured_events.csv
[2026-06-20T08:33:57+07:00] pg         <good>   polled → pg_events.csv
[2026-06-20T08:33:57+07:00] mongo      <good>   polled → mongo_events.csv
[2026-06-20T08:33:57+07:00] unstr      <good>   polled → unstructured_events.csv
[2026-06-20T08:34:08+07:00] pg         <good>   polled → pg_events.csv
[2026-06-20T08:34:08+07:00] mongo      <good>   polled → mongo_events.csv
[2026-06-20T08:34:08+07:00] unstr      <good>   polled → unstructured_events.csv
[2026-06-20T08:34:19+07:00] pg         <good>   polled → pg_events.csv
[2026-06-20T08:34:19+07:00] mongo      <good>   polled → mongo_events.csv
[2026-06-20T08:34:19+07:00] unstr      <good>   polled → unstructured_events.csv
[2026-06-20T08:34:30+07:00] pg         <good>   polled → pg_events.csv
[2026-06-20T08:34:30+07:00] mongo      <good>   polled → mongo_events.csv
[2026-06-20T08:34:30+07:00] unstr      <good>   polled → unstructured_events.csv
[2026-06-20T08:34:40+07:00] pg         <good>   polled → pg_events.csv
[2026-06-20T08:34:41+07:00] mongo      <good>   polled → mongo_events.csv
[2026-06-20T08:34:41+07:00] unstr      <good>   polled → unstructured_events.csv
[2026-06-20T08:34:51+07:00] pg         <good>   polled → pg_events.csv
[2026-06-20T08:34:52+07:00] mongo      <good>   polled → mongo_events.csv
[2026-06-20T08:34:52+07:00] unstr      <good>   polled → unstructured_events.csv
[2026-06-20T08:35:02+07:00] pg         <good>   polled → pg_events.csv
[2026-06-20T08:35:03+07:00] mongo      <good>   polled → mongo_events.csv
[2026-06-20T08:35:03+07:00] unstr      <good>   polled → unstructured_events.csv
[2026-06-20T08:35:13+07:00] pg         <good>   polled → pg_events.csv
[2026-06-20T08:35:14+07:00] mongo      <good>   polled → mongo_events.csv
[2026-06-20T08:35:14+07:00] unstr      <good>   polled → unstructured_events.csv
[2026-06-20T08:35:24+07:00] pg         <good>   polled → pg_events.csv
[2026-06-20T08:35:25+07:00] mongo      <good>   polled → mongo_events.csv
[2026-06-20T08:35:25+07:00] unstr      <good>   polled → unstructured_events.csv
[2026-06-20T08:35:35+07:00] pg         <good>   polled → pg_events.csv
[2026-06-20T08:35:36+07:00] mongo      <good>   polled → mongo_events.csv
[2026-06-20T08:35:36+07:00] unstr      <good>   polled → unstructured_events.csv
[2026-06-20T08:35:46+07:00] pg         <good>   polled → pg_events.csv
[2026-06-20T08:35:47+07:00] mongo      <good>   polled → mongo_events.csv
[2026-06-20T08:35:47+07:00] unstr      <good>   polled → unstructured_events.csv
[2026-06-20T08:35:57+07:00] pg         <good>   polled → pg_events.csv
[2026-06-20T08:35:58+07:00] mongo      <good>   polled → mongo_events.csv
[2026-06-20T08:35:58+07:00] unstr      <good>   polled → unstructured_events.csv
[2026-06-20T08:36:08+07:00] pg         <good>   polled → pg_events.csv
[2026-06-20T08:36:09+07:00] mongo      <good>   polled → mongo_events.csv
[2026-06-20T08:36:09+07:00] unstr      <good>   polled → unstructured_events.csv
[2026-06-20T08:36:19+07:00] pg         <good>   polled → pg_events.csv
[2026-06-20T08:36:20+07:00] mongo      <good>   polled → mongo_events.csv
[2026-06-20T08:36:20+07:00] unstr      <good>   polled → unstructured_events.csv
[2026-06-20T08:36:30+07:00] pg         <good>   polled → pg_events.csv
[2026-06-20T08:36:31+07:00] mongo      <good>   polled → mongo_events.csv
[2026-06-20T08:36:31+07:00] unstr      <good>   polled → unstructured_events.csv
[2026-06-20T08:36:41+07:00] pg         <good>   polled → pg_events.csv
[2026-06-20T08:36:42+07:00] mongo      <good>   polled → mongo_events.csv
[2026-06-20T08:36:42+07:00] unstr      <good>   polled → unstructured_events.csv
[2026-06-20T08:36:52+07:00] pg         <good>   polled → pg_events.csv
[2026-06-20T08:36:53+07:00] mongo      <good>   polled → mongo_events.csv
[2026-06-20T08:36:53+07:00] unstr      <good>   polled → unstructured_events.csv
[2026-06-20T08:37:03+07:00] pg         <good>   polled → pg_events.csv
[2026-06-20T08:37:04+07:00] mongo      <good>   polled → mongo_events.csv
[2026-06-20T08:37:04+07:00] unstr      <good>   polled → unstructured_events.csv
[2026-06-20T08:37:14+07:00] pg         <good>   polled → pg_events.csv
[2026-06-20T08:37:15+07:00] mongo      <good>   polled → mongo_events.csv
[2026-06-20T08:37:15+07:00] unstr      <good>   polled → unstructured_events.csv
[2026-06-20T08:37:25+07:00] pg         <good>   polled → pg_events.csv
[2026-06-20T08:37:26+07:00] mongo      <good>   polled → mongo_events.csv
[2026-06-20T08:37:26+07:00] unstr      <good>   polled → unstructured_events.csv
[2026-06-20T08:37:36+07:00] pg         <good>   polled → pg_events.csv
[2026-06-20T08:37:36+07:00] mongo      <good>   polled → mongo_events.csv
[2026-06-20T08:37:36+07:00] unstr      <good>   polled → unstructured_events.csv
[2026-06-20T08:37:47+07:00] pg         <good>   polled → pg_events.csv
[2026-06-20T08:37:47+07:00] mongo      <good>   polled → mongo_events.csv
[2026-06-20T08:37:47+07:00] unstr      <good>   polled → unstructured_events.csv
[2026-06-20T08:37:58+07:00] pg         <good>   polled → pg_events.csv
[2026-06-20T08:37:58+07:00] mongo      <good>   polled → mongo_events.csv
[2026-06-20T08:37:58+07:00] unstr      <good>   polled → unstructured_events.csv
[2026-06-20T08:38:09+07:00] pg         <good>   polled → pg_events.csv
[2026-06-20T08:38:10+07:00] mongo      <good>   polled → mongo_events.csv
[2026-06-20T08:38:10+07:00] unstr      <good>   polled → unstructured_events.csv
[2026-06-20T08:38:20+07:00] pg         <good>   polled → pg_events.csv
[2026-06-20T08:38:21+07:00] mongo      <good>   polled → mongo_events.csv
[2026-06-20T08:38:21+07:00] unstr      <good>   polled → unstructured_events.csv
[2026-06-20T08:38:31+07:00] pg         <good>   polled → pg_events.csv
[2026-06-20T08:38:32+07:00] mongo      <good>   polled → mongo_events.csv
[2026-06-20T08:38:32+07:00] unstr      <good>   polled → unstructured_events.csv
[2026-06-20T08:38:42+07:00] pg         <good>   polled → pg_events.csv
[2026-06-20T08:38:43+07:00] mongo      <good>   polled → mongo_events.csv
[2026-06-20T08:38:43+07:00] unstr      <good>   polled → unstructured_events.csv
[2026-06-20T08:38:53+07:00] pg         <good>   polled → pg_events.csv
[2026-06-20T08:38:54+07:00] mongo      <good>   polled → mongo_events.csv
[2026-06-20T08:38:54+07:00] unstr      <good>   polled → unstructured_events.csv
[2026-06-20T08:39:04+07:00] pg         <good>   polled → pg_events.csv
[2026-06-20T08:39:05+07:00] mongo      <good>   polled → mongo_events.csv
[2026-06-20T08:39:05+07:00] unstr      <good>   polled → unstructured_events.csv
[2026-06-20T08:39:15+07:00] pg         <good>   polled → pg_events.csv
[2026-06-20T08:39:16+07:00] mongo      <good>   polled → mongo_events.csv
[2026-06-20T08:39:16+07:00] unstr      <good>   polled → unstructured_events.csv
[2026-06-20T08:39:26+07:00] pg         <good>   polled → pg_events.csv
[2026-06-20T08:39:28+07:00] mongo      <good>   polled → mongo_events.csv
[2026-06-20T08:39:28+07:00] unstr      <good>   polled → unstructured_events.csv
[2026-06-20T08:39:38+07:00] pg         <good>   polled → pg_events.csv
[2026-06-20T08:39:39+07:00] mongo      <good>   polled → mongo_events.csv
[2026-06-20T08:39:39+07:00] unstr      <good>   polled → unstructured_events.csv
[2026-06-20T08:39:49+07:00] pg         <good>   polled → pg_events.csv
[2026-06-20T08:39:50+07:00] mongo      <good>   polled → mongo_events.csv
[2026-06-20T08:39:50+07:00] unstr      <good>   polled → unstructured_events.csv
[2026-06-20T08:40:00+07:00] pg         <good>   polled → pg_events.csv
[2026-06-20T08:40:01+07:00] mongo      <good>   polled → mongo_events.csv
[2026-06-20T08:40:01+07:00] unstr      <good>   polled → unstructured_events.csv
[2026-06-20T08:40:11+07:00] pg         <good>   polled → pg_events.csv
[2026-06-20T08:40:12+07:00] mongo      <good>   polled → mongo_events.csv
[2026-06-20T08:40:12+07:00] unstr      <good>   polled → unstructured_events.csv
[2026-06-20T08:40:23+07:00] pg         <good>   polled → pg_events.csv
[2026-06-20T08:40:24+07:00] mongo      <good>   polled → mongo_events.csv
[2026-06-20T08:40:24+07:00] unstr      <good>   polled → unstructured_events.csv
[2026-06-20T08:40:34+07:00] pg         <good>   polled → pg_events.csv
[2026-06-20T08:40:35+07:00] mongo      <good>   polled → mongo_events.csv
[2026-06-20T08:40:35+07:00] unstr      <good>   polled → unstructured_events.csv
[2026-06-20T08:40:45+07:00] pg         <good>   polled → pg_events.csv
[2026-06-20T08:40:46+07:00] mongo      <good>   polled → mongo_events.csv
[2026-06-20T08:40:46+07:00] unstr      <good>   polled → unstructured_events.csv
[2026-06-20T08:40:56+07:00] pg         <good>   polled → pg_events.csv
[2026-06-20T08:40:57+07:00] mongo      <good>   polled → mongo_events.csv
[2026-06-20T08:40:57+07:00] unstr      <good>   polled → unstructured_events.csv
[2026-06-20T08:41:07+07:00] pg         <good>   polled → pg_events.csv
[2026-06-20T08:41:08+07:00] mongo      <good>   polled → mongo_events.csv
[2026-06-20T08:41:08+07:00] unstr      <good>   polled → unstructured_events.csv
[2026-06-20T08:41:18+07:00] pg         <good>   polled → pg_events.csv
[2026-06-20T08:41:19+07:00] mongo      <good>   polled → mongo_events.csv
[2026-06-20T08:41:19+07:00] unstr      <good>   polled → unstructured_events.csv
[2026-06-20T08:41:29+07:00] pg         <good>   polled → pg_events.csv
[2026-06-20T08:41:30+07:00] mongo      <good>   polled → mongo_events.csv
[2026-06-20T08:41:30+07:00] unstr      <good>   polled → unstructured_events.csv
[2026-06-20T08:41:40+07:00] pg         <good>   polled → pg_events.csv
[2026-06-20T08:41:41+07:00] mongo      <good>   polled → mongo_events.csv
[2026-06-20T08:41:41+07:00] unstr      <good>   polled → unstructured_events.csv
[2026-06-20T08:41:51+07:00] pg         <good>   polled → pg_events.csv
[2026-06-20T08:41:52+07:00] mongo      <good>   polled → mongo_events.csv
[2026-06-20T08:41:52+07:00] unstr      <good>   polled → unstructured_events.csv
[2026-06-20T08:42:02+07:00] pg         <good>   polled → pg_events.csv
[2026-06-20T08:42:03+07:00] mongo      <good>   polled → mongo_events.csv
[2026-06-20T08:42:03+07:00] unstr      <good>   polled → unstructured_events.csv
[2026-06-20T08:42:14+07:00] pg         <good>   polled → pg_events.csv
[2026-06-20T08:42:15+07:00] mongo      <good>   polled → mongo_events.csv
[2026-06-20T08:42:15+07:00] unstr      <good>   polled → unstructured_events.csv
[2026-06-20T08:42:25+07:00] pg         <good>   polled → pg_events.csv
[2026-06-20T08:42:26+07:00] mongo      <good>   polled → mongo_events.csv
[2026-06-20T08:42:26+07:00] unstr      <good>   polled → unstructured_events.csv
[2026-06-20T08:42:36+07:00] pg         <good>   polled → pg_events.csv
[2026-06-20T08:42:37+07:00] mongo      <good>   polled → mongo_events.csv
[2026-06-20T08:42:37+07:00] unstr      <good>   polled → unstructured_events.csv
[2026-06-20T08:42:47+07:00] pg         <good>   polled → pg_events.csv
[2026-06-20T08:42:49+07:00] mongo      <good>   polled → mongo_events.csv
[2026-06-20T08:42:49+07:00] unstr      <good>   polled → unstructured_events.csv
[2026-06-20T08:42:59+07:00] pg         <good>   polled → pg_events.csv
[2026-06-20T08:43:00+07:00] mongo      <good>   polled → mongo_events.csv
[2026-06-20T08:43:00+07:00] unstr      <good>   polled → unstructured_events.csv
[2026-06-20T08:43:10+07:00] pg         <good>   polled → pg_events.csv
[2026-06-20T08:43:11+07:00] mongo      <good>   polled → mongo_events.csv
[2026-06-20T08:43:11+07:00] unstr      <good>   polled → unstructured_events.csv
[2026-06-20T08:43:21+07:00] pg         <good>   polled → pg_events.csv
[2026-06-20T08:43:22+07:00] mongo      <good>   polled → mongo_events.csv
[2026-06-20T08:43:22+07:00] unstr      <good>   polled → unstructured_events.csv
[2026-06-20T08:43:32+07:00] pg         <good>   polled → pg_events.csv
[2026-06-20T08:43:33+07:00] mongo      <good>   polled → mongo_events.csv
[2026-06-20T08:43:33+07:00] unstr      <good>   polled → unstructured_events.csv
[2026-06-20T08:43:41+0700] main       <info>   ──────────────────────────────────────────────────────
[2026-06-20T08:43:41+0700] main       <info>   Cycle #21 starting
[2026-06-20T08:43:41+07:00] main       <info>   starting cycle=20260620_084341 at=2026-06-20T08:43:41.395429+07:00
[2026-06-20T08:43:41+07:00] main       <info>   output_root=/home/primary/data/backup-cycles
[2026-06-20T08:43:41+07:00] main       <info>   staging_root=/home/primary/data/backup-staging
[2026-06-20T08:43:41+07:00] main       <info>   state_db=/home/primary/data/backup-metadata/pfc_index.db
[2026-06-20T08:43:41+07:00] main       <info>   retention max_cycles=30 max_bytes=50.00 GiB cycle_cap=10.00 GiB
[2026-06-20T08:43:41+07:00] main       <info>   chain_version=chain-v3 versioned_cycles_root=/home/primary/data/backup-cycles/chain-v3
[2026-06-20T08:43:41+07:00] main       <info>   last_cycle_ts=1781918619 (2026-06-20T08:23:39+07:00)
[2026-06-20T08:43:43+07:00] pg         <good>   polled → pg_events.csv
[2026-06-20T08:43:44+07:00] mongo      <good>   oplog compressed raw=1.87 MiB stored=80.41 KiB ratio=0.042 elapsed=0.04s
[2026-06-20T08:43:44+07:00] fixtures   <good>   seeded target=/home/primary/data/unstructured/fixtures copied=0 skipped=25 bytes=0 elapsed=0.00s
[2026-06-20T08:43:45+07:00] mongo      <good>   polled → mongo_events.csv
[2026-06-20T08:43:45+07:00] unstr      <good>   polled → unstructured_events.csv
[2026-06-20T08:43:46+07:00] main       <info>   staging_size=14.92 MiB checked_in=0.00s
[2026-06-20T08:43:46+07:00] main       <good>   wrote checksums=/home/primary/data/backup-staging/cycle_20260620_084341.tmp/checksums.sha256
[2026-06-20T08:43:46+07:00] main       <good>   finalized dir elapsed=0.00s
[2026-06-20T08:43:46+07:00] verify     <good>   ok elapsed=0.04s
[2026-06-20T08:43:46+07:00] pg         <info>   state pg_last_wal_fname=000000010000000000000059
[2026-06-20T08:43:46+07:00] main       <info>   retention elapsed=0.00s
[2026-06-20T08:43:46+07:00] transfer   <info>   pushing to 1 destination(s) as 'chain-v3/20260620_084341': ['recovery@192.168.10.129:/home/recovery/local-backup/incoming']
[2026-06-20T08:43:48+07:00] transfer   <good>   all 1 destination(s) OK elapsed=1.86s
[2026-06-20T08:43:48+07:00] main       <info>   Deleting local cycle since it was transferred: /home/primary/data/backup-cycles/chain-v3/20260620_084341
[2026-06-20T08:43:48+07:00] main       <info>   cycle_summary: wal_files=4 (0 B), pfc_chunks=60 (stored=12.69 MiB, raw=40.57 MiB), cycle_stored=14.96 MiB chain=chain-v3
[2026-06-20T08:43:48+07:00] main       <good>   completed cycle=20260620_084341 chain=chain-v3 elapsed=7.25s
[2026-06-20T08:43:48+0700] main       <good>   Cycle #21 completed OK
[2026-06-20T08:43:48+0700] main       <info>   Sleeping 20m until next cycle …
[2026-06-20T08:43:55+07:00] pg         <good>   polled → pg_events.csv
[2026-06-20T08:43:56+07:00] mongo      <good>   polled → mongo_events.csv
[2026-06-20T08:43:56+07:00] unstr      <good>   polled → unstructured_events.csv
[2026-06-20T08:44:06+07:00] pg         <good>   polled → pg_events.csv
[2026-06-20T08:44:07+07:00] mongo      <good>   polled → mongo_events.csv
[2026-06-20T08:44:07+07:00] unstr      <good>   polled → unstructured_events.csv
[2026-06-20T08:44:17+07:00] pg         <good>   polled → pg_events.csv
[2026-06-20T08:44:19+07:00] mongo      <good>   polled → mongo_events.csv
[2026-06-20T08:44:19+07:00] unstr      <good>   polled → unstructured_events.csv
[2026-06-20T08:44:29+07:00] pg         <good>   polled → pg_events.csv
[2026-06-20T08:44:30+07:00] mongo      <good>   polled → mongo_events.csv
[2026-06-20T08:44:30+07:00] unstr      <good>   polled → unstructured_events.csv
[2026-06-20T08:44:40+07:00] pg         <good>   polled → pg_events.csv
[2026-06-20T08:44:41+07:00] mongo      <good>   polled → mongo_events.csv
[2026-06-20T08:44:41+07:00] unstr      <good>   polled → unstructured_events.csv
[2026-06-20T08:44:51+07:00] pg         <good>   polled → pg_events.csv
[2026-06-20T08:44:52+07:00] mongo      <good>   polled → mongo_events.csv
[2026-06-20T08:44:52+07:00] unstr      <good>   polled → unstructured_events.csv
[2026-06-20T08:45:02+07:00] pg         <good>   polled → pg_events.csv
[2026-06-20T08:45:03+07:00] mongo      <good>   polled → mongo_events.csv
[2026-06-20T08:45:03+07:00] unstr      <good>   polled → unstructured_events.csv
[2026-06-20T08:45:13+07:00] pg         <good>   polled → pg_events.csv
[2026-06-20T08:45:14+07:00] mongo      <good>   polled → mongo_events.csv
[2026-06-20T08:45:14+07:00] unstr      <good>   polled → unstructured_events.csv
[2026-06-20T08:45:24+07:00] pg         <good>   polled → pg_events.csv
[2026-06-20T08:45:25+07:00] mongo      <good>   polled → mongo_events.csv
[2026-06-20T08:45:26+07:00] unstr      <good>   polled → unstructured_events.csv
[2026-06-20T08:45:36+07:00] pg         <good>   polled → pg_events.csv
[2026-06-20T08:45:37+07:00] mongo      <good>   polled → mongo_events.csv
[2026-06-20T08:45:37+07:00] unstr      <good>   polled → unstructured_events.csv
[2026-06-20T08:45:47+07:00] pg         <good>   polled → pg_events.csv
[2026-06-20T08:45:48+07:00] mongo      <good>   polled → mongo_events.csv
[2026-06-20T08:45:48+07:00] unstr      <good>   polled → unstructured_events.csv
[2026-06-20T08:45:58+07:00] pg         <good>   polled → pg_events.csv
[2026-06-20T08:45:59+07:00] mongo      <good>   polled → mongo_events.csv
[2026-06-20T08:45:59+07:00] unstr      <good>   polled → unstructured_events.csv
[2026-06-20T08:46:09+07:00] pg         <good>   polled → pg_events.csv
[2026-06-20T08:46:10+07:00] mongo      <good>   polled → mongo_events.csv
[2026-06-20T08:46:10+07:00] unstr      <good>   polled → unstructured_events.csv
[2026-06-20T08:46:20+07:00] pg         <good>   polled → pg_events.csv
[2026-06-20T08:46:21+07:00] mongo      <good>   polled → mongo_events.csv
[2026-06-20T08:46:21+07:00] unstr      <good>   polled → unstructured_events.csv
[2026-06-20T08:46:32+07:00] pg         <good>   polled → pg_events.csv
[2026-06-20T08:46:33+07:00] mongo      <good>   polled → mongo_events.csv
[2026-06-20T08:46:33+07:00] unstr      <good>   polled → unstructured_events.csv
[2026-06-20T08:46:43+07:00] pg         <good>   polled → pg_events.csv
[2026-06-20T08:46:44+07:00] mongo      <good>   polled → mongo_events.csv
[2026-06-20T08:46:44+07:00] unstr      <good>   polled → unstructured_events.csv
[2026-06-20T08:46:54+07:00] pg         <good>   polled → pg_events.csv
[2026-06-20T08:46:55+07:00] mongo      <good>   polled → mongo_events.csv
[2026-06-20T08:46:55+07:00] unstr      <good>   polled → unstructured_events.csv
[2026-06-20T08:47:05+07:00] pg         <good>   polled → pg_events.csv
[2026-06-20T08:47:06+07:00] mongo      <good>   polled → mongo_events.csv
[2026-06-20T08:47:06+07:00] unstr      <good>   polled → unstructured_events.csv
[2026-06-20T08:47:16+07:00] pg         <good>   polled → pg_events.csv
[2026-06-20T08:47:17+07:00] mongo      <good>   polled → mongo_events.csv
[2026-06-20T08:47:17+07:00] unstr      <good>   polled → unstructured_events.csv
[2026-06-20T08:47:24+0700] main       <info>   Received stop signal — backup loop exiting cleanly.
[2026-06-20T08:47:28+07:00] pg         <good>   polled → pg_events.csv
[2026-06-20T08:47:29+07:00] mongo      <good>   polled → mongo_events.csv
[2026-06-20T08:47:29+07:00] unstr      <good>   polled → unstructured_events.csv
[2026-06-20T08:47:39+07:00] pg         <good>   polled → pg_events.csv
[2026-06-20T08:47:40+07:00] mongo      <good>   polled → mongo_events.csv
[2026-06-20T08:47:40+07:00] unstr      <good>   polled → unstructured_events.csv
[2026-06-20T08:47:50+07:00] pg         <good>   polled → pg_events.csv
[2026-06-20T08:47:51+07:00] mongo      <good>   polled → mongo_events.csv
[2026-06-20T08:47:51+07:00] unstr      <good>   polled → unstructured_events.csv
[2026-06-20T08:48:01+07:00] pg         <good>   polled → pg_events.csv
[2026-06-20T08:48:01+07:00] mongo      <good>   polled → mongo_events.csv
[2026-06-20T08:48:01+07:00] unstr      <good>   polled → unstructured_events.csv
[2026-06-20T08:48:11+07:00] pg         <good>   polled → pg_events.csv
[2026-06-20T08:48:11+07:00] mongo      <good>   polled → mongo_events.csv
[2026-06-20T08:48:11+07:00] unstr      <good>   polled → unstructured_events.csv
[2026-06-20T08:48:21+07:00] pg         <good>   polled → pg_events.csv
[2026-06-20T08:48:21+07:00] mongo      <good>   polled → mongo_events.csv
[2026-06-20T08:48:21+07:00] unstr      <good>   polled → unstructured_events.csv
[2026-06-20T08:48:31+07:00] pg         <good>   polled → pg_events.csv
[2026-06-20T08:48:31+07:00] mongo      <good>   polled → mongo_events.csv
[2026-06-20T08:48:31+07:00] unstr      <good>   polled → unstructured_events.csv
[2026-06-20T08:48:42+07:00] pg         <good>   polled → pg_events.csv
[2026-06-20T08:48:42+07:00] mongo      <good>   polled → mongo_events.csv
[2026-06-20T08:48:42+07:00] unstr      <good>   polled → unstructured_events.csv
[2026-06-20T08:48:52+07:00] pg         <good>   polled → pg_events.csv
[2026-06-20T08:48:52+07:00] mongo      <good>   polled → mongo_events.csv
[2026-06-20T08:48:52+07:00] unstr      <good>   polled → unstructured_events.csv
[2026-06-20T08:49:42+07:00] telemetry  <info>   out_dir=/home/primary/data/monitor  interval=10s  pg=postgres_live  mongo=mongodb_live
[2026-06-20T08:49:42+07:00] pg         <good>   polled → pg_events.csv
[2026-06-20T08:49:42+07:00] mongo      <good>   polled → mongo_events.csv
[2026-06-20T08:49:42+07:00] unstr      <good>   polled → unstructured_events.csv
[2026-06-20T08:49:52+07:00] pg         <good>   polled → pg_events.csv
[2026-06-20T08:49:52+07:00] mongo      <good>   polled → mongo_events.csv
[2026-06-20T08:49:52+07:00] unstr      <good>   polled → unstructured_events.csv
[2026-06-20T08:50:01+07:00] anomaly      <info>   === ANOMALY INJECTION START  type=pg_bulk_delete  2026-06-20T08:50:01+07:00 ===
[2026-06-20T08:50:01+07:00] anomaly      <warn>   pg_bulk_delete: targeting ~40% of orders
[2026-06-20T08:50:01+07:00] anomaly      <error>  pg count failed: Error response from daemon: No such container: postgres_live
[2026-06-20T08:50:01+07:00] anomaly      <info>   === ANOMALY INJECTION END    type=pg_bulk_delete  2026-06-20T08:50:01+07:00 ===
[2026-06-20T08:50:01+07:00] anomaly      <info>   === ANOMALY INJECTION START  type=mongo_corrupt_sigs  2026-06-20T08:50:01+07:00 ===
[2026-06-20T08:50:01+07:00] anomaly      <warn>   mongo_corrupt_sigs: corrupting 50 order signatures
[2026-06-20T08:50:01+07:00] anomaly      <error>  mongo_corrupt_sigs: ok=False Error response from daemon: No such container: mongodb_live
[2026-06-20T08:50:01+07:00] anomaly      <info>   === ANOMALY INJECTION END    type=mongo_corrupt_sigs  2026-06-20T08:50:01+07:00 ===
[2026-06-20T08:50:01+07:00] anomaly      <info>   === ANOMALY INJECTION START  type=unstr_mass_delete  2026-06-20T08:50:01+07:00 ===
[2026-06-20T08:50:01+07:00] anomaly      <warn>   unstr_mass_delete: deleting ~50% of unstructured files
[2026-06-20T08:50:01+07:00] anomaly      <good>   unstr_mass_delete: deleted=0 files freed=0KB
[2026-06-20T08:50:01+07:00] anomaly      <info>   === ANOMALY INJECTION END    type=unstr_mass_delete  2026-06-20T08:50:01+07:00 ===
[2026-06-20T08:50:01+07:00] anomaly      <info>   === ANOMALY INJECTION START  type=all  2026-06-20T08:50:01+07:00 ===
[2026-06-20T08:50:01+07:00] anomaly      <warn>   pg_bulk_delete: targeting ~40% of orders
[2026-06-20T08:50:01+07:00] anomaly      <error>  pg count failed: Error response from daemon: No such container: postgres_live
[2026-06-20T08:50:02+07:00] pg         <good>   polled → pg_events.csv
[2026-06-20T08:50:02+07:00] mongo      <good>   polled → mongo_events.csv
[2026-06-20T08:50:02+07:00] unstr      <good>   polled → unstructured_events.csv
[2026-06-20T08:50:02+07:00] anomaly      <warn>   pg_corrupt_orders: corrupting 50 order hashes
[2026-06-20T08:50:02+07:00] anomaly      <error>  pg_corrupt_orders: ok=False Error response from daemon: No such container: postgres_live
[2026-06-20T08:50:03+07:00] anomaly      <warn>   pg_spike_insert: inserting 500 orders rapidly
[2026-06-20T08:50:03+07:00] anomaly      <error>  pg_spike_insert: ok=False Error response from daemon: No such container: postgres_live
[2026-06-20T08:50:04+07:00] anomaly      <warn>   mongo_bulk_delete: targeting ~40% of orders
[2026-06-20T08:50:04+07:00] anomaly      <error>  mongo count failed: Error response from daemon: No such container: mongodb_live
[2026-06-20T08:50:05+07:00] anomaly      <warn>   mongo_corrupt_sigs: corrupting 50 order signatures
[2026-06-20T08:50:05+07:00] anomaly      <error>  mongo_corrupt_sigs: ok=False Error response from daemon: No such container: mongodb_live
[2026-06-20T08:50:06+07:00] anomaly      <warn>   mongo_spike_insert: inserting 500 orders
[2026-06-20T08:50:06+07:00] anomaly      <error>  mongo_spike_insert: ok=False Error response from daemon: No such container: mongodb_live
[2026-06-20T08:50:07+07:00] anomaly      <warn>   unstr_mass_delete: deleting ~40% of unstructured files
[2026-06-20T08:50:07+07:00] anomaly      <good>   unstr_mass_delete: deleted=0 files freed=0KB
[2026-06-20T08:50:08+07:00] anomaly      <warn>   unstr_overwrite: overwriting all .bin files with random data
[2026-06-20T08:50:08+07:00] anomaly      <good>   unstr_overwrite: corrupted=0 files .bin
[2026-06-20T08:50:09+07:00] anomaly      <warn>   unstr_flood_create: creating 200 small flood files
[2026-06-20T08:50:09+07:00] anomaly      <good>   unstr_flood_create: created=0 files (0KB)
[2026-06-20T08:50:10+07:00] anomaly      <info>   === ANOMALY INJECTION END    type=all  2026-06-20T08:50:10+07:00 ===
[2026-06-20T08:50:12+07:00] pg         <good>   polled → pg_events.csv
[2026-06-20T08:50:12+07:00] mongo      <good>   polled → mongo_events.csv
[2026-06-20T08:50:12+07:00] unstr      <good>   polled → unstructured_events.csv
[2026-06-20T08:50:22+07:00] pg         <good>   polled → pg_events.csv
[2026-06-20T08:50:22+07:00] mongo      <good>   polled → mongo_events.csv
[2026-06-20T08:50:22+07:00] unstr      <good>   polled → unstructured_events.csv
[2026-06-20T08:50:32+07:00] pg         <good>   polled → pg_events.csv
[2026-06-20T08:50:32+07:00] mongo      <good>   polled → mongo_events.csv
[2026-06-20T08:50:32+07:00] unstr      <good>   polled → unstructured_events.csv
[2026-06-20T08:50:42+07:00] pg         <good>   polled → pg_events.csv
[2026-06-20T08:50:43+07:00] mongo      <good>   polled → mongo_events.csv
[2026-06-20T08:50:43+07:00] unstr      <good>   polled → unstructured_events.csv
[2026-06-20T08:50:53+07:00] pg         <good>   polled → pg_events.csv
[2026-06-20T08:50:55+07:00] mongo      <good>   polled → mongo_events.csv
[2026-06-20T08:50:55+07:00] unstr      <good>   polled → unstructured_events.csv
[2026-06-20T08:51:05+07:00] pg         <good>   polled → pg_events.csv
[2026-06-20T08:51:06+07:00] mongo      <good>   polled → mongo_events.csv
[2026-06-20T08:51:06+07:00] unstr      <good>   polled → unstructured_events.csv
[2026-06-20T08:51:10+07:00] anomaly      <info>   === ANOMALY INJECTION START  type=all  2026-06-20T08:51:10+07:00 ===
[2026-06-20T08:51:10+07:00] anomaly      <warn>   pg_bulk_delete: targeting ~40% of orders
[2026-06-20T08:51:10+07:00] anomaly      <good>   pg_bulk_delete: deleted ~8193 orders ok=True 
[2026-06-20T08:51:11+07:00] anomaly      <warn>   pg_corrupt_orders: corrupting 50 order hashes
[2026-06-20T08:51:12+07:00] anomaly      <good>   pg_corrupt_orders: ok=True 
[2026-06-20T08:51:13+07:00] anomaly      <warn>   pg_spike_insert: inserting 500 orders rapidly
[2026-06-20T08:51:13+07:00] anomaly      <good>   pg_spike_insert: ok=True 
[2026-06-20T08:51:14+07:00] anomaly      <warn>   mongo_bulk_delete: targeting ~40% of orders
[2026-06-20T08:51:16+07:00] pg         <good>   polled → pg_events.csv
[2026-06-20T08:51:17+07:00] anomaly      <error>  mongo_bulk_delete: ok=False MongoServerError: Expected field projectionto be of type object
[2026-06-20T08:51:17+07:00] mongo      <good>   polled → mongo_events.csv
[2026-06-20T08:51:17+07:00] unstr      <good>   polled → unstructured_events.csv
[2026-06-20T08:51:18+07:00] anomaly      <warn>   mongo_corrupt_sigs: corrupting 50 order signatures
[2026-06-20T08:51:19+07:00] anomaly      <good>   mongo_corrupt_sigs: ok=True corrupted=50
[2026-06-20T08:51:20+07:00] anomaly      <warn>   mongo_spike_insert: inserting 500 orders
[2026-06-20T08:51:21+07:00] anomaly      <good>   mongo_spike_insert: ok=True inserted=500
[2026-06-20T08:51:22+07:00] anomaly      <warn>   unstr_mass_delete: deleting ~40% of unstructured files
[2026-06-20T08:51:22+07:00] anomaly      <good>   unstr_mass_delete: deleted=0 files freed=0KB
[2026-06-20T08:51:23+07:00] anomaly      <warn>   unstr_overwrite: overwriting all .bin files with random data
[2026-06-20T08:51:23+07:00] anomaly      <good>   unstr_overwrite: corrupted=0 files .bin
[2026-06-20T08:51:24+07:00] anomaly      <warn>   unstr_flood_create: creating 200 small flood files
[2026-06-20T08:51:24+07:00] anomaly      <good>   unstr_flood_create: created=0 files (0KB)
[2026-06-20T08:51:25+07:00] anomaly      <info>   === ANOMALY INJECTION END    type=all  2026-06-20T08:51:25+07:00 ===
[2026-06-20T08:51:27+07:00] pg         <good>   polled → pg_events.csv
[2026-06-20T08:51:28+07:00] mongo      <good>   polled → mongo_events.csv
[2026-06-20T08:51:28+07:00] unstr      <good>   polled → unstructured_events.csv
[2026-06-20T08:51:38+07:00] pg         <good>   polled → pg_events.csv
[2026-06-20T08:51:39+07:00] mongo      <good>   polled → mongo_events.csv
[2026-06-20T08:51:39+07:00] unstr      <good>   polled → unstructured_events.csv
[2026-06-20T08:51:49+07:00] pg         <good>   polled → pg_events.csv
[2026-06-20T08:51:51+07:00] mongo      <good>   polled → mongo_events.csv
[2026-06-20T08:51:51+07:00] unstr      <good>   polled → unstructured_events.csv
[2026-06-20T08:52:01+07:00] pg         <good>   polled → pg_events.csv
[2026-06-20T08:52:02+07:00] mongo      <good>   polled → mongo_events.csv
[2026-06-20T08:52:02+07:00] unstr      <good>   polled → unstructured_events.csv
[2026-06-20T08:52:12+07:00] pg         <good>   polled → pg_events.csv
[2026-06-20T08:52:13+07:00] mongo      <good>   polled → mongo_events.csv
[2026-06-20T08:52:13+07:00] unstr      <good>   polled → unstructured_events.csv
[2026-06-20T08:52:15+07:00] anomaly      <info>   === ANOMALY INJECTION START  type=all  2026-06-20T08:52:15+07:00 ===
[2026-06-20T08:52:15+07:00] anomaly      <warn>   pg_bulk_delete: targeting ~40% of orders
[2026-06-20T08:52:15+07:00] anomaly      <good>   pg_bulk_delete: deleted ~5138 orders ok=True 
[2026-06-20T08:52:16+07:00] anomaly      <warn>   pg_corrupt_orders: corrupting 50 order hashes
[2026-06-20T08:52:16+07:00] anomaly      <good>   pg_corrupt_orders: ok=True 
[2026-06-20T08:52:17+07:00] anomaly      <warn>   pg_spike_insert: inserting 500 orders rapidly
[2026-06-20T08:52:17+07:00] anomaly      <good>   pg_spike_insert: ok=True 
[2026-06-20T08:52:18+07:00] anomaly      <warn>   mongo_bulk_delete: targeting ~40% of orders
[2026-06-20T08:52:20+07:00] anomaly      <error>  mongo_bulk_delete: ok=False MongoServerError: Expected field projectionto be of type object
[2026-06-20T08:52:21+07:00] anomaly      <warn>   mongo_corrupt_sigs: corrupting 50 order signatures
[2026-06-20T08:52:22+07:00] anomaly      <good>   mongo_corrupt_sigs: ok=True corrupted=50
[2026-06-20T08:52:23+07:00] pg         <good>   polled → pg_events.csv
[2026-06-20T08:52:23+07:00] anomaly      <warn>   mongo_spike_insert: inserting 500 orders
[2026-06-20T08:52:24+07:00] mongo      <good>   polled → mongo_events.csv
[2026-06-20T08:52:24+07:00] unstr      <good>   polled → unstructured_events.csv
[2026-06-20T08:52:24+07:00] anomaly      <good>   mongo_spike_insert: ok=True inserted=500
[2026-06-20T08:52:25+07:00] anomaly      <warn>   unstr_mass_delete: deleting ~40% of unstructured files
[2026-06-20T08:52:25+07:00] anomaly      <good>   unstr_mass_delete: deleted=0 files freed=0KB
[2026-06-20T08:52:26+07:00] anomaly      <warn>   unstr_overwrite: overwriting all .bin files with random data
[2026-06-20T08:52:26+07:00] anomaly      <good>   unstr_overwrite: corrupted=0 files .bin
[2026-06-20T08:52:27+07:00] anomaly      <warn>   unstr_flood_create: creating 200 small flood files
[2026-06-20T08:52:27+07:00] anomaly      <good>   unstr_flood_create: created=0 files (0KB)
[2026-06-20T08:52:28+07:00] anomaly      <info>   === ANOMALY INJECTION END    type=all  2026-06-20T08:52:28+07:00 ===
[2026-06-20T08:52:34+07:00] pg         <good>   polled → pg_events.csv
[2026-06-20T08:52:35+07:00] mongo      <good>   polled → mongo_events.csv
[2026-06-20T08:52:35+07:00] unstr      <good>   polled → unstructured_events.csv
[2026-06-20T08:52:45+07:00] pg         <good>   polled → pg_events.csv
[2026-06-20T08:52:46+07:00] mongo      <good>   polled → mongo_events.csv
[2026-06-20T08:52:46+07:00] unstr      <good>   polled → unstructured_events.csv
[2026-06-20T08:52:56+07:00] pg         <good>   polled → pg_events.csv
[2026-06-20T08:52:57+07:00] mongo      <good>   polled → mongo_events.csv
[2026-06-20T08:52:57+07:00] unstr      <good>   polled → unstructured_events.csv
[2026-06-20T08:53:07+07:00] pg         <good>   polled → pg_events.csv
[2026-06-20T08:53:08+07:00] mongo      <good>   polled → mongo_events.csv
[2026-06-20T08:53:08+07:00] unstr      <good>   polled → unstructured_events.csv
[2026-06-20T08:53:18+07:00] pg         <good>   polled → pg_events.csv
[2026-06-20T08:53:19+07:00] mongo      <good>   polled → mongo_events.csv
[2026-06-20T08:53:19+07:00] unstr      <good>   polled → unstructured_events.csv
[2026-06-20T08:53:29+07:00] pg         <good>   polled → pg_events.csv
[2026-06-20T08:53:31+07:00] mongo      <good>   polled → mongo_events.csv
[2026-06-20T08:53:31+07:00] unstr      <good>   polled → unstructured_events.csv
[2026-06-20T08:53:39+07:00] anomaly      <info>   === ANOMALY INJECTION START  type=unstr_mass_delete  2026-06-20T08:53:39+07:00 ===
[2026-06-20T08:53:39+07:00] anomaly      <warn>   unstr_mass_delete: deleting ~50% of unstructured files
[2026-06-20T08:53:39+07:00] anomaly      <good>   unstr_mass_delete: deleted=0 files freed=0KB
[2026-06-20T08:53:39+07:00] anomaly      <info>   === ANOMALY INJECTION END    type=unstr_mass_delete  2026-06-20T08:53:39+07:00 ===
[2026-06-20T08:53:41+07:00] pg         <good>   polled → pg_events.csv
[2026-06-20T08:53:42+07:00] mongo      <good>   polled → mongo_events.csv
[2026-06-20T08:53:42+07:00] unstr      <good>   polled → unstructured_events.csv
[2026-06-20T08:53:52+07:00] pg         <good>   polled → pg_events.csv
[2026-06-20T08:53:54+07:00] mongo      <good>   polled → mongo_events.csv
[2026-06-20T08:53:55+07:00] unstr      <good>   polled → unstructured_events.csv
[2026-06-20T08:54:05+07:00] pg         <good>   polled → pg_events.csv
[2026-06-20T08:54:07+07:00] mongo      <good>   polled → mongo_events.csv
[2026-06-20T08:54:07+07:00] unstr      <good>   polled → unstructured_events.csv
[2026-06-20T08:54:17+07:00] pg         <good>   polled → pg_events.csv
[2026-06-20T08:54:18+07:00] mongo      <good>   polled → mongo_events.csv
[2026-06-20T08:54:18+07:00] unstr      <good>   polled → unstructured_events.csv
[2026-06-20T08:54:28+07:00] pg         <good>   polled → pg_events.csv
[2026-06-20T08:54:29+07:00] mongo      <good>   polled → mongo_events.csv
[2026-06-20T08:54:29+07:00] unstr      <good>   polled → unstructured_events.csv
[2026-06-20T08:54:39+07:00] pg         <good>   polled → pg_events.csv
[2026-06-20T08:54:40+07:00] mongo      <good>   polled → mongo_events.csv
[2026-06-20T08:54:40+07:00] unstr      <good>   polled → unstructured_events.csv
[2026-06-20T08:54:50+07:00] pg         <good>   polled → pg_events.csv
[2026-06-20T08:54:51+07:00] mongo      <good>   polled → mongo_events.csv
[2026-06-20T08:54:51+07:00] unstr      <good>   polled → unstructured_events.csv
[2026-06-20T08:55:01+07:00] pg         <good>   polled → pg_events.csv
[2026-06-20T08:55:02+07:00] mongo      <good>   polled → mongo_events.csv
[2026-06-20T08:55:02+07:00] unstr      <good>   polled → unstructured_events.csv
[2026-06-20T08:55:12+07:00] pg         <good>   polled → pg_events.csv
[2026-06-20T08:55:13+07:00] mongo      <good>   polled → mongo_events.csv
[2026-06-20T08:55:13+07:00] unstr      <good>   polled → unstructured_events.csv
[2026-06-20T08:55:23+07:00] pg         <good>   polled → pg_events.csv
[2026-06-20T08:55:24+07:00] mongo      <good>   polled → mongo_events.csv
[2026-06-20T08:55:24+07:00] unstr      <good>   polled → unstructured_events.csv
[2026-06-20T08:55:34+07:00] pg         <good>   polled → pg_events.csv
[2026-06-20T08:55:36+07:00] mongo      <good>   polled → mongo_events.csv
[2026-06-20T08:55:36+07:00] unstr      <good>   polled → unstructured_events.csv
[2026-06-20T08:55:46+07:00] pg         <good>   polled → pg_events.csv
[2026-06-20T08:55:48+07:00] mongo      <good>   polled → mongo_events.csv
[2026-06-20T08:55:48+07:00] unstr      <good>   polled → unstructured_events.csv
[2026-06-20T08:55:58+07:00] pg         <good>   polled → pg_events.csv
[2026-06-20T08:55:59+07:00] mongo      <good>   polled → mongo_events.csv
[2026-06-20T08:55:59+07:00] unstr      <good>   polled → unstructured_events.csv
[2026-06-20T08:56:09+07:00] pg         <good>   polled → pg_events.csv
[2026-06-20T08:56:10+07:00] mongo      <good>   polled → mongo_events.csv
[2026-06-20T08:56:10+07:00] unstr      <good>   polled → unstructured_events.csv
[2026-06-20T08:56:20+07:00] pg         <good>   polled → pg_events.csv
[2026-06-20T08:56:21+07:00] mongo      <good>   polled → mongo_events.csv
[2026-06-20T08:56:21+07:00] unstr      <good>   polled → unstructured_events.csv
[2026-06-20T08:56:31+07:00] pg         <good>   polled → pg_events.csv
[2026-06-20T08:56:32+07:00] mongo      <good>   polled → mongo_events.csv
[2026-06-20T08:56:32+07:00] unstr      <good>   polled → unstructured_events.csv
[2026-06-20T08:56:42+07:00] pg         <good>   polled → pg_events.csv
[2026-06-20T08:56:45+07:00] mongo      <good>   polled → mongo_events.csv
[2026-06-20T08:56:45+07:00] unstr      <good>   polled → unstructured_events.csv
[2026-06-20T08:56:48+0700] main       <log>    ━━━━━━━━━━━━━━━━━━━━━━━━━━━━━━━━━━━━━━━━━━━━━━━━━━━━━━━━━━━━━
[2026-06-20T08:56:48+0700] main       <log>    VM1 → VM2 Restore Request
[2026-06-20T08:56:48+0700] main       <log>      version : chain-v1
[2026-06-20T08:56:48+0700] main       <log>      chain   : 7
[2026-06-20T08:56:48+0700] main       <log>      source  : local
[2026-06-20T08:56:48+0700] main       <log>      push→vm1: true
[2026-06-20T08:56:48+0700] main       <log>    ━━━━━━━━━━━━━━━━━━━━━━━━━━━━━━━━━━━━━━━━━━━━━━━━━━━━━━━━━━━━━
[2026-06-20T08:56:48+0700] main       <info>   Checking SSH to VM2 (recovery@192.168.10.129) …
[2026-06-20T08:56:49+0700] main       <good>   SSH OK
[2026-06-20T08:56:49+0700] main       <info>   Request ID: restore-1781920609-4fb3b9
[2026-06-20T08:56:49+0700] main       <info>   Request JSON:
[2026-06-20T08:56:49+0700] main       <info>   Sending request to VM2 …
[2026-06-20T08:56:49+0700] main       <good>   Request dropped: /home/recovery/local-backup/restore-requests/restore-1781920609-4fb3b9.json
[2026-06-20T08:56:49+0700] main       <info>   Polling VM2 for completion (timeout=600s, interval=3s) …
[2026-06-20T08:56:50+0700] main       <info>     VM2 is processing… (0s elapsed)
[2026-06-20T08:56:53+0700] main       <info>     VM2 is processing… (3s elapsed)
[2026-06-20T08:56:56+07:00] pg         <good>   polled → pg_events.csv
[2026-06-20T08:56:57+0700] main       <info>     VM2 is processing… (6s elapsed)
[2026-06-20T08:57:02+0700] main       <info>     VM2 is processing… (9s elapsed)
[2026-06-20T08:57:07+0700] main       <info>     VM2 is processing… (12s elapsed)
[2026-06-20T08:57:12+07:00] mongo      <good>   polled → mongo_events.csv
[2026-06-20T08:57:12+07:00] unstr      <good>   polled → unstructured_events.csv
[2026-06-20T08:57:13+0700] main       <info>     VM2 is processing… (15s elapsed)
[2026-06-20T08:57:18+0700] main       <info>     VM2 is processing… (18s elapsed)
[2026-06-20T08:57:22+0700] main       <info>     VM2 is processing… (21s elapsed)
[2026-06-20T08:57:24+07:00] pg         <good>   polled → pg_events.csv
[2026-06-20T08:57:27+0700] main       <info>     VM2 is processing… (24s elapsed)
[2026-06-20T08:57:31+0700] main       <info>     VM2 is processing… (27s elapsed)
[2026-06-20T08:57:32+07:00] mongo      <good>   polled → mongo_events.csv
[2026-06-20T08:57:32+07:00] unstr      <good>   polled → unstructured_events.csv
[2026-06-20T08:57:35+0700] main       <info>     VM2 is processing… (30s elapsed)
[2026-06-20T08:57:39+0700] main       <info>     VM2 is processing… (33s elapsed)
[2026-06-20T08:57:43+0700] main       <info>     VM2 is processing… (36s elapsed)
[2026-06-20T08:57:44+07:00] pg         <good>   polled → pg_events.csv
[2026-06-20T08:57:47+0700] main       <info>     VM2 is processing… (39s elapsed)
[2026-06-20T08:57:51+07:00] mongo      <good>   polled → mongo_events.csv
[2026-06-20T08:57:51+07:00] unstr      <good>   polled → unstructured_events.csv
[2026-06-20T08:57:52+0700] main       <info>     VM2 is processing… (42s elapsed)
[2026-06-20T08:57:57+0700] main       <info>     VM2 is processing… (45s elapsed)
[2026-06-20T08:58:01+0700] main       <info>     VM2 is processing… (48s elapsed)
[2026-06-20T08:58:03+07:00] pg         <good>   polled → pg_events.csv
[2026-06-20T08:58:04+0700] main       <good>   VM2 restore complete.
[2026-06-20T08:58:05+0700] main       <info>   Cycles received in /home/primary/data/backup-incoming/chain-v1/:
[2026-06-20T08:58:05+0700] main       <good>   7 cycle(s) ready in backup-incoming
[2026-06-20T08:58:05+0700] main       <info>   Bumping chain version in state DB …
[2026-06-20T08:58:06+0700] main       <good>   Chain version bumped → chain-v4
[2026-06-20T08:58:06+0700] main       <info>   Next backup cycle will write to backup-cycles/chain-v4/
[2026-06-20T08:58:06+0700] main       <log>    ━━━━━━━━━━━━━━━━━━━━━━━━━━━━━━━━━━━━━━━━━━━━━━━━━━━━━━━━━━━━━
[2026-06-20T08:58:06+0700] main       <good>   Restore data is ready. Run this to replay into live DBs:
[2026-06-20T08:58:06+0700] main       <log>    ━━━━━━━━━━━━━━━━━━━━━━━━━━━━━━━━━━━━━━━━━━━━━━━━━━━━━━━━━━━━━
[2026-06-20T08:58:10+07:00] mongo      <good>   polled → mongo_events.csv
[2026-06-20T08:58:10+07:00] unstr      <good>   polled → unstructured_events.csv
[2026-06-20T08:58:21+07:00] [SELECT]   <info>   Using explicit chain version: /home/primary/data/backup-incoming/chain-v1
[2026-06-20T08:58:21+07:00] [SELECT]   <info>   --chain 7: selecting first 7 of 7 cycles (oldest→newest): ['20260620_015817', '20260620_021928', '20260620_023941', '20260620_025949', '20260620_031956', '20260620_034002', '20260620_040010']
[2026-06-20T08:58:21+07:00] [RESTORE]  <info>   Base unstructured: /home/primary/data/unstructured
[2026-06-20T08:58:21+07:00] [RESTORE]  <info>   Output root:       /home/primary/data/backup-incoming
[2026-06-20T08:58:21+07:00] [RESTORE]  <info>   Cycles:            7
[2026-06-20T08:58:21+07:00] [VERIFY]   <info>   Verifying latest cycle: /home/primary/data/backup-incoming/chain-v1/20260620_040010 (raw=False)
[2026-06-20T08:58:23+07:00] pg         <good>   polled → pg_events.csv
[2026-06-20T08:58:26+07:00] [VERIFY]   <info>   OK
[2026-06-20T08:58:26+07:00] [PFC]      <info>   Base unstructured and out_unstructured are identical (/home/primary/data/unstructured). Applying deltas in-place.
[2026-06-20T08:58:26+07:00] [RESTORE]  <info>   Reading manifest: /home/primary/data/backup-incoming/chain-v1/20260620_015817/manifest.json
[2026-06-20T08:58:26+07:00] [PFC]      <info>   Extracting unstructured basebackup -> /home/primary/data/unstructured
[2026-06-20T08:58:26+07:00] [CMD]      <info>   tar -xzf /home/primary/data/backup-incoming/chain-v1/20260620_015817/unstructured/basebackup/base.tar.gz -C /home/primary/data/unstructured
[2026-06-20T08:58:36+07:00] mongo      <good>   polled → mongo_events.csv
[2026-06-20T08:58:36+07:00] unstr      <good>   polled → unstructured_events.csv
[2026-06-20T08:58:46+07:00] pg         <good>   polled → pg_events.csv
[2026-06-20T08:58:54+07:00] mongo      <good>   polled → mongo_events.csv
[2026-06-20T08:58:54+07:00] unstr      <good>   polled → unstructured_events.csv
[2026-06-20T08:59:05+07:00] pg         <good>   polled → pg_events.csv
[2026-06-20T08:59:11+07:00] [PFC]      <info>   Applying PFC deltas from /home/primary/data/backup-incoming/chain-v1/20260620_015817: count=1046
[2026-06-20T08:59:32+07:00] mongo      <good>   polled → mongo_events.csv
[2026-06-20T08:59:36+07:00] unstr      <good>   polled → unstructured_events.csv
[2026-06-20T09:00:19+07:00] pg         <good>   polled → pg_events.csv
[2026-06-20T09:01:00+07:00] [RESTORE]  <info>   Reading manifest: /home/primary/data/backup-incoming/chain-v1/20260620_021928/manifest.json
[2026-06-20T09:01:00+07:00] [PFC]      <info>   Applying PFC deltas from /home/primary/data/backup-incoming/chain-v1/20260620_021928: count=318
[2026-06-20T09:01:02+07:00] mongo      <good>   polled → mongo_events.csv
[2026-06-20T09:01:02+07:00] unstr      <good>   polled → unstructured_events.csv
[2026-06-20T09:01:05+07:00] [RESTORE]  <info>   Reading manifest: /home/primary/data/backup-incoming/chain-v1/20260620_023941/manifest.json
[2026-06-20T09:01:05+07:00] [PFC]      <info>   Applying PFC deltas from /home/primary/data/backup-incoming/chain-v1/20260620_023941: count=87
[2026-06-20T09:01:05+07:00] [RESTORE]  <info>   Reading manifest: /home/primary/data/backup-incoming/chain-v1/20260620_025949/manifest.json
[2026-06-20T09:01:05+07:00] [PFC]      <info>   Applying PFC deltas from /home/primary/data/backup-incoming/chain-v1/20260620_025949: count=86
[2026-06-20T09:01:06+07:00] [RESTORE]  <info>   Reading manifest: /home/primary/data/backup-incoming/chain-v1/20260620_031956/manifest.json
[2026-06-20T09:01:06+07:00] [PFC]      <info>   Applying PFC deltas from /home/primary/data/backup-incoming/chain-v1/20260620_031956: count=59
[2026-06-20T09:01:06+07:00] [RESTORE]  <info>   Reading manifest: /home/primary/data/backup-incoming/chain-v1/20260620_034002/manifest.json
[2026-06-20T09:01:06+07:00] [PFC]      <info>   Applying PFC deltas from /home/primary/data/backup-incoming/chain-v1/20260620_034002: count=87
[2026-06-20T09:01:07+07:00] [RESTORE]  <info>   Reading manifest: /home/primary/data/backup-incoming/chain-v1/20260620_040010/manifest.json
[2026-06-20T09:01:07+07:00] [PFC]      <info>   Applying PFC deltas from /home/primary/data/backup-incoming/chain-v1/20260620_040010: count=198
[2026-06-20T09:01:12+07:00] [PG][STAGE] <info>   Merged WAL from 7 cycle(s) into single stream: 30 files -> /home/primary/data/backup-incoming/pg/merged_wal
[2026-06-20T09:01:12+07:00] [PG]       <info>   Single-pass WAL staging: files=30 merged_dir=/home/primary/data/backup-incoming/pg/merged_wal
[2026-06-20T09:01:12+07:00] [PG]       <info>   Restored basebackup artifacts: files_copied=1 -> /home/primary/data/backup-incoming/pg/basebackup
[2026-06-20T09:01:12+07:00] [MONGO]    <info>   Decompressed oplog delta (zstd): /home/primary/data/backup-incoming/chain-v1/20260620_015817/mongo/oplog_delta.json.zst -> /home/primary/data/backup-incoming/mongo/oplog_delta.20260620_015817.json bytes=1162214
[2026-06-20T09:01:12+07:00] [MONGO]    <info>   Decompressed oplog delta (zstd): /home/primary/data/backup-incoming/chain-v1/20260620_021928/mongo/oplog_delta.json.zst -> /home/primary/data/backup-incoming/mongo/oplog_delta.20260620_021928.json bytes=2058939
[2026-06-20T09:01:12+07:00] [MONGO]    <info>   Decompressed oplog delta (zstd): /home/primary/data/backup-incoming/chain-v1/20260620_023941/mongo/oplog_delta.json.zst -> /home/primary/data/backup-incoming/mongo/oplog_delta.20260620_023941.json bytes=2029906
[2026-06-20T09:01:12+07:00] [MONGO]    <info>   Decompressed oplog delta (zstd): /home/primary/data/backup-incoming/chain-v1/20260620_025949/mongo/oplog_delta.json.zst -> /home/primary/data/backup-incoming/mongo/oplog_delta.20260620_025949.json bytes=2111255
[2026-06-20T09:01:12+07:00] [MONGO]    <info>   Decompressed oplog delta (zstd): /home/primary/data/backup-incoming/chain-v1/20260620_031956/mongo/oplog_delta.json.zst -> /home/primary/data/backup-incoming/mongo/oplog_delta.20260620_031956.json bytes=2006279
[2026-06-20T09:01:12+07:00] [MONGO]    <info>   Decompressed oplog delta (zstd): /home/primary/data/backup-incoming/chain-v1/20260620_034002/mongo/oplog_delta.json.zst -> /home/primary/data/backup-incoming/mongo/oplog_delta.20260620_034002.json bytes=2081618
[2026-06-20T09:01:12+07:00] [MONGO]    <info>   Decompressed oplog delta (zstd): /home/primary/data/backup-incoming/chain-v1/20260620_040010/mongo/oplog_delta.json.zst -> /home/primary/data/backup-incoming/mongo/oplog_delta.20260620_040010.json bytes=1937521
[2026-06-20T09:01:12+07:00] [MONGO]    <info>   Restored basebackup artifacts: files_copied=1 -> /home/primary/data/backup-incoming/mongo/basebackup
[2026-06-20T09:01:12+07:00] [RESTORE]  <info>   Done: out_root=/home/primary/data/backup-incoming pfc_chunks_applied=1881 verified_ok=1881 verified_fail=0 wal_merged_dir=/home/primary/data/backup-incoming/pg/merged_wal
[2026-06-20T09:01:12+07:00] [PROMOTE]  <info>   Starting as live stack: container=postgres_live port=5432
[2026-06-20T09:01:12+07:00] pg         <good>   polled → pg_events.csv
[2026-06-20T09:01:13+07:00] [CMD]      <info>   docker run --rm -u root -v /home/primary/data/transactional/postgres/data:/var/lib/postgresql/data -v /home/primary/data/backup-incoming/pg/basebackup/20260620_015817/base.tar:/base.tar:ro postgres:15-alpine sh -lc rm -rf /var/lib/postgresql/data/* && tar -xf /base.tar -C /var/lib/postgresql/data && chown -R postgres:postgres /var/lib/postgresql/data && touch /var/lib/postgresql/data/recovery.signal
[2026-06-20T09:01:17+07:00] [CMD]      <info>   docker rm -f postgres_live
[2026-06-20T09:01:17+07:00] mongo      <good>   polled → mongo_events.csv
[2026-06-20T09:01:17+07:00] unstr      <good>   polled → unstructured_events.csv
[2026-06-20T09:01:17+07:00] [CMD]      <info>   docker run -d --name postgres_live -p 5432:5432 -v /home/primary/data/transactional/postgres/data:/var/lib/postgresql/data -v /home/primary/data/backup-incoming/pg/merged_wal:/wal:ro postgres:15-alpine -c restore_command=cp /wal/%f %p
[2026-06-20T09:01:18+07:00] [PG][RESTORE] <info>   Started container=postgres_live host_port=5432 PGDATA=/home/primary/data/transactional/postgres/data merged_WAL=/home/primary/data/backup-incoming/pg/merged_wal
[2026-06-20T09:01:18+07:00] [PROMOTE]  <info>   Starting as live stack: container=mongodb_live port=27017
[2026-06-20T09:01:18+07:00] [CMD]      <info>   docker rm -f mongodb_live
[2026-06-20T09:01:20+07:00] [CMD]      <info>   docker run -d --name mongodb_live -p 27017:27017 -v /home/primary/data/transactional/mongo/data:/data/db mongo:7.0 --bind_ip_all
[2026-06-20T09:01:23+07:00] [MONGO][RESTORE] <info>   Started container=mongodb_live host_port=27017 data=/home/primary/data/transactional/mongo/data
[2026-06-20T09:01:23+07:00] [MONGO][OPLOG] <info>   Applying delta: /home/primary/data/backup-incoming/mongo/oplog_delta.20260620_015817.json
[2026-06-20T09:01:23+07:00] [CMD]      <info>   docker cp /home/primary/data/backup-incoming/mongo/oplog_delta.20260620_015817.json mongodb_live:/tmp/oplog_delta.json
[2026-06-20T09:01:27+07:00] pg         <good>   polled → pg_events.csv
[2026-06-20T09:01:27+07:00] [MONGO][OPLOG] <info>   APPLIED=841 SKIPPED=984 FAILED=0 | skipped_dup_insert=867 skipped_unsupported_update=0 skipped_cmd=0 | failed_i=0 failed_u=0 failed_d=0
[2026-06-20T09:01:27+07:00] [MONGO][OPLOG] <info>   Applying delta: /home/primary/data/backup-incoming/mongo/oplog_delta.20260620_021928.json
[2026-06-20T09:01:27+07:00] [CMD]      <info>   docker cp /home/primary/data/backup-incoming/mongo/oplog_delta.20260620_021928.json mongodb_live:/tmp/oplog_delta.json
[2026-06-20T09:01:29+07:00] mongo      <good>   polled → mongo_events.csv
[2026-06-20T09:01:29+07:00] unstr      <good>   polled → unstructured_events.csv
[2026-06-20T09:01:33+07:00] [MONGO][OPLOG] <info>   APPLIED=2838 SKIPPED=362 FAILED=0 | skipped_dup_insert=0 skipped_unsupported_update=0 skipped_cmd=0 | failed_i=0 failed_u=0 failed_d=0
[2026-06-20T09:01:33+07:00] [MONGO][OPLOG] <info>   Applying delta: /home/primary/data/backup-incoming/mongo/oplog_delta.20260620_023941.json
[2026-06-20T09:01:33+07:00] [CMD]      <info>   docker cp /home/primary/data/backup-incoming/mongo/oplog_delta.20260620_023941.json mongodb_live:/tmp/oplog_delta.json
[2026-06-20T09:01:38+07:00] [MONGO][OPLOG] <info>   APPLIED=2675 SKIPPED=447 FAILED=0 | skipped_dup_insert=0 skipped_unsupported_update=0 skipped_cmd=0 | failed_i=0 failed_u=0 failed_d=0
[2026-06-20T09:01:38+07:00] [MONGO][OPLOG] <info>   Applying delta: /home/primary/data/backup-incoming/mongo/oplog_delta.20260620_025949.json
[2026-06-20T09:01:38+07:00] [CMD]      <info>   docker cp /home/primary/data/backup-incoming/mongo/oplog_delta.20260620_025949.json mongodb_live:/tmp/oplog_delta.json
[2026-06-20T09:01:39+07:00] pg         <good>   polled → pg_events.csv
[2026-06-20T09:01:40+07:00] mongo      <good>   polled → mongo_events.csv
[2026-06-20T09:01:40+07:00] unstr      <good>   polled → unstructured_events.csv
[2026-06-20T09:01:43+07:00] [MONGO][OPLOG] <info>   APPLIED=2706 SKIPPED=483 FAILED=0 | skipped_dup_insert=0 skipped_unsupported_update=0 skipped_cmd=0 | failed_i=0 failed_u=0 failed_d=0
[2026-06-20T09:01:43+07:00] [MONGO][OPLOG] <info>   Applying delta: /home/primary/data/backup-incoming/mongo/oplog_delta.20260620_031956.json
[2026-06-20T09:01:43+07:00] [CMD]      <info>   docker cp /home/primary/data/backup-incoming/mongo/oplog_delta.20260620_031956.json mongodb_live:/tmp/oplog_delta.json
[2026-06-20T09:01:48+07:00] [MONGO][OPLOG] <info>   APPLIED=2441 SKIPPED=560 FAILED=0 | skipped_dup_insert=0 skipped_unsupported_update=0 skipped_cmd=0 | failed_i=0 failed_u=0 failed_d=0
[2026-06-20T09:01:48+07:00] [MONGO][OPLOG] <info>   Applying delta: /home/primary/data/backup-incoming/mongo/oplog_delta.20260620_034002.json
[2026-06-20T09:01:48+07:00] [CMD]      <info>   docker cp /home/primary/data/backup-incoming/mongo/oplog_delta.20260620_034002.json mongodb_live:/tmp/oplog_delta.json
[2026-06-20T09:01:50+07:00] pg         <good>   polled → pg_events.csv
[2026-06-20T09:01:51+07:00] mongo      <good>   polled → mongo_events.csv
[2026-06-20T09:01:51+07:00] unstr      <good>   polled → unstructured_events.csv
[2026-06-20T09:01:52+07:00] [MONGO][OPLOG] <info>   APPLIED=2670 SKIPPED=475 FAILED=0 | skipped_dup_insert=0 skipped_unsupported_update=0 skipped_cmd=0 | failed_i=0 failed_u=0 failed_d=0
[2026-06-20T09:01:52+07:00] [MONGO][OPLOG] <info>   Applying delta: /home/primary/data/backup-incoming/mongo/oplog_delta.20260620_040010.json
[2026-06-20T09:01:52+07:00] [CMD]      <info>   docker cp /home/primary/data/backup-incoming/mongo/oplog_delta.20260620_040010.json mongodb_live:/tmp/oplog_delta.json
[2026-06-20T09:01:56+07:00] [MONGO][OPLOG] <info>   APPLIED=2451 SKIPPED=475 FAILED=0 | skipped_dup_insert=0 skipped_unsupported_update=0 skipped_cmd=0 | failed_i=0 failed_u=0 failed_d=0
[2026-06-20T09:01:57+07:00] [PROMOTE]  <info>   Waiting for databases to finish recovery before starting LIVE stack...
[2026-06-20T09:01:57+07:00] [PROMOTE]  <info>   Waiting for Postgres WAL replay to complete...
[2026-06-20T09:01:57+07:00] [PROMOTE]  <info>   Postgres recovery complete.
[2026-06-20T09:01:57+07:00] [PROMOTE]  <info>   Stopping temporary restore containers...
[2026-06-20T09:01:57+07:00] [CMD]      <info>   docker rm -f postgres_live
[2026-06-20T09:01:57+07:00] [CMD]      <info>   docker rm -f mongodb_live
[2026-06-20T09:01:57+07:00] [PROMOTE]  <info>   Bringing up full LIVE stack via docker-compose (including generators)...
[2026-06-20T09:01:57+07:00] [CMD]      <info>   docker compose -f /home/primary/utilities/postgres/postgresql-manifest.yml up -d --force-recreate
[2026-06-20T09:02:01+07:00] pg         <good>   polled → pg_events.csv
[2026-06-20T09:02:01+07:00] mongo      <good>   polled → mongo_events.csv
[2026-06-20T09:02:01+07:00] unstr      <good>   polled → unstructured_events.csv
[2026-06-20T09:02:09+07:00] [CMD]      <info>   docker compose -f /home/primary/utilities/mongodb/mongodb-manifest.yml up -d --force-recreate
[2026-06-20T09:02:11+07:00] pg         <good>   polled → pg_events.csv
[2026-06-20T09:02:11+07:00] mongo      <good>   polled → mongo_events.csv
[2026-06-20T09:02:11+07:00] unstr      <good>   polled → unstructured_events.csv
[2026-06-20T09:02:21+07:00] [CMD]      <info>   docker compose -f /home/primary/utilities/unstructured/docker-compose.unstructured.yml up -d --force-recreate
[2026-06-20T09:02:22+07:00] pg         <good>   polled → pg_events.csv
[2026-06-20T09:02:24+07:00] mongo      <good>   polled → mongo_events.csv
[2026-06-20T09:02:24+07:00] unstr      <good>   polled → unstructured_events.csv
[2026-06-20T09:02:32+07:00] [PROMOTE]  <info>   LIVE stack successfully promoted and fully online!
[2026-06-20T09:02:34+07:00] pg         <good>   polled → pg_events.csv
[2026-06-20T09:02:35+07:00] mongo      <good>   polled → mongo_events.csv
[2026-06-20T09:02:35+07:00] unstr      <good>   polled → unstructured_events.csv
[2026-06-20T09:02:45+07:00] pg         <good>   polled → pg_events.csv
[2026-06-20T09:02:46+07:00] mongo      <good>   polled → mongo_events.csv
[2026-06-20T09:02:46+07:00] unstr      <good>   polled → unstructured_events.csv
[2026-06-20T09:02:56+07:00] pg         <good>   polled → pg_events.csv
[2026-06-20T09:02:57+07:00] mongo      <good>   polled → mongo_events.csv
[2026-06-20T09:02:57+07:00] unstr      <good>   polled → unstructured_events.csv
[2026-06-20T09:03:07+07:00] pg         <good>   polled → pg_events.csv
[2026-06-20T09:03:08+07:00] mongo      <good>   polled → mongo_events.csv
[2026-06-20T09:03:08+07:00] unstr      <good>   polled → unstructured_events.csv
[2026-06-20T09:03:18+07:00] pg         <good>   polled → pg_events.csv
[2026-06-20T09:03:19+07:00] mongo      <good>   polled → mongo_events.csv
[2026-06-20T09:03:19+07:00] unstr      <good>   polled → unstructured_events.csv
[2026-06-20T09:03:29+07:00] pg         <good>   polled → pg_events.csv
[2026-06-20T09:03:30+07:00] mongo      <good>   polled → mongo_events.csv
[2026-06-20T09:03:30+07:00] unstr      <good>   polled → unstructured_events.csv
[2026-06-20T09:03:40+07:00] pg         <good>   polled → pg_events.csv
[2026-06-20T09:03:41+07:00] mongo      <good>   polled → mongo_events.csv
[2026-06-20T09:03:41+07:00] unstr      <good>   polled → unstructured_events.csv
[2026-06-20T09:03:52+07:00] pg         <good>   polled → pg_events.csv
[2026-06-20T09:03:52+07:00] mongo      <good>   polled → mongo_events.csv
[2026-06-20T09:03:52+07:00] unstr      <good>   polled → unstructured_events.csv
[2026-06-20T09:04:03+07:00] pg         <good>   polled → pg_events.csv
[2026-06-20T09:04:04+07:00] mongo      <good>   polled → mongo_events.csv
[2026-06-20T09:04:04+07:00] unstr      <good>   polled → unstructured_events.csv
[2026-06-20T09:04:14+07:00] pg         <good>   polled → pg_events.csv
[2026-06-20T09:04:15+07:00] mongo      <good>   polled → mongo_events.csv
[2026-06-20T09:04:15+07:00] unstr      <good>   polled → unstructured_events.csv
[2026-06-20T09:04:18+0700] main       <log>    ━━━━━━━━━━━━━━━━━━━━━━━━━━━━━━━━━━━━━━━━━━━━━━━━━━━━━━━━━━━━━
[2026-06-20T09:04:18+0700] main       <log>    VM1 → VM2 Restore Request
[2026-06-20T09:04:18+0700] main       <log>      version : chain-v2
[2026-06-20T09:04:18+0700] main       <log>      chain   : 7
[2026-06-20T09:04:18+0700] main       <log>      source  : local
[2026-06-20T09:04:18+0700] main       <log>      push→vm1: true
[2026-06-20T09:04:18+0700] main       <log>    ━━━━━━━━━━━━━━━━━━━━━━━━━━━━━━━━━━━━━━━━━━━━━━━━━━━━━━━━━━━━━
[2026-06-20T09:04:18+0700] main       <info>   Checking SSH to VM2 (recovery@192.168.10.129) …
[2026-06-20T09:04:18+0700] main       <good>   SSH OK
[2026-06-20T09:04:18+0700] main       <info>   Request ID: restore-1781921058-6253df
[2026-06-20T09:04:18+0700] main       <info>   Request JSON:
[2026-06-20T09:04:19+0700] main       <info>   Sending request to VM2 …
[2026-06-20T09:04:19+0700] main       <good>   Request dropped: /home/recovery/local-backup/restore-requests/restore-1781921058-6253df.json
[2026-06-20T09:04:19+0700] main       <info>   Polling VM2 for completion (timeout=600s, interval=3s) …
[2026-06-20T09:04:19+0700] main       <info>     Waiting for VM2 to pick up request… (0s elapsed)
[2026-06-20T09:04:23+0700] main       <info>     Waiting for VM2 to pick up request… (3s elapsed)
[2026-06-20T09:04:25+07:00] pg         <good>   polled → pg_events.csv
[2026-06-20T09:04:26+07:00] mongo      <good>   polled → mongo_events.csv
[2026-06-20T09:04:26+07:00] unstr      <good>   polled → unstructured_events.csv
[2026-06-20T09:04:26+0700] main       <info>     Waiting for VM2 to pick up request… (6s elapsed)
[2026-06-20T09:04:29+0700] main       <info>     Waiting for VM2 to pick up request… (9s elapsed)
[2026-06-20T09:04:33+0700] main       <info>     Waiting for VM2 to pick up request… (12s elapsed)
[2026-06-20T09:04:36+07:00] pg         <good>   polled → pg_events.csv
[2026-06-20T09:04:36+0700] main       <info>     VM2 is processing… (15s elapsed)
[2026-06-20T09:04:37+07:00] mongo      <good>   polled → mongo_events.csv
[2026-06-20T09:04:37+07:00] unstr      <good>   polled → unstructured_events.csv
[2026-06-20T09:04:40+0700] main       <info>     VM2 is processing… (18s elapsed)
[2026-06-20T09:04:43+0700] main       <info>     VM2 is processing… (21s elapsed)
[2026-06-20T09:04:47+0700] main       <info>     VM2 is processing… (24s elapsed)
[2026-06-20T09:04:47+07:00] pg         <good>   polled → pg_events.csv
[2026-06-20T09:04:49+07:00] mongo      <good>   polled → mongo_events.csv
[2026-06-20T09:04:49+07:00] unstr      <good>   polled → unstructured_events.csv
[2026-06-20T09:04:50+0700] main       <info>     VM2 is processing… (27s elapsed)
[2026-06-20T09:04:54+0700] main       <info>     VM2 is processing… (30s elapsed)
[2026-06-20T09:04:57+0700] main       <good>   VM2 restore complete.
[2026-06-20T09:04:57+0700] main       <info>   Cycles received in /home/primary/data/backup-incoming/chain-v2/:
[2026-06-20T09:04:57+0700] main       <good>   7 cycle(s) ready in backup-incoming
[2026-06-20T09:04:57+0700] main       <info>   Bumping chain version in state DB …
[2026-06-20T09:04:57+0700] main       <good>   Chain version bumped → chain-v5
[2026-06-20T09:04:57+0700] main       <info>   Next backup cycle will write to backup-cycles/chain-v5/
[2026-06-20T09:04:57+0700] main       <log>    ━━━━━━━━━━━━━━━━━━━━━━━━━━━━━━━━━━━━━━━━━━━━━━━━━━━━━━━━━━━━━
[2026-06-20T09:04:57+0700] main       <good>   Restore data is ready. Run this to replay into live DBs:
[2026-06-20T09:04:58+0700] main       <log>    ━━━━━━━━━━━━━━━━━━━━━━━━━━━━━━━━━━━━━━━━━━━━━━━━━━━━━━━━━━━━━
[2026-06-20T09:04:59+07:00] pg         <good>   polled → pg_events.csv
[2026-06-20T09:05:00+07:00] mongo      <good>   polled → mongo_events.csv
[2026-06-20T09:05:00+07:00] unstr      <good>   polled → unstructured_events.csv
[2026-06-20T09:05:10+07:00] pg         <good>   polled → pg_events.csv
[2026-06-20T09:05:11+07:00] mongo      <good>   polled → mongo_events.csv
[2026-06-20T09:05:11+07:00] unstr      <good>   polled → unstructured_events.csv
[2026-06-20T09:05:11+07:00] [SELECT]   <info>   Using explicit chain version: /home/primary/data/backup-incoming/chain-v2
[2026-06-20T09:05:11+07:00] [SELECT]   <info>   --chain 7: selecting first 7 of 7 cycles (oldest→newest): ['20260620_042019', '20260620_044113', '20260620_050121', '20260620_052130', '20260620_054138', '20260620_060147', '20260620_062153']
[2026-06-20T09:05:11+07:00] [RESTORE]  <info>   Base unstructured: /home/primary/data/unstructured
[2026-06-20T09:05:11+07:00] [RESTORE]  <info>   Output root:       /home/primary/data/backup-incoming
[2026-06-20T09:05:11+07:00] [RESTORE]  <info>   Cycles:            7
[2026-06-20T09:05:11+07:00] [VERIFY]   <info>   Verifying latest cycle: /home/primary/data/backup-incoming/chain-v2/20260620_062153 (raw=False)
[2026-06-20T09:05:11+07:00] [VERIFY]   <info>   OK
[2026-06-20T09:05:11+07:00] [PFC]      <info>   Base unstructured and out_unstructured are identical (/home/primary/data/unstructured). Applying deltas in-place.
[2026-06-20T09:05:11+07:00] [RESTORE]  <info>   Reading manifest: /home/primary/data/backup-incoming/chain-v2/20260620_042019/manifest.json
[2026-06-20T09:05:11+07:00] [PFC]      <info>   Extracting unstructured basebackup -> /home/primary/data/unstructured
[2026-06-20T09:05:11+07:00] [CMD]      <info>   tar -xzf /home/primary/data/backup-incoming/chain-v2/20260620_042019/unstructured/basebackup/base.tar.gz -C /home/primary/data/unstructured
[2026-06-20T09:05:21+07:00] [PFC]      <info>   Applying PFC deltas from /home/primary/data/backup-incoming/chain-v2/20260620_042019: count=56
[2026-06-20T09:05:21+07:00] [RESTORE]  <info>   Reading manifest: /home/primary/data/backup-incoming/chain-v2/20260620_044113/manifest.json
[2026-06-20T09:05:21+07:00] [PFC]      <info>   Applying PFC deltas from /home/primary/data/backup-incoming/chain-v2/20260620_044113: count=54
[2026-06-20T09:05:21+07:00] pg         <good>   polled → pg_events.csv
[2026-06-20T09:05:21+07:00] [RESTORE]  <info>   Reading manifest: /home/primary/data/backup-incoming/chain-v2/20260620_050121/manifest.json
[2026-06-20T09:05:21+07:00] [PFC]      <info>   Applying PFC deltas from /home/primary/data/backup-incoming/chain-v2/20260620_050121: count=121
[2026-06-20T09:05:22+07:00] [RESTORE]  <info>   Reading manifest: /home/primary/data/backup-incoming/chain-v2/20260620_052130/manifest.json
[2026-06-20T09:05:22+07:00] [PFC]      <info>   Applying PFC deltas from /home/primary/data/backup-incoming/chain-v2/20260620_052130: count=142
[2026-06-20T09:05:22+07:00] mongo      <good>   polled → mongo_events.csv
[2026-06-20T09:05:22+07:00] unstr      <good>   polled → unstructured_events.csv
[2026-06-20T09:05:23+07:00] [RESTORE]  <info>   Reading manifest: /home/primary/data/backup-incoming/chain-v2/20260620_054138/manifest.json
[2026-06-20T09:05:23+07:00] [PFC]      <info>   Applying PFC deltas from /home/primary/data/backup-incoming/chain-v2/20260620_054138: count=171
[2026-06-20T09:05:24+07:00] [RESTORE]  <info>   Reading manifest: /home/primary/data/backup-incoming/chain-v2/20260620_060147/manifest.json
[2026-06-20T09:05:24+07:00] [PFC]      <info>   Applying PFC deltas from /home/primary/data/backup-incoming/chain-v2/20260620_060147: count=60
[2026-06-20T09:05:24+07:00] [RESTORE]  <info>   Reading manifest: /home/primary/data/backup-incoming/chain-v2/20260620_062153/manifest.json
[2026-06-20T09:05:24+07:00] [PFC]      <info>   Applying PFC deltas from /home/primary/data/backup-incoming/chain-v2/20260620_062153: count=111
[2026-06-20T09:05:27+07:00] [PG][STAGE] <info>   Merged WAL from 7 cycle(s) into single stream: 31 files -> /home/primary/data/backup-incoming/pg/merged_wal
[2026-06-20T09:05:27+07:00] [PG]       <info>   Single-pass WAL staging: files=31 merged_dir=/home/primary/data/backup-incoming/pg/merged_wal
[2026-06-20T09:05:27+07:00] [PG]       <info>   Restored basebackup artifacts: files_copied=1 -> /home/primary/data/backup-incoming/pg/basebackup
[2026-06-20T09:05:27+07:00] [MONGO]    <info>   Decompressed oplog delta (zstd): /home/primary/data/backup-incoming/chain-v2/20260620_042019/mongo/oplog_delta.json.zst -> /home/primary/data/backup-incoming/mongo/oplog_delta.20260620_042019.json bytes=2127092
[2026-06-20T09:05:27+07:00] [MONGO]    <info>   Decompressed oplog delta (zstd): /home/primary/data/backup-incoming/chain-v2/20260620_044113/mongo/oplog_delta.json.zst -> /home/primary/data/backup-incoming/mongo/oplog_delta.20260620_044113.json bytes=1975914
[2026-06-20T09:05:27+07:00] [MONGO]    <info>   Decompressed oplog delta (zstd): /home/primary/data/backup-incoming/chain-v2/20260620_050121/mongo/oplog_delta.json.zst -> /home/primary/data/backup-incoming/mongo/oplog_delta.20260620_050121.json bytes=2120709
[2026-06-20T09:05:27+07:00] [MONGO]    <info>   Decompressed oplog delta (zstd): /home/primary/data/backup-incoming/chain-v2/20260620_052130/mongo/oplog_delta.json.zst -> /home/primary/data/backup-incoming/mongo/oplog_delta.20260620_052130.json bytes=1944374
[2026-06-20T09:05:27+07:00] [MONGO]    <info>   Decompressed oplog delta (zstd): /home/primary/data/backup-incoming/chain-v2/20260620_054138/mongo/oplog_delta.json.zst -> /home/primary/data/backup-incoming/mongo/oplog_delta.20260620_054138.json bytes=2158269
[2026-06-20T09:05:27+07:00] [MONGO]    <info>   Decompressed oplog delta (zstd): /home/primary/data/backup-incoming/chain-v2/20260620_060147/mongo/oplog_delta.json.zst -> /home/primary/data/backup-incoming/mongo/oplog_delta.20260620_060147.json bytes=1954241
[2026-06-20T09:05:27+07:00] [MONGO]    <info>   Decompressed oplog delta (zstd): /home/primary/data/backup-incoming/chain-v2/20260620_062153/mongo/oplog_delta.json.zst -> /home/primary/data/backup-incoming/mongo/oplog_delta.20260620_062153.json bytes=2118393
[2026-06-20T09:05:27+07:00] [MONGO]    <info>   Restored basebackup artifacts: files_copied=1 -> /home/primary/data/backup-incoming/mongo/basebackup
[2026-06-20T09:05:27+07:00] [RESTORE]  <info>   Done: out_root=/home/primary/data/backup-incoming pfc_chunks_applied=715 verified_ok=715 verified_fail=0 wal_merged_dir=/home/primary/data/backup-incoming/pg/merged_wal
[2026-06-20T09:05:27+07:00] [PROMOTE]  <info>   Starting as live stack: container=postgres_live port=5432
[2026-06-20T09:05:27+07:00] [CMD]      <info>   docker run --rm -u root -v /home/primary/data/transactional/postgres/data:/var/lib/postgresql/data -v /home/primary/data/backup-incoming/pg/basebackup/20260620_042019/base.tar:/base.tar:ro postgres:15-alpine sh -lc rm -rf /var/lib/postgresql/data/* && tar -xf /base.tar -C /var/lib/postgresql/data && chown -R postgres:postgres /var/lib/postgresql/data && touch /var/lib/postgresql/data/recovery.signal
[2026-06-20T09:05:29+07:00] [CMD]      <info>   docker rm -f postgres_live
[2026-06-20T09:05:29+07:00] [CMD]      <info>   docker run -d --name postgres_live -p 5432:5432 -v /home/primary/data/transactional/postgres/data:/var/lib/postgresql/data -v /home/primary/data/backup-incoming/pg/merged_wal:/wal:ro postgres:15-alpine -c restore_command=cp /wal/%f %p
[2026-06-20T09:05:30+07:00] [PG][RESTORE] <info>   Started container=postgres_live host_port=5432 PGDATA=/home/primary/data/transactional/postgres/data merged_WAL=/home/primary/data/backup-incoming/pg/merged_wal
[2026-06-20T09:05:30+07:00] [PROMOTE]  <info>   Starting as live stack: container=mongodb_live port=27017
[2026-06-20T09:05:30+07:00] [CMD]      <info>   docker rm -f mongodb_live
[2026-06-20T09:05:30+07:00] [CMD]      <info>   docker run -d --name mongodb_live -p 27017:27017 -v /home/primary/data/transactional/mongo/data:/data/db mongo:7.0 --bind_ip_all
[2026-06-20T09:05:33+07:00] pg         <good>   polled → pg_events.csv
[2026-06-20T09:05:33+07:00] [MONGO][RESTORE] <info>   Started container=mongodb_live host_port=27017 data=/home/primary/data/transactional/mongo/data
[2026-06-20T09:05:33+07:00] [MONGO][OPLOG] <info>   Applying delta: /home/primary/data/backup-incoming/mongo/oplog_delta.20260620_042019.json
[2026-06-20T09:05:33+07:00] [CMD]      <info>   docker cp /home/primary/data/backup-incoming/mongo/oplog_delta.20260620_042019.json mongodb_live:/tmp/oplog_delta.json
[2026-06-20T09:05:34+07:00] mongo      <good>   polled → mongo_events.csv
[2026-06-20T09:05:35+07:00] unstr      <good>   polled → unstructured_events.csv
[2026-06-20T09:05:39+07:00] [MONGO][OPLOG] <info>   APPLIED=1458 SKIPPED=1760 FAILED=0 | skipped_dup_insert=1298 skipped_unsupported_update=0 skipped_cmd=0 | failed_i=0 failed_u=0 failed_d=0
[2026-06-20T09:05:39+07:00] [MONGO][OPLOG] <info>   Applying delta: /home/primary/data/backup-incoming/mongo/oplog_delta.20260620_044113.json
[2026-06-20T09:05:39+07:00] [CMD]      <info>   docker cp /home/primary/data/backup-incoming/mongo/oplog_delta.20260620_044113.json mongodb_live:/tmp/oplog_delta.json
[2026-06-20T09:05:43+07:00] [MONGO][OPLOG] <info>   APPLIED=2521 SKIPPED=461 FAILED=0 | skipped_dup_insert=0 skipped_unsupported_update=0 skipped_cmd=0 | failed_i=0 failed_u=0 failed_d=0
[2026-06-20T09:05:43+07:00] [MONGO][OPLOG] <info>   Applying delta: /home/primary/data/backup-incoming/mongo/oplog_delta.20260620_050121.json
[2026-06-20T09:05:43+07:00] [CMD]      <info>   docker cp /home/primary/data/backup-incoming/mongo/oplog_delta.20260620_050121.json mongodb_live:/tmp/oplog_delta.json
[2026-06-20T09:05:45+07:00] pg         <good>   polled → pg_events.csv
[2026-06-20T09:05:46+07:00] mongo      <good>   polled → mongo_events.csv
[2026-06-20T09:05:46+07:00] unstr      <good>   polled → unstructured_events.csv
[2026-06-20T09:05:48+07:00] [MONGO][OPLOG] <info>   APPLIED=2747 SKIPPED=459 FAILED=0 | skipped_dup_insert=0 skipped_unsupported_update=0 skipped_cmd=0 | failed_i=0 failed_u=0 failed_d=0
[2026-06-20T09:05:48+07:00] [MONGO][OPLOG] <info>   Applying delta: /home/primary/data/backup-incoming/mongo/oplog_delta.20260620_052130.json
[2026-06-20T09:05:48+07:00] [CMD]      <info>   docker cp /home/primary/data/backup-incoming/mongo/oplog_delta.20260620_052130.json mongodb_live:/tmp/oplog_delta.json
[2026-06-20T09:05:52+07:00] [MONGO][OPLOG] <info>   APPLIED=2478 SKIPPED=458 FAILED=0 | skipped_dup_insert=0 skipped_unsupported_update=0 skipped_cmd=0 | failed_i=0 failed_u=0 failed_d=0
[2026-06-20T09:05:52+07:00] [MONGO][OPLOG] <info>   Applying delta: /home/primary/data/backup-incoming/mongo/oplog_delta.20260620_054138.json
[2026-06-20T09:05:52+07:00] [CMD]      <info>   docker cp /home/primary/data/backup-incoming/mongo/oplog_delta.20260620_054138.json mongodb_live:/tmp/oplog_delta.json
[2026-06-20T09:05:56+07:00] pg         <good>   polled → pg_events.csv
[2026-06-20T09:05:57+07:00] mongo      <good>   polled → mongo_events.csv
[2026-06-20T09:05:57+07:00] unstr      <good>   polled → unstructured_events.csv
[2026-06-20T09:05:58+07:00] [MONGO][OPLOG] <info>   APPLIED=2807 SKIPPED=457 FAILED=0 | skipped_dup_insert=0 skipped_unsupported_update=0 skipped_cmd=0 | failed_i=0 failed_u=0 failed_d=0
[2026-06-20T09:05:58+07:00] [MONGO][OPLOG] <info>   Applying delta: /home/primary/data/backup-incoming/mongo/oplog_delta.20260620_060147.json
[2026-06-20T09:05:58+07:00] [CMD]      <info>   docker cp /home/primary/data/backup-incoming/mongo/oplog_delta.20260620_060147.json mongodb_live:/tmp/oplog_delta.json
[2026-06-20T09:06:03+07:00] [MONGO][OPLOG] <info>   APPLIED=2501 SKIPPED=462 FAILED=0 | skipped_dup_insert=0 skipped_unsupported_update=0 skipped_cmd=0 | failed_i=0 failed_u=0 failed_d=0
[2026-06-20T09:06:03+07:00] [MONGO][OPLOG] <info>   Applying delta: /home/primary/data/backup-incoming/mongo/oplog_delta.20260620_062153.json
[2026-06-20T09:06:03+07:00] [CMD]      <info>   docker cp /home/primary/data/backup-incoming/mongo/oplog_delta.20260620_062153.json mongodb_live:/tmp/oplog_delta.json
[2026-06-20T09:06:07+07:00] [MONGO][OPLOG] <info>   APPLIED=2749 SKIPPED=449 FAILED=0 | skipped_dup_insert=0 skipped_unsupported_update=0 skipped_cmd=0 | failed_i=0 failed_u=0 failed_d=0
[2026-06-20T09:06:07+07:00] [PROMOTE]  <info>   Waiting for databases to finish recovery before starting LIVE stack...
[2026-06-20T09:06:07+07:00] [PROMOTE]  <info>   Waiting for Postgres WAL replay to complete...
[2026-06-20T09:06:07+07:00] pg         <good>   polled → pg_events.csv
[2026-06-20T09:06:07+07:00] [PROMOTE]  <info>   Postgres recovery complete.
[2026-06-20T09:06:07+07:00] [PROMOTE]  <info>   Stopping temporary restore containers...
[2026-06-20T09:06:07+07:00] [CMD]      <info>   docker rm -f postgres_live
[2026-06-20T09:06:08+07:00] [CMD]      <info>   docker rm -f mongodb_live
[2026-06-20T09:06:08+07:00] mongo      <good>   polled → mongo_events.csv
[2026-06-20T09:06:08+07:00] unstr      <good>   polled → unstructured_events.csv
[2026-06-20T09:06:08+07:00] [PROMOTE]  <info>   Bringing up full LIVE stack via docker-compose (including generators)...
[2026-06-20T09:06:08+07:00] [CMD]      <info>   docker compose -f /home/primary/utilities/postgres/postgresql-manifest.yml up -d --force-recreate
[2026-06-20T09:06:11+07:00] [CMD]      <info>   docker compose -f /home/primary/utilities/mongodb/mongodb-manifest.yml up -d --force-recreate
[2026-06-20T09:06:18+07:00] pg         <good>   polled → pg_events.csv
[2026-06-20T09:06:18+07:00] mongo      <good>   polled → mongo_events.csv
[2026-06-20T09:06:18+07:00] unstr      <good>   polled → unstructured_events.csv
[2026-06-20T09:06:23+07:00] [CMD]      <info>   docker compose -f /home/primary/utilities/unstructured/docker-compose.unstructured.yml up -d --force-recreate
[2026-06-20T09:06:28+07:00] pg         <good>   polled → pg_events.csv
[2026-06-20T09:06:29+07:00] mongo      <good>   polled → mongo_events.csv
[2026-06-20T09:06:29+07:00] unstr      <good>   polled → unstructured_events.csv
[2026-06-20T09:06:34+07:00] [PROMOTE]  <info>   LIVE stack successfully promoted and fully online!
[2026-06-20T09:06:39+07:00] pg         <good>   polled → pg_events.csv
[2026-06-20T09:06:40+07:00] mongo      <good>   polled → mongo_events.csv
[2026-06-20T09:06:40+07:00] unstr      <good>   polled → unstructured_events.csv
[2026-06-20T09:06:50+07:00] pg         <good>   polled → pg_events.csv
[2026-06-20T09:06:51+07:00] mongo      <good>   polled → mongo_events.csv
[2026-06-20T09:06:51+07:00] unstr      <good>   polled → unstructured_events.csv
[2026-06-20T09:07:01+07:00] pg         <good>   polled → pg_events.csv
[2026-06-20T09:07:02+07:00] mongo      <good>   polled → mongo_events.csv
[2026-06-20T09:07:02+07:00] unstr      <good>   polled → unstructured_events.csv
[2026-06-20T09:07:12+07:00] pg         <good>   polled → pg_events.csv
[2026-06-20T09:07:13+07:00] mongo      <good>   polled → mongo_events.csv
[2026-06-20T09:07:13+07:00] unstr      <good>   polled → unstructured_events.csv
[2026-06-20T09:07:23+07:00] pg         <good>   polled → pg_events.csv
[2026-06-20T09:07:24+07:00] mongo      <good>   polled → mongo_events.csv
[2026-06-20T09:07:24+07:00] unstr      <good>   polled → unstructured_events.csv
[2026-06-20T09:07:34+07:00] pg         <good>   polled → pg_events.csv
[2026-06-20T09:07:35+07:00] mongo      <good>   polled → mongo_events.csv
[2026-06-20T09:07:35+07:00] unstr      <good>   polled → unstructured_events.csv
[2026-06-20T09:07:46+07:00] pg         <good>   polled → pg_events.csv
[2026-06-20T09:07:47+07:00] mongo      <good>   polled → mongo_events.csv
[2026-06-20T09:07:47+07:00] unstr      <good>   polled → unstructured_events.csv
[2026-06-20T09:07:48+0700] main       <log>    ━━━━━━━━━━━━━━━━━━━━━━━━━━━━━━━━━━━━━━━━━━━━━━━━━━━━━━━━━━━━━
[2026-06-20T09:07:48+0700] main       <log>    VM1 → VM2 Restore Request
[2026-06-20T09:07:48+0700] main       <log>      version : chain-v3
[2026-06-20T09:07:48+0700] main       <log>      chain   : 7
[2026-06-20T09:07:48+0700] main       <log>      source  : general
[2026-06-20T09:07:48+0700] main       <log>      push→vm1: true
[2026-06-20T09:07:48+0700] main       <log>    ━━━━━━━━━━━━━━━━━━━━━━━━━━━━━━━━━━━━━━━━━━━━━━━━━━━━━━━━━━━━━
[2026-06-20T09:07:48+0700] main       <info>   Checking SSH to VM2 (recovery@192.168.10.129) …
[2026-06-20T09:07:49+0700] main       <good>   SSH OK
[2026-06-20T09:07:49+0700] main       <info>   Request ID: restore-1781921269-b1fa83
[2026-06-20T09:07:49+0700] main       <info>   Request JSON:
[2026-06-20T09:07:49+0700] main       <info>   Sending request to VM2 …
[2026-06-20T09:07:49+0700] main       <good>   Request dropped: /home/recovery/local-backup/restore-requests/restore-1781921269-b1fa83.json
[2026-06-20T09:07:49+0700] main       <info>   Polling VM2 for completion (timeout=600s, interval=3s) …
[2026-06-20T09:07:50+0700] main       <info>     Waiting for VM2 to pick up request… (0s elapsed)
[2026-06-20T09:07:53+0700] main       <info>     Waiting for VM2 to pick up request… (3s elapsed)
[2026-06-20T09:07:57+0700] main       <info>     Waiting for VM2 to pick up request… (6s elapsed)
[2026-06-20T09:08:00+0700] main       <info>     Waiting for VM2 to pick up request… (9s elapsed)
[2026-06-20T09:08:03+0700] main       <info>     Waiting for VM2 to pick up request… (12s elapsed)
[2026-06-20T09:08:07+0700] main       <info>     VM2 is processing… (15s elapsed)
[2026-06-20T09:08:10+0700] main       <info>     VM2 is processing… (18s elapsed)
[2026-06-20T09:08:13+0700] main       <info>     VM2 is processing… (21s elapsed)
[2026-06-20T09:08:17+0700] main       <info>     VM2 is processing… (24s elapsed)
[2026-06-20T09:08:20+0700] main       <info>     VM2 is processing… (27s elapsed)
[2026-06-20T09:08:24+0700] main       <info>     VM2 is processing… (30s elapsed)
[2026-06-20T09:08:27+0700] main       <info>     VM2 is processing… (33s elapsed)
[2026-06-20T09:08:30+07:00] pg         <good>   polled → pg_events.csv
[2026-06-20T09:08:31+0700] main       <info>     VM2 is processing… (36s elapsed)
[2026-06-20T09:08:31+07:00] mongo      <good>   polled → mongo_events.csv
[2026-06-20T09:08:31+07:00] unstr      <good>   polled → unstructured_events.csv
[2026-06-20T09:08:34+0700] main       <info>     VM2 is processing… (39s elapsed)
[2026-06-20T09:08:38+0700] main       <info>     VM2 is processing… (42s elapsed)
[2026-06-20T09:08:41+0700] main       <info>     VM2 is processing… (45s elapsed)
[2026-06-20T09:08:41+07:00] pg         <good>   polled → pg_events.csv
[2026-06-20T09:08:42+07:00] mongo      <good>   polled → mongo_events.csv
[2026-06-20T09:08:42+07:00] unstr      <good>   polled → unstructured_events.csv
[2026-06-20T09:08:45+0700] main       <info>     VM2 is processing… (48s elapsed)
[2026-06-20T09:08:48+0700] main       <info>     VM2 is processing… (51s elapsed)
[2026-06-20T09:08:52+0700] main       <info>     VM2 is processing… (54s elapsed)
[2026-06-20T09:08:52+07:00] pg         <good>   polled → pg_events.csv
[2026-06-20T09:08:54+07:00] mongo      <good>   polled → mongo_events.csv
[2026-06-20T09:08:54+07:00] unstr      <good>   polled → unstructured_events.csv
[2026-06-20T09:08:55+0700] main       <info>     VM2 is processing… (57s elapsed)
[2026-06-20T09:08:59+0700] main       <info>     VM2 is processing… (60s elapsed)
[2026-06-20T09:09:02+0700] main       <info>     VM2 is processing… (63s elapsed)
[2026-06-20T09:09:04+07:00] pg         <good>   polled → pg_events.csv
[2026-06-20T09:09:05+07:00] mongo      <good>   polled → mongo_events.csv
[2026-06-20T09:09:05+07:00] unstr      <good>   polled → unstructured_events.csv
[2026-06-20T09:09:06+0700] main       <info>     VM2 is processing… (66s elapsed)
[2026-06-20T09:09:09+0700] main       <info>     VM2 is processing… (69s elapsed)
[2026-06-20T09:09:13+0700] main       <info>     VM2 is processing… (72s elapsed)
[2026-06-20T09:09:15+07:00] pg         <good>   polled → pg_events.csv
[2026-06-20T09:09:16+07:00] mongo      <good>   polled → mongo_events.csv
[2026-06-20T09:09:16+07:00] unstr      <good>   polled → unstructured_events.csv
[2026-06-20T09:09:16+0700] main       <info>     VM2 is processing… (75s elapsed)
[2026-06-20T09:09:20+0700] main       <info>     VM2 is processing… (78s elapsed)
[2026-06-20T09:09:23+0700] main       <info>     VM2 is processing… (81s elapsed)
[2026-06-20T09:09:26+07:00] pg         <good>   polled → pg_events.csv
[2026-06-20T09:09:27+0700] main       <info>     VM2 is processing… (84s elapsed)
[2026-06-20T09:09:28+07:00] mongo      <good>   polled → mongo_events.csv
[2026-06-20T09:09:28+07:00] unstr      <good>   polled → unstructured_events.csv
[2026-06-20T09:09:30+0700] main       <info>     VM2 is processing… (87s elapsed)
[2026-06-20T09:09:34+0700] main       <info>     VM2 is processing… (90s elapsed)
[2026-06-20T09:09:37+0700] main       <info>     VM2 is processing… (93s elapsed)
[2026-06-20T09:09:38+07:00] pg         <good>   polled → pg_events.csv
[2026-06-20T09:09:39+07:00] mongo      <good>   polled → mongo_events.csv
[2026-06-20T09:09:39+07:00] unstr      <good>   polled → unstructured_events.csv
[2026-06-20T09:09:40+0700] main       <info>     VM2 is processing… (96s elapsed)
[2026-06-20T09:09:44+0700] main       <info>     VM2 is processing… (99s elapsed)
[2026-06-20T09:09:47+0700] main       <info>     VM2 is processing… (102s elapsed)
[2026-06-20T09:09:49+07:00] pg         <good>   polled → pg_events.csv
[2026-06-20T09:09:50+07:00] mongo      <good>   polled → mongo_events.csv
[2026-06-20T09:09:50+07:00] unstr      <good>   polled → unstructured_events.csv
[2026-06-20T09:09:51+0700] main       <info>     VM2 is processing… (105s elapsed)
[2026-06-20T09:09:55+0700] main       <info>     VM2 is processing… (108s elapsed)
[2026-06-20T09:09:58+0700] main       <info>     VM2 is processing… (111s elapsed)
[2026-06-20T09:10:00+07:00] pg         <good>   polled → pg_events.csv
[2026-06-20T09:10:01+07:00] mongo      <good>   polled → mongo_events.csv
[2026-06-20T09:10:01+07:00] unstr      <good>   polled → unstructured_events.csv
[2026-06-20T09:10:02+0700] main       <info>     VM2 is processing… (114s elapsed)
[2026-06-20T09:10:05+0700] main       <info>     VM2 is processing… (117s elapsed)
[2026-06-20T09:10:08+0700] main       <info>     VM2 is processing… (120s elapsed)
[2026-06-20T09:10:11+07:00] pg         <good>   polled → pg_events.csv
[2026-06-20T09:10:12+0700] main       <info>     VM2 is processing… (123s elapsed)
[2026-06-20T09:10:12+07:00] mongo      <good>   polled → mongo_events.csv
[2026-06-20T09:10:12+07:00] unstr      <good>   polled → unstructured_events.csv
[2026-06-20T09:10:15+0700] main       <info>     VM2 is processing… (126s elapsed)
[2026-06-20T09:10:19+0700] main       <info>     VM2 is processing… (129s elapsed)
[2026-06-20T09:10:22+0700] main       <info>     VM2 is processing… (132s elapsed)
[2026-06-20T09:10:22+07:00] pg         <good>   polled → pg_events.csv
[2026-06-20T09:10:23+07:00] mongo      <good>   polled → mongo_events.csv
[2026-06-20T09:10:23+07:00] unstr      <good>   polled → unstructured_events.csv
[2026-06-20T09:10:25+0700] main       <info>     VM2 is processing… (135s elapsed)
[2026-06-20T09:10:29+0700] main       <info>     VM2 is processing… (138s elapsed)
[2026-06-20T09:10:32+0700] main       <info>     VM2 is processing… (141s elapsed)
[2026-06-20T09:10:33+07:00] pg         <good>   polled → pg_events.csv
[2026-06-20T09:10:34+07:00] mongo      <good>   polled → mongo_events.csv
[2026-06-20T09:10:34+07:00] unstr      <good>   polled → unstructured_events.csv
[2026-06-20T09:10:36+0700] main       <info>     VM2 is processing… (144s elapsed)
[2026-06-20T09:10:39+0700] main       <info>     VM2 is processing… (147s elapsed)
[2026-06-20T09:10:43+0700] main       <info>     VM2 is processing… (150s elapsed)
[2026-06-20T09:10:44+07:00] pg         <good>   polled → pg_events.csv
[2026-06-20T09:10:45+07:00] mongo      <good>   polled → mongo_events.csv
[2026-06-20T09:10:45+07:00] unstr      <good>   polled → unstructured_events.csv
[2026-06-20T09:10:46+0700] main       <info>     VM2 is processing… (153s elapsed)
[2026-06-20T09:10:49+0700] main       <info>     VM2 is processing… (156s elapsed)
[2026-06-20T09:10:53+0700] main       <info>     VM2 is processing… (159s elapsed)
[2026-06-20T09:10:55+07:00] pg         <good>   polled → pg_events.csv
[2026-06-20T09:10:57+07:00] mongo      <good>   polled → mongo_events.csv
[2026-06-20T09:10:57+07:00] unstr      <good>   polled → unstructured_events.csv
[2026-06-20T09:10:57+0700] main       <info>     VM2 is processing… (162s elapsed)
[2026-06-20T09:11:00+0700] main       <info>     VM2 is processing… (165s elapsed)
[2026-06-20T09:11:04+0700] main       <info>     VM2 is processing… (168s elapsed)
[2026-06-20T09:11:07+07:00] pg         <good>   polled → pg_events.csv
[2026-06-20T09:11:07+0700] main       <info>     VM2 is processing… (171s elapsed)
[2026-06-20T09:11:08+07:00] mongo      <good>   polled → mongo_events.csv
[2026-06-20T09:11:08+07:00] unstr      <good>   polled → unstructured_events.csv
[2026-06-20T09:11:10+0700] main       <info>     VM2 is processing… (174s elapsed)
[2026-06-20T09:11:14+0700] main       <info>     VM2 is processing… (177s elapsed)
[2026-06-20T09:11:17+0700] main       <info>     VM2 is processing… (180s elapsed)
[2026-06-20T09:11:18+07:00] pg         <good>   polled → pg_events.csv
[2026-06-20T09:11:19+07:00] mongo      <good>   polled → mongo_events.csv
[2026-06-20T09:11:19+07:00] unstr      <good>   polled → unstructured_events.csv
[2026-06-20T09:11:21+0700] main       <info>     VM2 is processing… (183s elapsed)
[2026-06-20T09:11:24+0700] main       <info>     VM2 is processing… (186s elapsed)
[2026-06-20T09:11:27+0700] main       <info>     VM2 is processing… (189s elapsed)
[2026-06-20T09:11:29+07:00] pg         <good>   polled → pg_events.csv
[2026-06-20T09:11:30+07:00] mongo      <good>   polled → mongo_events.csv
[2026-06-20T09:11:30+07:00] unstr      <good>   polled → unstructured_events.csv
[2026-06-20T09:11:31+0700] main       <info>     VM2 is processing… (192s elapsed)
[2026-06-20T09:11:34+0700] main       <info>     VM2 is processing… (195s elapsed)
[2026-06-20T09:11:38+0700] main       <info>     VM2 is processing… (198s elapsed)
[2026-06-20T09:11:40+07:00] pg         <good>   polled → pg_events.csv
[2026-06-20T09:11:41+07:00] mongo      <good>   polled → mongo_events.csv
[2026-06-20T09:11:41+07:00] unstr      <good>   polled → unstructured_events.csv
[2026-06-20T09:11:41+0700] main       <info>     VM2 is processing… (201s elapsed)
[2026-06-20T09:11:45+0700] main       <info>     VM2 is processing… (204s elapsed)
[2026-06-20T09:11:48+0700] main       <info>     VM2 is processing… (207s elapsed)
[2026-06-20T09:11:51+07:00] pg         <good>   polled → pg_events.csv
[2026-06-20T09:11:51+0700] main       <info>     VM2 is processing… (210s elapsed)
[2026-06-20T09:11:52+07:00] mongo      <good>   polled → mongo_events.csv
[2026-06-20T09:11:52+07:00] unstr      <good>   polled → unstructured_events.csv
[2026-06-20T09:11:55+0700] main       <info>     VM2 is processing… (213s elapsed)
[2026-06-20T09:11:59+0700] main       <info>     VM2 is processing… (216s elapsed)
[2026-06-20T09:12:02+07:00] pg         <good>   polled → pg_events.csv
[2026-06-20T09:12:02+0700] main       <info>     VM2 is processing… (219s elapsed)
[2026-06-20T09:12:03+07:00] mongo      <good>   polled → mongo_events.csv
[2026-06-20T09:12:03+07:00] unstr      <good>   polled → unstructured_events.csv
[2026-06-20T09:12:06+0700] main       <info>     VM2 is processing… (222s elapsed)
[2026-06-20T09:12:09+0700] main       <info>     VM2 is processing… (225s elapsed)
[2026-06-20T09:12:12+0700] main       <info>     VM2 is processing… (228s elapsed)
[2026-06-20T09:12:13+07:00] pg         <good>   polled → pg_events.csv
[2026-06-20T09:12:14+07:00] mongo      <good>   polled → mongo_events.csv
[2026-06-20T09:12:14+07:00] unstr      <good>   polled → unstructured_events.csv
[2026-06-20T09:12:16+0700] main       <info>     VM2 is processing… (231s elapsed)
[2026-06-20T09:12:19+0700] main       <info>     VM2 is processing… (234s elapsed)
[2026-06-20T09:12:23+0700] main       <info>     VM2 is processing… (237s elapsed)
[2026-06-20T09:12:24+07:00] pg         <good>   polled → pg_events.csv
[2026-06-20T09:12:25+07:00] mongo      <good>   polled → mongo_events.csv
[2026-06-20T09:12:25+07:00] unstr      <good>   polled → unstructured_events.csv
[2026-06-20T09:12:26+0700] main       <info>     VM2 is processing… (240s elapsed)
[2026-06-20T09:12:29+0700] main       <info>     VM2 is processing… (243s elapsed)
[2026-06-20T09:12:33+0700] main       <info>     VM2 is processing… (246s elapsed)
[2026-06-20T09:12:35+07:00] pg         <good>   polled → pg_events.csv
[2026-06-20T09:12:36+07:00] mongo      <good>   polled → mongo_events.csv
[2026-06-20T09:12:36+07:00] unstr      <good>   polled → unstructured_events.csv
[2026-06-20T09:12:36+0700] main       <info>     VM2 is processing… (249s elapsed)
[2026-06-20T09:12:40+0700] main       <info>     VM2 is processing… (252s elapsed)
[2026-06-20T09:12:44+0700] main       <info>     VM2 is processing… (255s elapsed)
[2026-06-20T09:12:46+07:00] pg         <good>   polled → pg_events.csv
[2026-06-20T09:12:47+0700] main       <info>     VM2 is processing… (258s elapsed)
[2026-06-20T09:12:47+07:00] mongo      <good>   polled → mongo_events.csv
[2026-06-20T09:12:47+07:00] unstr      <good>   polled → unstructured_events.csv
[2026-06-20T09:12:51+0700] main       <info>     VM2 is processing… (261s elapsed)
[2026-06-20T09:12:54+0700] main       <info>     VM2 is processing… (264s elapsed)
[2026-06-20T09:12:57+0700] main       <info>     VM2 is processing… (267s elapsed)
[2026-06-20T09:12:57+07:00] pg         <good>   polled → pg_events.csv
[2026-06-20T09:12:58+07:00] mongo      <good>   polled → mongo_events.csv
[2026-06-20T09:12:58+07:00] unstr      <good>   polled → unstructured_events.csv
[2026-06-20T09:13:01+0700] main       <info>     VM2 is processing… (270s elapsed)
[2026-06-20T09:13:05+0700] main       <info>     VM2 is processing… (273s elapsed)
[2026-06-20T09:13:08+0700] main       <info>     VM2 is processing… (276s elapsed)
[2026-06-20T09:13:08+07:00] pg         <good>   polled → pg_events.csv
[2026-06-20T09:13:09+07:00] mongo      <good>   polled → mongo_events.csv
[2026-06-20T09:13:09+07:00] unstr      <good>   polled → unstructured_events.csv
[2026-06-20T09:13:11+0700] main       <info>     VM2 is processing… (279s elapsed)
[2026-06-20T09:13:15+0700] main       <info>     VM2 is processing… (282s elapsed)
[2026-06-20T09:13:18+0700] main       <info>     VM2 is processing… (285s elapsed)
[2026-06-20T09:13:19+07:00] pg         <good>   polled → pg_events.csv
[2026-06-20T09:13:21+07:00] mongo      <good>   polled → mongo_events.csv
[2026-06-20T09:13:21+07:00] unstr      <good>   polled → unstructured_events.csv
[2026-06-20T09:13:22+0700] main       <info>     VM2 is processing… (288s elapsed)
[2026-06-20T09:13:25+0700] main       <info>     VM2 is processing… (291s elapsed)
[2026-06-20T09:13:28+0700] main       <info>     VM2 is processing… (294s elapsed)
[2026-06-20T09:13:31+07:00] pg         <good>   polled → pg_events.csv
[2026-06-20T09:13:32+07:00] mongo      <good>   polled → mongo_events.csv
[2026-06-20T09:13:32+07:00] unstr      <good>   polled → unstructured_events.csv
[2026-06-20T09:13:32+0700] main       <info>     VM2 is processing… (297s elapsed)
[2026-06-20T09:13:35+0700] main       <info>     VM2 is processing… (300s elapsed)
[2026-06-20T09:13:39+0700] main       <info>     VM2 is processing… (303s elapsed)
[2026-06-20T09:13:42+07:00] pg         <good>   polled → pg_events.csv
[2026-06-20T09:13:42+0700] main       <info>     VM2 is processing… (306s elapsed)
[2026-06-20T09:13:43+07:00] mongo      <good>   polled → mongo_events.csv
[2026-06-20T09:13:43+07:00] unstr      <good>   polled → unstructured_events.csv
[2026-06-20T09:13:46+0700] main       <info>     VM2 is processing… (309s elapsed)
[2026-06-20T09:13:49+0700] main       <info>     VM2 is processing… (312s elapsed)
[2026-06-20T09:13:52+0700] main       <info>     VM2 is processing… (315s elapsed)
[2026-06-20T09:13:53+07:00] pg         <good>   polled → pg_events.csv
[2026-06-20T09:13:54+07:00] mongo      <good>   polled → mongo_events.csv
[2026-06-20T09:13:54+07:00] unstr      <good>   polled → unstructured_events.csv
[2026-06-20T09:13:56+0700] main       <info>     VM2 is processing… (318s elapsed)
[2026-06-20T09:13:59+0700] main       <info>     VM2 is processing… (321s elapsed)
[2026-06-20T09:14:03+0700] main       <info>     VM2 is processing… (324s elapsed)
[2026-06-20T09:14:04+07:00] pg         <good>   polled → pg_events.csv
[2026-06-20T09:14:05+07:00] mongo      <good>   polled → mongo_events.csv
[2026-06-20T09:14:05+07:00] unstr      <good>   polled → unstructured_events.csv
[2026-06-20T09:14:07+0700] main       <info>     VM2 is processing… (327s elapsed)
[2026-06-20T09:14:10+0700] main       <info>     VM2 is processing… (330s elapsed)
[2026-06-20T09:14:13+0700] main       <info>     VM2 is processing… (333s elapsed)
[2026-06-20T09:14:15+07:00] pg         <good>   polled → pg_events.csv
[2026-06-20T09:14:16+07:00] mongo      <good>   polled → mongo_events.csv
[2026-06-20T09:14:16+07:00] unstr      <good>   polled → unstructured_events.csv
[2026-06-20T09:14:17+0700] main       <info>     VM2 is processing… (336s elapsed)
[2026-06-20T09:14:20+0700] main       <info>     VM2 is processing… (339s elapsed)
[2026-06-20T09:14:24+0700] main       <info>     VM2 is processing… (342s elapsed)
[2026-06-20T09:14:26+07:00] pg         <good>   polled → pg_events.csv
[2026-06-20T09:14:27+07:00] mongo      <good>   polled → mongo_events.csv
[2026-06-20T09:14:27+07:00] unstr      <good>   polled → unstructured_events.csv
[2026-06-20T09:14:27+0700] main       <info>     VM2 is processing… (345s elapsed)
[2026-06-20T09:14:30+0700] main       <good>   VM2 restore complete.
[2026-06-20T09:14:30+0700] main       <info>   Cycles received in /home/primary/data/backup-incoming/chain-v3/:
[2026-06-20T09:14:30+0700] main       <good>   7 cycle(s) ready in backup-incoming
[2026-06-20T09:14:30+0700] main       <info>   Bumping chain version in state DB …
[2026-06-20T09:14:31+0700] main       <good>   Chain version bumped → chain-v6
[2026-06-20T09:14:31+0700] main       <info>   Next backup cycle will write to backup-cycles/chain-v6/
[2026-06-20T09:14:31+0700] main       <log>    ━━━━━━━━━━━━━━━━━━━━━━━━━━━━━━━━━━━━━━━━━━━━━━━━━━━━━━━━━━━━━
[2026-06-20T09:14:31+0700] main       <good>   Restore data is ready. Run this to replay into live DBs:
[2026-06-20T09:14:31+0700] main       <log>    ━━━━━━━━━━━━━━━━━━━━━━━━━━━━━━━━━━━━━━━━━━━━━━━━━━━━━━━━━━━━━
[2026-06-20T09:15:53+07:00] [SELECT]   <info>   Using explicit chain version: /home/primary/data/backup-incoming/chain-v3
[2026-06-20T09:15:53+07:00] [SELECT]   <info>   --chain 7: selecting first 7 of 7 cycles (oldest→newest): ['20260620_064159', '20260620_070259', '20260620_072308', '20260620_074316', '20260620_080325', '20260620_082334', '20260620_084341']
[2026-06-20T09:15:53+07:00] [RESTORE]  <info>   Base unstructured: /home/primary/data/unstructured
[2026-06-20T09:15:53+07:00] [RESTORE]  <info>   Output root:       /home/primary/data/backup-incoming
[2026-06-20T09:15:53+07:00] [RESTORE]  <info>   Cycles:            7
[2026-06-20T09:15:53+07:00] [VERIFY]   <info>   Verifying latest cycle: /home/primary/data/backup-incoming/chain-v3/20260620_084341 (raw=False)
[2026-06-20T09:15:53+07:00] [VERIFY]   <info>   OK
[2026-06-20T09:15:53+07:00] [PFC]      <info>   Base unstructured and out_unstructured are identical (/home/primary/data/unstructured). Applying deltas in-place.
[2026-06-20T09:15:53+07:00] [RESTORE]  <info>   Reading manifest: /home/primary/data/backup-incoming/chain-v3/20260620_064159/manifest.json
[2026-06-20T09:15:53+07:00] [PFC]      <info>   Extracting unstructured basebackup -> /home/primary/data/unstructured
[2026-06-20T09:15:53+07:00] [CMD]      <info>   tar -xzf /home/primary/data/backup-incoming/chain-v3/20260620_064159/unstructured/basebackup/base.tar.gz -C /home/primary/data/unstructured
[2026-06-20T09:16:05+07:00] [PFC]      <info>   Applying PFC deltas from /home/primary/data/backup-incoming/chain-v3/20260620_064159: count=117
[2026-06-20T09:16:06+07:00] [RESTORE]  <info>   Reading manifest: /home/primary/data/backup-incoming/chain-v3/20260620_070259/manifest.json
[2026-06-20T09:16:06+07:00] [PFC]      <info>   Applying PFC deltas from /home/primary/data/backup-incoming/chain-v3/20260620_070259: count=192
[2026-06-20T09:16:07+07:00] [RESTORE]  <info>   Reading manifest: /home/primary/data/backup-incoming/chain-v3/20260620_072308/manifest.json
[2026-06-20T09:16:07+07:00] [PFC]      <info>   Applying PFC deltas from /home/primary/data/backup-incoming/chain-v3/20260620_072308: count=94
[2026-06-20T09:16:07+07:00] [RESTORE]  <info>   Reading manifest: /home/primary/data/backup-incoming/chain-v3/20260620_074316/manifest.json
[2026-06-20T09:16:07+07:00] [PFC]      <info>   Applying PFC deltas from /home/primary/data/backup-incoming/chain-v3/20260620_074316: count=95
[2026-06-20T09:16:08+07:00] [RESTORE]  <info>   Reading manifest: /home/primary/data/backup-incoming/chain-v3/20260620_080325/manifest.json
[2026-06-20T09:16:08+07:00] [PFC]      <info>   Applying PFC deltas from /home/primary/data/backup-incoming/chain-v3/20260620_080325: count=72
[2026-06-20T09:16:08+07:00] [RESTORE]  <info>   Reading manifest: /home/primary/data/backup-incoming/chain-v3/20260620_082334/manifest.json
[2026-06-20T09:16:08+07:00] [PFC]      <info>   Applying PFC deltas from /home/primary/data/backup-incoming/chain-v3/20260620_082334: count=73
[2026-06-20T09:16:08+07:00] [RESTORE]  <info>   Reading manifest: /home/primary/data/backup-incoming/chain-v3/20260620_084341/manifest.json
[2026-06-20T09:16:08+07:00] [PFC]      <info>   Applying PFC deltas from /home/primary/data/backup-incoming/chain-v3/20260620_084341: count=60
[2026-06-20T09:16:11+07:00] [PG][STAGE] <info>   Merged WAL from 7 cycle(s) into single stream: 31 files -> /home/primary/data/backup-incoming/pg/merged_wal
[2026-06-20T09:16:11+07:00] [PG]       <info>   Single-pass WAL staging: files=31 merged_dir=/home/primary/data/backup-incoming/pg/merged_wal
[2026-06-20T09:16:11+07:00] [PG]       <info>   Restored basebackup artifacts: files_copied=1 -> /home/primary/data/backup-incoming/pg/basebackup
[2026-06-20T09:16:11+07:00] [MONGO]    <info>   Decompressed oplog delta (zstd): /home/primary/data/backup-incoming/chain-v3/20260620_064159/mongo/oplog_delta.json.zst -> /home/primary/data/backup-incoming/mongo/oplog_delta.20260620_064159.json bytes=2122055
[2026-06-20T09:16:11+07:00] [MONGO]    <info>   Decompressed oplog delta (zstd): /home/primary/data/backup-incoming/chain-v3/20260620_070259/mongo/oplog_delta.json.zst -> /home/primary/data/backup-incoming/mongo/oplog_delta.20260620_070259.json bytes=2053597
[2026-06-20T09:16:11+07:00] [MONGO]    <info>   Decompressed oplog delta (zstd): /home/primary/data/backup-incoming/chain-v3/20260620_072308/mongo/oplog_delta.json.zst -> /home/primary/data/backup-incoming/mongo/oplog_delta.20260620_072308.json bytes=1878324
[2026-06-20T09:16:11+07:00] [MONGO]    <info>   Decompressed oplog delta (zstd): /home/primary/data/backup-incoming/chain-v3/20260620_074316/mongo/oplog_delta.json.zst -> /home/primary/data/backup-incoming/mongo/oplog_delta.20260620_074316.json bytes=2059680
[2026-06-20T09:16:11+07:00] [MONGO]    <info>   Decompressed oplog delta (zstd): /home/primary/data/backup-incoming/chain-v3/20260620_080325/mongo/oplog_delta.json.zst -> /home/primary/data/backup-incoming/mongo/oplog_delta.20260620_080325.json bytes=2052066
[2026-06-20T09:16:11+07:00] [MONGO]    <info>   Decompressed oplog delta (zstd): /home/primary/data/backup-incoming/chain-v3/20260620_082334/mongo/oplog_delta.json.zst -> /home/primary/data/backup-incoming/mongo/oplog_delta.20260620_082334.json bytes=1977489
[2026-06-20T09:16:11+07:00] [MONGO]    <info>   Decompressed oplog delta (zstd): /home/primary/data/backup-incoming/chain-v3/20260620_084341/mongo/oplog_delta.json.zst -> /home/primary/data/backup-incoming/mongo/oplog_delta.20260620_084341.json bytes=1961506
[2026-06-20T09:16:11+07:00] [MONGO]    <info>   Restored basebackup artifacts: files_copied=1 -> /home/primary/data/backup-incoming/mongo/basebackup
[2026-06-20T09:16:11+07:00] [RESTORE]  <info>   Done: out_root=/home/primary/data/backup-incoming pfc_chunks_applied=703 verified_ok=703 verified_fail=0 wal_merged_dir=/home/primary/data/backup-incoming/pg/merged_wal
[2026-06-20T09:16:11+07:00] [PROMOTE]  <info>   Starting as live stack: container=postgres_live port=5432
[2026-06-20T09:16:12+07:00] [CMD]      <info>   docker run --rm -u root -v /home/primary/data/transactional/postgres/data:/var/lib/postgresql/data -v /home/primary/data/backup-incoming/pg/basebackup/20260620_064159/base.tar:/base.tar:ro postgres:15-alpine sh -lc rm -rf /var/lib/postgresql/data/* && tar -xf /base.tar -C /var/lib/postgresql/data && chown -R postgres:postgres /var/lib/postgresql/data && touch /var/lib/postgresql/data/recovery.signal
[2026-06-20T09:16:14+07:00] [CMD]      <info>   docker rm -f postgres_live
[2026-06-20T09:16:14+07:00] [CMD]      <info>   docker run -d --name postgres_live -p 5432:5432 -v /home/primary/data/transactional/postgres/data:/var/lib/postgresql/data -v /home/primary/data/backup-incoming/pg/merged_wal:/wal:ro postgres:15-alpine -c restore_command=cp /wal/%f %p
[2026-06-20T09:16:15+07:00] [PG][RESTORE] <info>   Started container=postgres_live host_port=5432 PGDATA=/home/primary/data/transactional/postgres/data merged_WAL=/home/primary/data/backup-incoming/pg/merged_wal
[2026-06-20T09:16:15+07:00] [PROMOTE]  <info>   Starting as live stack: container=mongodb_live port=27017
[2026-06-20T09:16:15+07:00] [CMD]      <info>   docker rm -f mongodb_live
[2026-06-20T09:16:16+07:00] [CMD]      <info>   docker run -d --name mongodb_live -p 27017:27017 -v /home/primary/data/transactional/mongo/data:/data/db mongo:7.0 --bind_ip_all
[2026-06-20T09:16:19+07:00] [MONGO][RESTORE] <info>   Started container=mongodb_live host_port=27017 data=/home/primary/data/transactional/mongo/data
[2026-06-20T09:16:19+07:00] [MONGO][OPLOG] <info>   Applying delta: /home/primary/data/backup-incoming/mongo/oplog_delta.20260620_064159.json
[2026-06-20T09:16:19+07:00] [CMD]      <info>   docker cp /home/primary/data/backup-incoming/mongo/oplog_delta.20260620_064159.json mongodb_live:/tmp/oplog_delta.json
[2026-06-20T09:16:24+07:00] [MONGO][OPLOG] <info>   APPLIED=1460 SKIPPED=1760 FAILED=0 | skipped_dup_insert=1296 skipped_unsupported_update=0 skipped_cmd=0 | failed_i=0 failed_u=0 failed_d=0
[2026-06-20T09:16:24+07:00] [MONGO][OPLOG] <info>   Applying delta: /home/primary/data/backup-incoming/mongo/oplog_delta.20260620_070259.json
[2026-06-20T09:16:24+07:00] [CMD]      <info>   docker cp /home/primary/data/backup-incoming/mongo/oplog_delta.20260620_070259.json mongodb_live:/tmp/oplog_delta.json
[2026-06-20T09:16:29+07:00] [MONGO][OPLOG] <info>   APPLIED=2641 SKIPPED=464 FAILED=0 | skipped_dup_insert=0 skipped_unsupported_update=0 skipped_cmd=0 | failed_i=0 failed_u=0 failed_d=0
[2026-06-20T09:16:29+07:00] [MONGO][OPLOG] <info>   Applying delta: /home/primary/data/backup-incoming/mongo/oplog_delta.20260620_072308.json
[2026-06-20T09:16:29+07:00] [CMD]      <info>   docker cp /home/primary/data/backup-incoming/mongo/oplog_delta.20260620_072308.json mongodb_live:/tmp/oplog_delta.json
[2026-06-20T09:16:33+07:00] [MONGO][OPLOG] <info>   APPLIED=2389 SKIPPED=452 FAILED=0 | skipped_dup_insert=0 skipped_unsupported_update=0 skipped_cmd=0 | failed_i=0 failed_u=0 failed_d=0
[2026-06-20T09:16:33+07:00] [MONGO][OPLOG] <info>   Applying delta: /home/primary/data/backup-incoming/mongo/oplog_delta.20260620_074316.json
[2026-06-20T09:16:33+07:00] [CMD]      <info>   docker cp /home/primary/data/backup-incoming/mongo/oplog_delta.20260620_074316.json mongodb_live:/tmp/oplog_delta.json
[2026-06-20T09:16:38+07:00] [MONGO][OPLOG] <info>   APPLIED=2651 SKIPPED=460 FAILED=0 | skipped_dup_insert=0 skipped_unsupported_update=0 skipped_cmd=0 | failed_i=0 failed_u=0 failed_d=0
[2026-06-20T09:16:38+07:00] [MONGO][OPLOG] <info>   Applying delta: /home/primary/data/backup-incoming/mongo/oplog_delta.20260620_080325.json
[2026-06-20T09:16:38+07:00] [CMD]      <info>   docker cp /home/primary/data/backup-incoming/mongo/oplog_delta.20260620_080325.json mongodb_live:/tmp/oplog_delta.json
[2026-06-20T09:16:42+07:00] [MONGO][OPLOG] <info>   APPLIED=2636 SKIPPED=468 FAILED=0 | skipped_dup_insert=0 skipped_unsupported_update=0 skipped_cmd=0 | failed_i=0 failed_u=0 failed_d=0
[2026-06-20T09:16:42+07:00] [MONGO][OPLOG] <info>   Applying delta: /home/primary/data/backup-incoming/mongo/oplog_delta.20260620_082334.json
[2026-06-20T09:16:42+07:00] [CMD]      <info>   docker cp /home/primary/data/backup-incoming/mongo/oplog_delta.20260620_082334.json mongodb_live:/tmp/oplog_delta.json
[2026-06-20T09:16:47+07:00] [MONGO][OPLOG] <info>   APPLIED=2530 SKIPPED=460 FAILED=0 | skipped_dup_insert=0 skipped_unsupported_update=0 skipped_cmd=0 | failed_i=0 failed_u=0 failed_d=0
[2026-06-20T09:16:47+07:00] [MONGO][OPLOG] <info>   Applying delta: /home/primary/data/backup-incoming/mongo/oplog_delta.20260620_084341.json
[2026-06-20T09:16:47+07:00] [CMD]      <info>   docker cp /home/primary/data/backup-incoming/mongo/oplog_delta.20260620_084341.json mongodb_live:/tmp/oplog_delta.json
[2026-06-20T09:16:51+07:00] [MONGO][OPLOG] <info>   APPLIED=2507 SKIPPED=459 FAILED=0 | skipped_dup_insert=0 skipped_unsupported_update=0 skipped_cmd=0 | failed_i=0 failed_u=0 failed_d=0
[2026-06-20T09:16:51+07:00] [PROMOTE]  <info>   Waiting for databases to finish recovery before starting LIVE stack...
[2026-06-20T09:16:51+07:00] [PROMOTE]  <info>   Waiting for Postgres WAL replay to complete...
[2026-06-20T09:16:51+07:00] [PROMOTE]  <info>   Postgres recovery complete.
[2026-06-20T09:16:51+07:00] [PROMOTE]  <info>   Stopping temporary restore containers...
[2026-06-20T09:16:51+07:00] [CMD]      <info>   docker rm -f postgres_live
[2026-06-20T09:16:52+07:00] [CMD]      <info>   docker rm -f mongodb_live
[2026-06-20T09:16:52+07:00] [PROMOTE]  <info>   Bringing up full LIVE stack via docker-compose (including generators)...
[2026-06-20T09:16:52+07:00] [CMD]      <info>   docker compose -f /home/primary/utilities/postgres/postgresql-manifest.yml up -d --force-recreate
[2026-06-20T09:17:04+07:00] [CMD]      <info>   docker compose -f /home/primary/utilities/mongodb/mongodb-manifest.yml up -d --force-recreate
[2026-06-20T09:17:16+07:00] [CMD]      <info>   docker compose -f /home/primary/utilities/unstructured/docker-compose.unstructured.yml up -d --force-recreate
[2026-06-20T09:17:26+07:00] [PROMOTE]  <info>   LIVE stack successfully promoted and fully online!
[2026-06-20T09:17:33+07:00] pg         <good>   polled → pg_events.csv
[2026-06-20T09:17:34+07:00] mongo      <good>   polled → mongo_events.csv
[2026-06-20T09:17:34+07:00] unstr      <good>   polled → unstructured_events.csv
[2026-06-20T09:17:44+07:00] pg         <good>   polled → pg_events.csv
[2026-06-20T09:17:45+07:00] mongo      <good>   polled → mongo_events.csv
[2026-06-20T09:17:45+07:00] unstr      <good>   polled → unstructured_events.csv
[2026-06-20T09:17:55+07:00] pg         <good>   polled → pg_events.csv
[2026-06-20T09:17:56+07:00] mongo      <good>   polled → mongo_events.csv
[2026-06-20T09:17:56+07:00] unstr      <good>   polled → unstructured_events.csv
[2026-06-20T09:18:06+07:00] pg         <good>   polled → pg_events.csv
[2026-06-20T09:18:07+07:00] mongo      <good>   polled → mongo_events.csv
[2026-06-20T09:18:07+07:00] unstr      <good>   polled → unstructured_events.csv
[2026-06-20T09:18:17+07:00] pg         <good>   polled → pg_events.csv
[2026-06-20T09:18:18+07:00] mongo      <good>   polled → mongo_events.csv
[2026-06-20T09:18:18+07:00] unstr      <good>   polled → unstructured_events.csv
[2026-06-20T09:18:28+07:00] pg         <good>   polled → pg_events.csv
[2026-06-20T09:18:29+07:00] mongo      <good>   polled → mongo_events.csv
[2026-06-20T09:18:29+07:00] unstr      <good>   polled → unstructured_events.csv
[2026-06-20T09:18:39+07:00] pg         <good>   polled → pg_events.csv
[2026-06-20T09:18:40+07:00] mongo      <good>   polled → mongo_events.csv
[2026-06-20T09:18:40+07:00] unstr      <good>   polled → unstructured_events.csv
[2026-06-20T09:18:50+07:00] pg         <good>   polled → pg_events.csv
[2026-06-20T09:18:51+07:00] mongo      <good>   polled → mongo_events.csv
[2026-06-20T09:18:51+07:00] unstr      <good>   polled → unstructured_events.csv
[2026-06-20T09:19:01+07:00] pg         <good>   polled → pg_events.csv
[2026-06-20T09:19:02+07:00] mongo      <good>   polled → mongo_events.csv
[2026-06-20T09:19:02+07:00] unstr      <good>   polled → unstructured_events.csv
[2026-06-20T09:19:12+07:00] pg         <good>   polled → pg_events.csv
[2026-06-20T09:19:14+07:00] mongo      <good>   polled → mongo_events.csv
[2026-06-20T09:19:14+07:00] unstr      <good>   polled → unstructured_events.csv
[2026-06-20T09:19:24+07:00] pg         <good>   polled → pg_events.csv
[2026-06-20T09:19:25+07:00] mongo      <good>   polled → mongo_events.csv
[2026-06-20T09:19:25+07:00] unstr      <good>   polled → unstructured_events.csv
[2026-06-20T09:19:35+07:00] pg         <good>   polled → pg_events.csv
[2026-06-20T09:19:36+07:00] mongo      <good>   polled → mongo_events.csv
[2026-06-20T09:19:36+07:00] unstr      <good>   polled → unstructured_events.csv
[2026-06-20T09:19:46+07:00] pg         <good>   polled → pg_events.csv
[2026-06-20T09:19:47+07:00] mongo      <good>   polled → mongo_events.csv
[2026-06-20T09:19:47+07:00] unstr      <good>   polled → unstructured_events.csv
[2026-06-20T09:19:57+07:00] pg         <good>   polled → pg_events.csv
[2026-06-20T09:19:58+07:00] mongo      <good>   polled → mongo_events.csv
[2026-06-20T09:19:58+07:00] unstr      <good>   polled → unstructured_events.csv
[2026-06-20T09:20:08+07:00] pg         <good>   polled → pg_events.csv
[2026-06-20T09:20:09+07:00] mongo      <good>   polled → mongo_events.csv
[2026-06-20T09:20:09+07:00] unstr      <good>   polled → unstructured_events.csv
[2026-06-20T09:20:19+07:00] pg         <good>   polled → pg_events.csv
[2026-06-20T09:20:21+07:00] mongo      <good>   polled → mongo_events.csv
[2026-06-20T09:20:21+07:00] unstr      <good>   polled → unstructured_events.csv
[2026-06-20T09:20:31+07:00] pg         <good>   polled → pg_events.csv
[2026-06-20T09:20:32+07:00] mongo      <good>   polled → mongo_events.csv
[2026-06-20T09:20:32+07:00] unstr      <good>   polled → unstructured_events.csv
[2026-06-20T09:20:42+07:00] pg         <good>   polled → pg_events.csv
[2026-06-20T09:20:42+07:00] mongo      <good>   polled → mongo_events.csv
[2026-06-20T09:20:42+07:00] unstr      <good>   polled → unstructured_events.csv
[2026-06-20T09:20:52+07:00] pg         <good>   polled → pg_events.csv
[2026-06-20T09:20:52+07:00] mongo      <good>   polled → mongo_events.csv
[2026-06-20T09:20:52+07:00] unstr      <good>   polled → unstructured_events.csv
[2026-06-20T09:21:02+07:00] pg         <good>   polled → pg_events.csv
[2026-06-20T09:21:02+07:00] mongo      <good>   polled → mongo_events.csv
[2026-06-20T09:21:02+07:00] unstr      <good>   polled → unstructured_events.csv
[2026-06-20T09:21:12+07:00] pg         <good>   polled → pg_events.csv
[2026-06-20T09:21:12+07:00] mongo      <good>   polled → mongo_events.csv
[2026-06-20T09:21:12+07:00] unstr      <good>   polled → unstructured_events.csv
[2026-06-20T09:21:22+07:00] pg         <good>   polled → pg_events.csv
[2026-06-20T09:21:22+07:00] mongo      <good>   polled → mongo_events.csv
[2026-06-20T09:21:22+07:00] unstr      <good>   polled → unstructured_events.csv
[2026-06-20T09:21:32+07:00] pg         <good>   polled → pg_events.csv
[2026-06-20T09:21:32+07:00] mongo      <good>   polled → mongo_events.csv
[2026-06-20T09:21:32+07:00] unstr      <good>   polled → unstructured_events.csv
[2026-06-20T09:21:42+07:00] pg         <good>   polled → pg_events.csv
[2026-06-20T09:21:42+07:00] mongo      <good>   polled → mongo_events.csv
[2026-06-20T09:21:42+07:00] unstr      <good>   polled → unstructured_events.csv
[2026-06-20T09:21:52+07:00] pg         <good>   polled → pg_events.csv
[2026-06-20T09:21:52+07:00] mongo      <good>   polled → mongo_events.csv
[2026-06-20T09:21:52+07:00] unstr      <good>   polled → unstructured_events.csv
[2026-06-20T09:22:02+07:00] pg         <good>   polled → pg_events.csv
[2026-06-20T09:22:02+07:00] mongo      <good>   polled → mongo_events.csv
[2026-06-20T09:22:02+07:00] unstr      <good>   polled → unstructured_events.csv
[2026-06-20T09:22:12+07:00] pg         <good>   polled → pg_events.csv
[2026-06-20T09:22:12+07:00] mongo      <good>   polled → mongo_events.csv
[2026-06-20T09:22:12+07:00] unstr      <good>   polled → unstructured_events.csv
[2026-06-20T09:22:22+07:00] pg         <good>   polled → pg_events.csv
[2026-06-20T09:22:22+07:00] mongo      <good>   polled → mongo_events.csv
[2026-06-20T09:22:22+07:00] unstr      <good>   polled → unstructured_events.csv
[2026-06-20T09:22:33+07:00] pg         <good>   polled → pg_events.csv
[2026-06-20T09:22:33+07:00] mongo      <good>   polled → mongo_events.csv
[2026-06-20T09:22:33+07:00] unstr      <good>   polled → unstructured_events.csv
