timestamp,status,products_total,users_total,orders_total,products_delta,users_delta,orders_delta,query_latency_ms
2026-06-20T01:59:16+07:00,ok,90,145,716,0,0,0,1634
2026-06-20T01:59:28+07:00,ok,90,145,716,0,0,0,863.7
2026-06-20T01:59:39+07:00,ok,90,145,716,0,0,0,852.4
2026-06-20T01:59:50+07:00,ok,90,145,716,0,0,0,993.1
2026-06-20T02:00:01+07:00,ok,100,150,766,10,5,50,976.8
2026-06-20T02:00:12+07:00,ok,100,150,766,0,0,0,884.5
2026-06-20T02:00:23+07:00,ok,100,150,766,0,0,0,819.9
2026-06-20T02:00:34+07:00,ok,100,150,766,0,0,0,888.2
2026-06-20T02:00:45+07:00,ok,100,150,766,0,0,0,874.5
2026-06-20T02:00:56+07:00,ok,100,150,766,0,0,0,971.7
2026-06-20T02:01:07+07:00,ok,106,164,832,6,14,66,907
2026-06-20T02:01:18+07:00,ok,106,164,832,0,0,0,923.9
2026-06-20T02:01:29+07:00,ok,106,164,832,0,0,0,847.8
2026-06-20T02:01:40+07:00,ok,106,164,832,0,0,0,787.6
2026-06-20T02:01:51+07:00,ok,106,164,832,0,0,0,835.5
2026-06-20T02:02:02+07:00,ok,109,170,891,3,6,59,840.6
2026-06-20T02:02:13+07:00,ok,109,170,891,0,0,0,868.4
2026-06-20T02:02:24+07:00,ok,109,170,891,0,0,0,831.3
2026-06-20T02:02:35+07:00,ok,109,170,891,0,0,0,902.3
2026-06-20T02:02:46+07:00,ok,109,170,891,0,0,0,848
2026-06-20T02:02:57+07:00,ok,109,170,891,0,0,0,847.5
2026-06-20T02:03:08+07:00,ok,117,179,959,8,9,68,883.7
2026-06-20T02:03:19+07:00,ok,117,179,959,0,0,0,893.5
2026-06-20T02:03:30+07:00,ok,117,179,959,0,0,0,864.7
2026-06-20T02:03:41+07:00,ok,117,179,959,0,0,0,861
2026-06-20T02:03:52+07:00,ok,117,179,959,0,0,0,883.7
2026-06-20T02:04:03+07:00,ok,121,188,1010,4,9,51,938.4
2026-06-20T02:04:14+07:00,ok,121,188,1010,0,0,0,946.5
2026-06-20T02:04:25+07:00,ok,121,188,1010,0,0,0,875
2026-06-20T02:04:36+07:00,ok,121,188,1010,0,0,0,1125.7
2026-06-20T02:04:47+07:00,ok,121,188,1010,0,0,0,969.8
2026-06-20T02:04:58+07:00,ok,121,188,1010,0,0,0,1077.1
2026-06-20T02:05:10+07:00,ok,130,196,1054,9,8,44,1538
2026-06-20T02:05:21+07:00,ok,130,196,1054,0,0,0,1226.7
2026-06-20T02:05:33+07:00,ok,130,196,1054,0,0,0,1241.7
2026-06-20T02:05:44+07:00,ok,130,196,1054,0,0,0,920.2
2026-06-20T02:05:55+07:00,ok,130,196,1054,0,0,0,939
2026-06-20T02:06:06+07:00,ok,140,209,1082,10,13,28,1654.9
2026-06-20T02:06:18+07:00,ok,140,209,1089,0,0,7,892.2
2026-06-20T02:06:29+07:00,ok,140,209,1089,0,0,0,1029
2026-06-20T02:06:40+07:00,ok,140,209,1089,0,0,0,940.3
2026-06-20T02:06:51+07:00,ok,140,209,1089,0,0,0,1338.7
2026-06-20T02:07:03+07:00,ok,140,209,1089,0,0,0,926
2026-06-20T02:07:14+07:00,ok,148,224,1130,8,15,41,872.2
2026-06-20T02:07:25+07:00,ok,148,224,1130,0,0,0,993.8
2026-06-20T02:07:36+07:00,ok,148,224,1130,0,0,0,1380.5
2026-06-20T02:07:47+07:00,ok,148,224,1130,0,0,0,911.2
2026-06-20T02:07:58+07:00,ok,148,224,1130,0,0,0,997.2
2026-06-20T02:08:10+07:00,ok,148,224,1130,0,0,0,1134.8
2026-06-20T02:08:21+07:00,ok,154,236,1198,6,12,68,1206.6
2026-06-20T02:08:32+07:00,ok,154,236,1198,0,0,0,989.1
2026-06-20T02:08:43+07:00,ok,154,236,1198,0,0,0,928.1
2026-06-20T02:08:54+07:00,ok,154,236,1198,0,0,0,935.2
2026-06-20T02:09:05+07:00,ok,154,236,1198,0,0,0,909.7
2026-06-20T02:09:16+07:00,ok,159,250,1261,5,14,63,1171.4
2026-06-20T02:09:28+07:00,ok,159,250,1261,0,0,0,1172.8
2026-06-20T02:09:39+07:00,ok,159,250,1261,0,0,0,880.9
2026-06-20T02:09:50+07:00,ok,159,250,1261,0,0,0,843.2
2026-06-20T02:10:01+07:00,ok,159,250,1261,0,0,0,994.3
2026-06-20T02:10:12+07:00,ok,159,250,1261,0,0,0,842.6
2026-06-20T02:10:23+07:00,ok,169,257,1315,10,7,54,961.4
2026-06-20T02:10:34+07:00,ok,169,257,1315,0,0,0,959.1
2026-06-20T02:10:45+07:00,ok,169,257,1315,0,0,0,923.1
2026-06-20T02:10:56+07:00,ok,169,257,1315,0,0,0,987.7
2026-06-20T02:11:07+07:00,ok,169,257,1315,0,0,0,872.4
2026-06-20T02:11:18+07:00,ok,178,270,1385,9,13,70,876.1
2026-06-20T02:11:29+07:00,ok,178,270,1385,0,0,0,916.3
2026-06-20T02:11:40+07:00,ok,178,270,1385,0,0,0,1048.1
2026-06-20T02:11:51+07:00,ok,178,270,1385,0,0,0,1114.9
2026-06-20T02:12:03+07:00,ok,178,270,1385,0,0,0,926.7
2026-06-20T02:12:14+07:00,ok,178,270,1385,0,0,0,1078.5
2026-06-20T02:12:25+07:00,ok,181,275,1444,3,5,59,975.8
2026-06-20T02:12:36+07:00,ok,181,275,1444,0,0,0,963
2026-06-20T02:12:47+07:00,ok,181,275,1444,0,0,0,890.8
2026-06-20T02:12:58+07:00,ok,181,275,1444,0,0,0,1031.6
2026-06-20T02:13:09+07:00,ok,181,275,1444,0,0,0,856.6
2026-06-20T02:13:20+07:00,ok,186,288,1496,5,13,52,940.6
2026-06-20T02:13:31+07:00,ok,186,288,1496,0,0,0,750.1
2026-06-20T02:13:42+07:00,ok,186,288,1496,0,0,0,828.1
2026-06-20T02:13:53+07:00,ok,186,288,1496,0,0,0,820.9
2026-06-20T02:14:04+07:00,ok,186,288,1496,0,0,0,840.4
2026-06-20T02:14:15+07:00,ok,186,288,1496,0,0,0,821.9
2026-06-20T02:14:26+07:00,ok,194,302,1530,8,14,34,847
2026-06-20T02:14:37+07:00,ok,194,302,1530,0,0,0,893.7
2026-06-20T02:14:48+07:00,ok,194,302,1530,0,0,0,1023
2026-06-20T02:14:59+07:00,ok,194,302,1530,0,0,0,905.4
2026-06-20T02:15:10+07:00,ok,194,302,1530,0,0,0,859.3
2026-06-20T02:15:21+07:00,ok,194,302,1530,0,0,0,893.7
2026-06-20T02:15:32+07:00,ok,197,309,1589,3,7,59,851.3
2026-06-20T02:15:43+07:00,ok,197,309,1589,0,0,0,860.5
2026-06-20T02:15:54+07:00,ok,197,309,1589,0,0,0,966.7
2026-06-20T02:16:05+07:00,ok,197,309,1589,0,0,0,811.4
2026-06-20T02:16:16+07:00,ok,197,309,1589,0,0,0,855.7
2026-06-20T02:16:27+07:00,ok,204,324,1659,7,15,70,871.1
2026-06-20T02:16:38+07:00,ok,204,324,1659,0,0,0,893.8
2026-06-20T02:16:49+07:00,ok,204,324,1659,0,0,0,989
2026-06-20T02:17:00+07:00,ok,204,324,1659,0,0,0,1162.3
2026-06-20T02:17:11+07:00,ok,204,324,1659,0,0,0,1280
2026-06-20T02:17:23+07:00,ok,204,324,1659,0,0,0,1125.1
2026-06-20T02:17:34+07:00,ok,207,335,1708,3,11,49,945.3
2026-06-20T02:17:45+07:00,ok,207,335,1708,0,0,0,1014.3
2026-06-20T02:17:56+07:00,ok,207,335,1708,0,0,0,970.2
2026-06-20T02:18:07+07:00,ok,207,335,1708,0,0,0,993.1
2026-06-20T02:18:19+07:00,ok,207,335,1708,0,0,0,1035.6
2026-06-20T02:18:30+07:00,ok,213,350,1758,6,15,50,1232.7
2026-06-20T02:18:41+07:00,ok,213,350,1758,0,0,0,844.2
2026-06-20T02:18:52+07:00,ok,213,350,1758,0,0,0,935.8
2026-06-20T02:19:03+07:00,ok,213,350,1758,0,0,0,1795
2026-06-20T02:19:15+07:00,ok,213,350,1758,0,0,0,1310.7
2026-06-20T02:19:27+07:00,ok,213,350,1758,0,0,0,950.8
2026-06-20T02:19:38+07:00,ok,216,364,1789,3,14,31,1534.5
2026-06-20T02:19:49+07:00,ok,216,364,1789,0,0,0,915.5
2026-06-20T02:20:00+07:00,ok,216,364,1789,0,0,0,959.2
2026-06-20T02:20:11+07:00,ok,216,364,1789,0,0,0,876.3
2026-06-20T02:20:22+07:00,ok,216,364,1789,0,0,0,1177.2
2026-06-20T02:20:34+07:00,ok,226,373,1840,10,9,51,1207.5
2026-06-20T02:20:45+07:00,ok,226,373,1840,0,0,0,818.2
2026-06-20T02:20:56+07:00,ok,226,373,1840,0,0,0,1147.9
2026-06-20T02:21:07+07:00,ok,226,373,1840,0,0,0,962.8
2026-06-20T02:21:18+07:00,ok,226,373,1840,0,0,0,1008.5
2026-06-20T02:21:30+07:00,ok,226,373,1840,0,0,0,856.9
2026-06-20T02:21:41+07:00,ok,236,386,1904,10,13,64,985.8
2026-06-20T02:21:52+07:00,ok,236,386,1904,0,0,0,1074.9
2026-06-20T02:22:03+07:00,ok,236,386,1904,0,0,0,846.3
2026-06-20T02:22:14+07:00,ok,236,386,1904,0,0,0,872.8
2026-06-20T02:22:25+07:00,ok,236,386,1904,0,0,0,1118.3
2026-06-20T02:22:36+07:00,ok,236,386,1904,0,0,0,918.9
2026-06-20T02:22:47+07:00,ok,245,392,1969,9,6,65,851.7
2026-06-20T02:22:58+07:00,ok,245,392,1969,0,0,0,846.3
2026-06-20T02:23:09+07:00,ok,245,392,1969,0,0,0,826.1
2026-06-20T02:23:20+07:00,ok,245,392,1969,0,0,0,875.9
2026-06-20T02:23:31+07:00,ok,245,392,1969,0,0,0,818.8
2026-06-20T02:23:42+07:00,ok,250,398,2018,5,6,49,837.6
2026-06-20T02:23:53+07:00,ok,250,398,2018,0,0,0,898.8
2026-06-20T02:24:04+07:00,ok,250,398,2018,0,0,0,836.5
2026-06-20T02:24:15+07:00,ok,250,398,2018,0,0,0,917.8
2026-06-20T02:24:26+07:00,ok,250,398,2018,0,0,0,899.1
2026-06-20T02:24:37+07:00,ok,250,398,2018,0,0,0,902.6
2026-06-20T02:24:48+07:00,ok,259,405,2064,9,7,46,887.6
2026-06-20T02:24:59+07:00,ok,259,405,2064,0,0,0,884.2
2026-06-20T02:25:10+07:00,ok,259,405,2064,0,0,0,854.7
2026-06-20T02:25:21+07:00,ok,259,405,2064,0,0,0,920.2
2026-06-20T02:25:32+07:00,ok,259,405,2064,0,0,0,863.8
2026-06-20T02:25:43+07:00,ok,269,415,2133,10,10,69,894.4
2026-06-20T02:25:54+07:00,ok,269,415,2133,0,0,0,896.9
2026-06-20T02:26:05+07:00,ok,269,415,2133,0,0,0,989
2026-06-20T02:26:16+07:00,ok,269,415,2133,0,0,0,895.1
2026-06-20T02:26:27+07:00,ok,269,415,2133,0,0,0,889.7
2026-06-20T02:26:38+07:00,ok,269,415,2133,0,0,0,903
2026-06-20T02:26:49+07:00,ok,278,428,2187,9,13,54,828.6
2026-06-20T02:27:00+07:00,ok,278,428,2187,0,0,0,834.2
2026-06-20T02:27:11+07:00,ok,278,428,2187,0,0,0,901.9
2026-06-20T02:27:22+07:00,ok,278,428,2187,0,0,0,866.7
2026-06-20T02:27:33+07:00,ok,278,428,2187,0,0,0,879.8
2026-06-20T02:27:44+07:00,ok,278,428,2187,0,0,0,883.4
2026-06-20T02:27:55+07:00,ok,288,441,2221,10,13,34,862.1
2026-06-20T02:28:06+07:00,ok,288,441,2221,0,0,0,925
2026-06-20T02:28:17+07:00,ok,288,441,2221,0,0,0,925.6
2026-06-20T02:28:28+07:00,ok,288,441,2221,0,0,0,904.8
2026-06-20T02:28:39+07:00,ok,288,441,2221,0,0,0,947.7
2026-06-20T02:28:50+07:00,ok,293,456,2260,5,15,39,875.8
2026-06-20T02:29:01+07:00,ok,293,456,2260,0,0,0,784.4
2026-06-20T02:29:12+07:00,ok,293,456,2260,0,0,0,828.4
2026-06-20T02:29:23+07:00,ok,293,456,2260,0,0,0,839.5
2026-06-20T02:29:34+07:00,ok,293,456,2260,0,0,0,899.1
2026-06-20T02:29:45+07:00,ok,293,456,2260,0,0,0,927.4
2026-06-20T02:29:56+07:00,ok,301,462,2328,8,6,68,876.3
2026-06-20T02:30:07+07:00,ok,301,462,2328,0,0,0,940.1
2026-06-20T02:30:18+07:00,ok,301,462,2328,0,0,0,894.8
2026-06-20T02:30:29+07:00,ok,301,462,2328,0,0,0,938.4
2026-06-20T02:30:40+07:00,ok,301,462,2328,0,0,0,888.9
2026-06-20T02:30:51+07:00,ok,305,469,2375,4,7,47,951.1
2026-06-20T02:31:02+07:00,ok,305,469,2375,0,0,0,866.1
2026-06-20T02:31:13+07:00,ok,305,469,2375,0,0,0,819.6
2026-06-20T02:31:24+07:00,ok,305,469,2375,0,0,0,845.7
2026-06-20T02:31:35+07:00,ok,305,469,2375,0,0,0,866.5
2026-06-20T02:31:46+07:00,ok,305,469,2375,0,0,0,854.9
2026-06-20T02:31:57+07:00,ok,313,484,2425,8,15,50,903.3
2026-06-20T02:32:08+07:00,ok,313,484,2425,0,0,0,843.4
2026-06-20T02:32:19+07:00,ok,313,484,2425,0,0,0,896.3
2026-06-20T02:32:30+07:00,ok,313,484,2425,0,0,0,886.2
2026-06-20T02:32:41+07:00,ok,313,484,2425,0,0,0,950.8
2026-06-20T02:32:52+07:00,ok,313,484,2425,0,0,0,1332.9
2026-06-20T02:33:03+07:00,ok,319,495,2464,6,11,39,893.6
2026-06-20T02:33:14+07:00,ok,319,495,2464,0,0,0,824.5
2026-06-20T02:33:25+07:00,ok,319,495,2464,0,0,0,872.8
2026-06-20T02:33:36+07:00,ok,319,495,2464,0,0,0,917
2026-06-20T02:33:47+07:00,ok,319,495,2464,0,0,0,875.2
2026-06-20T02:33:58+07:00,ok,326,502,2533,7,7,69,817.2
2026-06-20T02:34:09+07:00,ok,326,502,2533,0,0,0,830.7
2026-06-20T02:34:20+07:00,ok,326,502,2533,0,0,0,921
2026-06-20T02:34:31+07:00,ok,326,502,2533,0,0,0,846.1
2026-06-20T02:34:42+07:00,ok,326,502,2533,0,0,0,828
2026-06-20T02:34:53+07:00,ok,326,502,2533,0,0,0,803.7
2026-06-20T02:35:04+07:00,ok,333,512,2567,7,10,34,824.8
2026-06-20T02:35:15+07:00,ok,333,512,2567,0,0,0,822.8
2026-06-20T02:35:26+07:00,ok,333,512,2567,0,0,0,889.6
2026-06-20T02:35:37+07:00,ok,333,512,2567,0,0,0,829.4
2026-06-20T02:35:48+07:00,ok,333,512,2567,0,0,0,866.7
2026-06-20T02:35:59+07:00,ok,339,526,2613,6,14,46,854.6
2026-06-20T02:36:10+07:00,ok,339,526,2613,0,0,0,809.9
2026-06-20T02:36:21+07:00,ok,339,526,2613,0,0,0,809.3
2026-06-20T02:36:31+07:00,ok,339,526,2613,0,0,0,712.5
2026-06-20T02:36:42+07:00,ok,339,526,2613,0,0,0,826.5
2026-06-20T02:36:53+07:00,ok,339,526,2613,0,0,0,852.9
2026-06-20T02:37:04+07:00,ok,343,531,2664,4,5,51,787.8
2026-06-20T02:37:15+07:00,ok,343,531,2664,0,0,0,794.2
2026-06-20T02:37:26+07:00,ok,343,531,2664,0,0,0,829
2026-06-20T02:37:37+07:00,ok,343,531,2664,0,0,0,820.2
2026-06-20T02:37:48+07:00,ok,343,531,2664,0,0,0,885.4
2026-06-20T02:37:59+07:00,ok,343,531,2664,0,0,0,1442.4
2026-06-20T02:38:10+07:00,ok,347,539,2711,4,8,47,946.3
2026-06-20T02:38:21+07:00,ok,347,539,2711,0,0,0,908.9
2026-06-20T02:38:32+07:00,ok,347,539,2711,0,0,0,948.6
2026-06-20T02:38:44+07:00,ok,347,539,2711,0,0,0,845.7
2026-06-20T02:38:55+07:00,ok,347,539,2711,0,0,0,1018.5
2026-06-20T02:39:06+07:00,ok,357,551,2767,10,12,56,1023
2026-06-20T02:39:17+07:00,ok,357,551,2767,0,0,0,1163.4
2026-06-20T02:39:28+07:00,ok,357,551,2767,0,0,0,966.7
2026-06-20T02:39:39+07:00,ok,357,551,2767,0,0,0,931.8
2026-06-20T02:39:50+07:00,ok,357,551,2767,0,0,0,942.5
2026-06-20T02:40:01+07:00,ok,357,551,2767,0,0,0,952.9
2026-06-20T02:40:12+07:00,ok,364,556,2813,7,5,46,939.6
2026-06-20T02:40:23+07:00,ok,364,556,2813,0,0,0,973.5
2026-06-20T02:40:34+07:00,ok,364,556,2813,0,0,0,1005.4
2026-06-20T02:40:46+07:00,ok,364,556,2813,0,0,0,903.2
2026-06-20T02:40:57+07:00,ok,364,556,2813,0,0,0,934.9
2026-06-20T02:41:08+07:00,ok,372,562,2864,8,6,51,902.8
2026-06-20T02:41:19+07:00,ok,372,562,2864,0,0,0,939.1
2026-06-20T02:41:30+07:00,ok,372,562,2864,0,0,0,950.9
2026-06-20T02:41:41+07:00,ok,372,562,2864,0,0,0,872.5
2026-06-20T02:41:52+07:00,ok,372,562,2864,0,0,0,1058.4
2026-06-20T02:42:03+07:00,ok,372,562,2864,0,0,0,956.3
2026-06-20T02:42:14+07:00,ok,376,576,2896,4,14,32,948.5
2026-06-20T02:42:25+07:00,ok,376,576,2896,0,0,0,890
2026-06-20T02:42:36+07:00,ok,376,576,2896,0,0,0,823.5
2026-06-20T02:42:47+07:00,ok,376,576,2896,0,0,0,908.4
2026-06-20T02:42:58+07:00,ok,376,576,2896,0,0,0,956.8
2026-06-20T02:43:09+07:00,ok,386,586,2950,10,10,54,1336.3
2026-06-20T02:43:21+07:00,ok,386,586,2950,0,0,0,901.5
2026-06-20T02:43:32+07:00,ok,386,586,2950,0,0,0,908.6
2026-06-20T02:43:43+07:00,ok,386,586,2950,0,0,0,935.4
2026-06-20T02:43:54+07:00,ok,386,586,2950,0,0,0,985
2026-06-20T02:44:05+07:00,ok,386,586,2950,0,0,0,943.8
2026-06-20T02:44:16+07:00,ok,395,595,3017,9,9,67,936.8
2026-06-20T02:44:27+07:00,ok,395,595,3017,0,0,0,920
2026-06-20T02:44:38+07:00,ok,395,595,3017,0,0,0,994.8
2026-06-20T02:44:49+07:00,ok,395,595,3017,0,0,0,917.1
2026-06-20T02:45:00+07:00,ok,395,595,3017,0,0,0,889.7
2026-06-20T02:45:11+07:00,ok,395,595,3017,0,0,0,866.1
2026-06-20T02:45:22+07:00,ok,405,602,3049,10,7,32,957.8
2026-06-20T02:45:33+07:00,ok,405,602,3049,0,0,0,1065.9
2026-06-20T02:45:44+07:00,ok,405,602,3049,0,0,0,870.5
2026-06-20T02:45:55+07:00,ok,405,602,3049,0,0,0,871.4
2026-06-20T02:46:06+07:00,ok,405,602,3049,0,0,0,839.7
2026-06-20T02:46:17+07:00,ok,409,615,3100,4,13,51,977.2
2026-06-20T02:46:28+07:00,ok,409,615,3100,0,0,0,871.1
2026-06-20T02:46:39+07:00,ok,409,615,3100,0,0,0,891.5
2026-06-20T02:46:50+07:00,ok,409,615,3100,0,0,0,938.8
2026-06-20T02:47:01+07:00,ok,409,615,3100,0,0,0,972.1
2026-06-20T02:47:12+07:00,ok,409,615,3100,0,0,0,807.3
2026-06-20T02:47:23+07:00,ok,413,620,3141,4,5,41,963.8
2026-06-20T02:47:34+07:00,ok,413,620,3141,0,0,0,847.8
2026-06-20T02:47:45+07:00,ok,413,620,3141,0,0,0,899.4
2026-06-20T02:47:56+07:00,ok,413,620,3141,0,0,0,921.3
2026-06-20T02:48:07+07:00,ok,413,620,3141,0,0,0,967.5
2026-06-20T02:48:19+07:00,ok,416,633,3189,3,13,48,1074.7
2026-06-20T02:48:30+07:00,ok,416,633,3189,0,0,0,1062.5
2026-06-20T02:48:41+07:00,ok,416,633,3189,0,0,0,891.3
2026-06-20T02:48:52+07:00,ok,416,633,3189,0,0,0,1033.2
2026-06-20T02:49:03+07:00,ok,416,633,3189,0,0,0,967.4
2026-06-20T02:49:14+07:00,ok,416,633,3189,0,0,0,861.7
2026-06-20T02:49:25+07:00,ok,424,642,3229,8,9,40,1006.2
2026-06-20T02:49:36+07:00,ok,424,642,3229,0,0,0,862.7
2026-06-20T02:49:47+07:00,ok,424,642,3229,0,0,0,935.8
2026-06-20T02:49:58+07:00,ok,424,642,3229,0,0,0,853.3
2026-06-20T02:50:09+07:00,ok,424,642,3229,0,0,0,886.6
2026-06-20T02:50:20+07:00,ok,424,642,3229,0,0,0,985.3
2026-06-20T02:50:31+07:00,ok,432,654,3280,8,12,51,988.4
2026-06-20T02:50:42+07:00,ok,432,654,3280,0,0,0,926.4
2026-06-20T02:50:53+07:00,ok,432,654,3280,0,0,0,963.4
2026-06-20T02:51:05+07:00,ok,432,654,3280,0,0,0,994
2026-06-20T02:51:16+07:00,ok,432,654,3280,0,0,0,845.7
2026-06-20T02:51:27+07:00,ok,442,667,3328,10,13,48,911.7
2026-06-20T02:51:38+07:00,ok,442,667,3328,0,0,0,923.1
2026-06-20T02:51:49+07:00,ok,442,667,3328,0,0,0,858.3
2026-06-20T02:52:00+07:00,ok,442,667,3328,0,0,0,947.5
2026-06-20T02:52:11+07:00,ok,442,667,3328,0,0,0,994.3
2026-06-20T02:52:22+07:00,ok,442,667,3328,0,0,0,888.8
2026-06-20T02:52:33+07:00,ok,452,681,3370,10,14,42,820.3
2026-06-20T02:52:44+07:00,ok,452,681,3370,0,0,0,900.3
2026-06-20T02:52:55+07:00,ok,452,681,3370,0,0,0,1034.7
2026-06-20T02:53:06+07:00,ok,452,681,3370,0,0,0,960.7
2026-06-20T02:53:17+07:00,ok,452,681,3370,0,0,0,1095.8
2026-06-20T02:53:28+07:00,ok,458,692,3421,6,11,51,803.1
2026-06-20T02:53:39+07:00,ok,458,692,3421,0,0,0,937.5
2026-06-20T02:53:50+07:00,ok,458,692,3421,0,0,0,954.3
2026-06-20T02:54:01+07:00,ok,458,692,3421,0,0,0,857.8
2026-06-20T02:54:12+07:00,ok,458,692,3421,0,0,0,923
2026-06-20T02:54:23+07:00,ok,458,692,3421,0,0,0,886.5
2026-06-20T02:54:34+07:00,ok,464,704,3479,6,12,58,964.6
2026-06-20T02:54:45+07:00,ok,464,704,3479,0,0,0,977.4
2026-06-20T02:54:56+07:00,ok,464,704,3479,0,0,0,847.6
2026-06-20T02:55:07+07:00,ok,464,704,3479,0,0,0,924.5
2026-06-20T02:55:18+07:00,ok,464,704,3479,0,0,0,918.4
2026-06-20T02:55:29+07:00,ok,464,704,3479,0,0,0,1028
2026-06-20T02:55:41+07:00,ok,469,709,3543,5,5,64,927.6
2026-06-20T02:55:52+07:00,ok,469,709,3543,0,0,0,944.1
2026-06-20T02:56:03+07:00,ok,469,709,3543,0,0,0,923.5
2026-06-20T02:56:14+07:00,ok,469,709,3543,0,0,0,884.4
2026-06-20T02:56:25+07:00,ok,469,709,3543,0,0,0,935.1
2026-06-20T02:56:36+07:00,ok,476,721,3577,7,12,34,991.4
2026-06-20T02:56:47+07:00,ok,476,721,3577,0,0,0,965.6
2026-06-20T02:56:58+07:00,ok,476,721,3577,0,0,0,956.7
2026-06-20T02:57:09+07:00,ok,476,721,3577,0,0,0,880.2
2026-06-20T02:57:20+07:00,ok,476,721,3577,0,0,0,943
2026-06-20T02:57:31+07:00,ok,476,721,3577,0,0,0,870.5
2026-06-20T02:57:42+07:00,ok,483,732,3639,7,11,62,956.7
2026-06-20T02:57:53+07:00,ok,483,732,3639,0,0,0,948.5
2026-06-20T02:58:04+07:00,ok,483,732,3639,0,0,0,1108.4
2026-06-20T02:58:15+07:00,ok,483,732,3639,0,0,0,904.7
2026-06-20T02:58:26+07:00,ok,483,732,3639,0,0,0,857.7
2026-06-20T02:58:37+07:00,ok,493,740,3709,10,8,70,812.5
2026-06-20T02:58:48+07:00,ok,493,740,3709,0,0,0,841.5
2026-06-20T02:58:59+07:00,ok,493,740,3709,0,0,0,1006.2
2026-06-20T02:59:10+07:00,ok,493,740,3709,0,0,0,840.1
2026-06-20T02:59:21+07:00,ok,493,740,3709,0,0,0,1014.4
2026-06-20T02:59:33+07:00,ok,493,740,3709,0,0,0,910.7
2026-06-20T02:59:44+07:00,ok,500,753,3779,7,13,70,1045.1
2026-06-20T02:59:55+07:00,ok,500,753,3779,0,0,0,1229.5
2026-06-20T03:00:06+07:00,ok,500,753,3779,0,0,0,943.6
2026-06-20T03:00:17+07:00,ok,500,753,3779,0,0,0,1029.9
2026-06-20T03:00:28+07:00,ok,500,753,3779,0,0,0,943.8
2026-06-20T03:00:39+07:00,ok,504,766,3813,4,13,34,1180.5
2026-06-20T03:00:51+07:00,ok,504,766,3842,0,0,29,1005.3
2026-06-20T03:01:02+07:00,ok,504,766,3842,0,0,0,868.7
2026-06-20T03:01:13+07:00,ok,504,766,3842,0,0,0,879.8
2026-06-20T03:01:24+07:00,ok,504,766,3842,0,0,0,921.8
2026-06-20T03:01:35+07:00,ok,504,766,3842,0,0,0,901.1
2026-06-20T03:01:46+07:00,ok,509,779,3875,5,13,33,907.2
2026-06-20T03:01:57+07:00,ok,509,779,3875,0,0,0,1000.6
2026-06-20T03:02:08+07:00,ok,509,779,3875,0,0,0,909
2026-06-20T03:02:19+07:00,ok,509,779,3875,0,0,0,873
2026-06-20T03:02:30+07:00,ok,509,779,3875,0,0,0,895.7
2026-06-20T03:02:41+07:00,ok,509,779,3875,0,0,0,936.8
2026-06-20T03:02:52+07:00,ok,515,793,3921,6,14,46,990.5
2026-06-20T03:03:03+07:00,ok,515,793,3921,0,0,0,863.7
2026-06-20T03:03:14+07:00,ok,515,793,3921,0,0,0,984.3
2026-06-20T03:03:25+07:00,ok,515,793,3921,0,0,0,876
2026-06-20T03:03:36+07:00,ok,515,793,3921,0,0,0,941.1
2026-06-20T03:03:47+07:00,ok,522,799,3970,7,6,49,867.4
2026-06-20T03:03:58+07:00,ok,522,799,3970,0,0,0,920.2
2026-06-20T03:04:09+07:00,ok,522,799,3970,0,0,0,842.5
2026-06-20T03:04:20+07:00,ok,522,799,3970,0,0,0,838.9
2026-06-20T03:04:31+07:00,ok,522,799,3970,0,0,0,899.4
2026-06-20T03:04:42+07:00,ok,522,799,3970,0,0,0,988.9
2026-06-20T03:04:53+07:00,ok,526,813,4016,4,14,46,856.2
2026-06-20T03:05:04+07:00,ok,526,813,4016,0,0,0,859.2
2026-06-20T03:05:15+07:00,ok,526,813,4016,0,0,0,875.1
2026-06-20T03:05:26+07:00,ok,526,813,4016,0,0,0,958.5
2026-06-20T03:05:37+07:00,ok,526,813,4016,0,0,0,838.9
2026-06-20T03:05:48+07:00,ok,535,821,4062,9,8,46,1287.4
2026-06-20T03:06:00+07:00,ok,535,821,4072,0,0,10,928.9
2026-06-20T03:06:11+07:00,ok,535,821,4072,0,0,0,1090.5
2026-06-20T03:06:22+07:00,ok,535,821,4072,0,0,0,890.7
2026-06-20T03:06:33+07:00,ok,535,821,4072,0,0,0,1011
2026-06-20T03:06:44+07:00,ok,535,821,4072,0,0,0,923.9
2026-06-20T03:06:55+07:00,ok,540,831,4119,5,10,47,949.3
2026-06-20T03:07:06+07:00,ok,540,831,4119,0,0,0,920.6
2026-06-20T03:07:17+07:00,ok,540,831,4119,0,0,0,980.5
2026-06-20T03:07:28+07:00,ok,540,831,4119,0,0,0,889.8
2026-06-20T03:07:39+07:00,ok,540,831,4119,0,0,0,1097.7
2026-06-20T03:07:50+07:00,ok,540,831,4119,0,0,0,925.6
2026-06-20T03:08:02+07:00,ok,548,837,4164,8,6,45,804.2
2026-06-20T03:08:12+07:00,ok,548,837,4164,0,0,0,985.3
2026-06-20T03:08:24+07:00,ok,548,837,4164,0,0,0,998.3
2026-06-20T03:08:35+07:00,ok,548,837,4164,0,0,0,930.4
2026-06-20T03:08:46+07:00,ok,548,837,4164,0,0,0,943.8
2026-06-20T03:08:57+07:00,ok,555,845,4200,7,8,36,947.3
2026-06-20T03:09:08+07:00,ok,555,845,4200,0,0,0,985.6
2026-06-20T03:09:19+07:00,ok,555,845,4200,0,0,0,971.5
2026-06-20T03:09:30+07:00,ok,555,845,4200,0,0,0,873.9
2026-06-20T03:09:41+07:00,ok,555,845,4200,0,0,0,1046.8
2026-06-20T03:09:52+07:00,ok,555,845,4200,0,0,0,903.9
2026-06-20T03:10:03+07:00,ok,563,857,4264,8,12,64,912.5
2026-06-20T03:10:14+07:00,ok,563,857,4264,0,0,0,1010
2026-06-20T03:10:25+07:00,ok,563,857,4264,0,0,0,961.5
2026-06-20T03:10:36+07:00,ok,563,857,4264,0,0,0,836.8
2026-06-20T03:10:47+07:00,ok,563,857,4264,0,0,0,924.1
2026-06-20T03:10:58+07:00,ok,566,866,4333,3,9,69,966.8
2026-06-20T03:11:10+07:00,ok,566,866,4333,0,0,0,926.6
2026-06-20T03:11:21+07:00,ok,566,866,4333,0,0,0,864.6
2026-06-20T03:11:32+07:00,ok,566,866,4333,0,0,0,909.2
2026-06-20T03:11:43+07:00,ok,566,866,4333,0,0,0,1047.2
2026-06-20T03:11:54+07:00,ok,566,866,4333,0,0,0,970.2
2026-06-20T03:12:05+07:00,ok,574,879,4376,8,13,43,940.6
2026-06-20T03:12:16+07:00,ok,574,879,4376,0,0,0,927.2
2026-06-20T03:12:27+07:00,ok,574,879,4376,0,0,0,935.7
2026-06-20T03:12:38+07:00,ok,574,879,4376,0,0,0,847.1
2026-06-20T03:12:49+07:00,ok,574,879,4376,0,0,0,856.5
2026-06-20T03:13:00+07:00,ok,574,879,4376,0,0,0,1187.3
2026-06-20T03:13:11+07:00,ok,584,893,4430,10,14,54,871.6
2026-06-20T03:13:22+07:00,ok,584,893,4430,0,0,0,891.2
2026-06-20T03:13:33+07:00,ok,584,893,4430,0,0,0,870.6
2026-06-20T03:13:44+07:00,ok,584,893,4430,0,0,0,905
2026-06-20T03:13:55+07:00,ok,584,893,4430,0,0,0,894.2
2026-06-20T03:14:06+07:00,ok,593,903,4460,9,10,30,867.3
2026-06-20T03:14:17+07:00,ok,593,903,4460,0,0,0,947
2026-06-20T03:14:28+07:00,ok,593,903,4460,0,0,0,931.3
2026-06-20T03:14:39+07:00,ok,593,903,4460,0,0,0,841.9
2026-06-20T03:14:50+07:00,ok,593,903,4460,0,0,0,975.7
2026-06-20T03:15:01+07:00,ok,593,903,4460,0,0,0,837.6
2026-06-20T03:15:12+07:00,ok,603,913,4493,10,10,33,922.1
2026-06-20T03:15:23+07:00,ok,603,913,4493,0,0,0,954.2
2026-06-20T03:15:34+07:00,ok,603,913,4493,0,0,0,880.1
2026-06-20T03:15:45+07:00,ok,603,913,4493,0,0,0,872.3
2026-06-20T03:15:56+07:00,ok,603,913,4493,0,0,0,1013.4
2026-06-20T03:16:08+07:00,ok,607,928,4528,4,15,35,1000.8
2026-06-20T03:16:19+07:00,ok,607,928,4528,0,0,0,954.5
2026-06-20T03:16:30+07:00,ok,607,928,4528,0,0,0,930.9
2026-06-20T03:16:41+07:00,ok,607,928,4528,0,0,0,909
2026-06-20T03:16:52+07:00,ok,607,928,4528,0,0,0,913.4
2026-06-20T03:17:03+07:00,ok,607,928,4528,0,0,0,912.7
2026-06-20T03:17:14+07:00,ok,612,933,4568,5,5,40,1043.9
2026-06-20T03:17:25+07:00,ok,612,933,4568,0,0,0,1023.4
2026-06-20T03:17:36+07:00,ok,612,933,4568,0,0,0,916
2026-06-20T03:17:47+07:00,ok,612,933,4568,0,0,0,899.2
2026-06-20T03:17:58+07:00,ok,612,933,4568,0,0,0,896.9
2026-06-20T03:18:09+07:00,ok,612,933,4568,0,0,0,1227.8
2026-06-20T03:18:21+07:00,ok,621,944,4630,9,11,62,969.7
2026-06-20T03:18:32+07:00,ok,621,944,4630,0,0,0,972.1
2026-06-20T03:18:43+07:00,ok,621,944,4630,0,0,0,973.1
2026-06-20T03:18:54+07:00,ok,621,944,4630,0,0,0,857.8
2026-06-20T03:19:05+07:00,ok,621,944,4630,0,0,0,907.3
2026-06-20T03:19:16+07:00,ok,631,951,4692,10,7,62,874.7
2026-06-20T03:19:27+07:00,ok,631,951,4692,0,0,0,850.3
2026-06-20T03:19:38+07:00,ok,631,951,4692,0,0,0,909.5
2026-06-20T03:19:49+07:00,ok,631,951,4692,0,0,0,893
2026-06-20T03:20:00+07:00,ok,631,951,4692,0,0,0,1229.4
2026-06-20T03:20:11+07:00,ok,631,951,4692,0,0,0,1008.1
2026-06-20T03:20:22+07:00,ok,638,960,4755,7,9,63,997.9
2026-06-20T03:20:34+07:00,ok,638,960,4755,0,0,0,982.9
2026-06-20T03:20:45+07:00,ok,638,960,4755,0,0,0,943.4
2026-06-20T03:20:56+07:00,ok,638,960,4755,0,0,0,919.7
2026-06-20T03:21:07+07:00,ok,638,960,4755,0,0,0,947.8
2026-06-20T03:21:18+07:00,ok,648,969,4789,10,9,34,941.1
2026-06-20T03:21:29+07:00,ok,648,969,4789,0,0,0,900.1
2026-06-20T03:21:40+07:00,ok,648,969,4789,0,0,0,875.3
2026-06-20T03:21:51+07:00,ok,648,969,4789,0,0,0,931.9
2026-06-20T03:22:02+07:00,ok,648,969,4789,0,0,0,889.4
2026-06-20T03:22:13+07:00,ok,648,969,4789,0,0,0,943.5
2026-06-20T03:22:24+07:00,ok,655,983,4833,7,14,44,971.8
2026-06-20T03:22:35+07:00,ok,655,983,4833,0,0,0,890.7
2026-06-20T03:22:46+07:00,ok,655,983,4833,0,0,0,902.6
2026-06-20T03:22:57+07:00,ok,655,983,4833,0,0,0,941.2
2026-06-20T03:23:08+07:00,ok,655,983,4833,0,0,0,935.9
2026-06-20T03:23:19+07:00,ok,658,990,4898,3,7,65,1340.5
2026-06-20T03:23:31+07:00,ok,658,990,4899,0,0,1,927.5
2026-06-20T03:23:42+07:00,ok,658,990,4899,0,0,0,968.7
2026-06-20T03:23:53+07:00,ok,658,990,4899,0,0,0,989
2026-06-20T03:24:04+07:00,ok,658,990,4899,0,0,0,918.1
2026-06-20T03:24:15+07:00,ok,658,990,4899,0,0,0,860.1
2026-06-20T03:24:26+07:00,ok,668,997,4963,10,7,64,846.7
2026-06-20T03:24:37+07:00,ok,668,997,4963,0,0,0,888.9
2026-06-20T03:24:48+07:00,ok,668,997,4963,0,0,0,986.6
2026-06-20T03:24:59+07:00,ok,668,997,4963,0,0,0,940.1
2026-06-20T03:25:10+07:00,ok,668,997,4963,0,0,0,1018.1
2026-06-20T03:25:21+07:00,ok,668,997,4963,0,0,0,926.8
2026-06-20T03:25:32+07:00,ok,676,1003,5000,8,6,37,858.1
2026-06-20T03:25:43+07:00,ok,676,1003,5000,0,0,0,925.2
2026-06-20T03:25:54+07:00,ok,676,1003,5000,0,0,0,888.8
2026-06-20T03:26:05+07:00,ok,676,1003,5000,0,0,0,963.5
2026-06-20T03:26:16+07:00,ok,676,1003,5000,0,0,0,887.9
2026-06-20T03:26:27+07:00,ok,680,1018,5053,4,15,53,903.9
2026-06-20T03:26:38+07:00,ok,680,1018,5053,0,0,0,916.9
2026-06-20T03:26:49+07:00,ok,680,1018,5053,0,0,0,980.2
2026-06-20T03:27:00+07:00,ok,680,1018,5053,0,0,0,923.1
2026-06-20T03:27:12+07:00,ok,680,1018,5053,0,0,0,973.2
2026-06-20T03:27:23+07:00,ok,680,1018,5053,0,0,0,847.6
2026-06-20T03:27:34+07:00,ok,689,1026,5093,9,8,40,985.7
2026-06-20T03:27:45+07:00,ok,689,1026,5093,0,0,0,893.9
2026-06-20T03:27:56+07:00,ok,689,1026,5093,0,0,0,943.4
2026-06-20T03:28:07+07:00,ok,689,1026,5093,0,0,0,995.2
2026-06-20T03:28:18+07:00,ok,689,1026,5093,0,0,0,1014.3
2026-06-20T03:28:29+07:00,ok,695,1031,5145,6,5,52,1080.2
2026-06-20T03:28:40+07:00,ok,695,1031,5145,0,0,0,867.8
2026-06-20T03:28:51+07:00,ok,695,1031,5145,0,0,0,898.7
2026-06-20T03:29:02+07:00,ok,695,1031,5145,0,0,0,885
2026-06-20T03:29:13+07:00,ok,695,1031,5145,0,0,0,933.3
2026-06-20T03:29:24+07:00,ok,695,1031,5145,0,0,0,824.4
2026-06-20T03:29:35+07:00,ok,705,1040,5187,10,9,42,965.4
2026-06-20T03:29:46+07:00,ok,705,1040,5187,0,0,0,900.6
2026-06-20T03:29:57+07:00,ok,705,1040,5187,0,0,0,898.5
2026-06-20T03:30:08+07:00,ok,705,1040,5187,0,0,0,946.9
2026-06-20T03:30:19+07:00,ok,705,1040,5187,0,0,0,891.2
2026-06-20T03:30:30+07:00,ok,705,1040,5187,0,0,0,939.3
2026-06-20T03:30:41+07:00,ok,714,1053,5240,9,13,53,872.9
2026-06-20T03:30:52+07:00,ok,714,1053,5240,0,0,0,836.8
2026-06-20T03:31:03+07:00,ok,714,1053,5240,0,0,0,1051.8
2026-06-20T03:31:15+07:00,ok,714,1053,5240,0,0,0,978.4
2026-06-20T03:31:26+07:00,ok,714,1053,5240,0,0,0,920
2026-06-20T03:31:37+07:00,ok,722,1060,5305,8,7,65,922.1
2026-06-20T03:31:48+07:00,ok,722,1060,5305,0,0,0,899.3
2026-06-20T03:31:59+07:00,ok,722,1060,5305,0,0,0,971.1
2026-06-20T03:32:10+07:00,ok,722,1060,5305,0,0,0,886.8
2026-06-20T03:32:21+07:00,ok,722,1060,5305,0,0,0,1045.2
2026-06-20T03:32:32+07:00,ok,722,1060,5305,0,0,0,926.7
2026-06-20T03:32:43+07:00,ok,732,1068,5370,10,8,65,891.9
2026-06-20T03:32:54+07:00,ok,732,1068,5370,0,0,0,933.4
2026-06-20T03:33:05+07:00,ok,732,1068,5370,0,0,0,896.5
2026-06-20T03:33:16+07:00,ok,732,1068,5370,0,0,0,884.2
2026-06-20T03:33:27+07:00,ok,732,1068,5370,0,0,0,897.8
2026-06-20T03:33:38+07:00,ok,737,1080,5413,5,12,43,1199.8
2026-06-20T03:33:49+07:00,ok,737,1080,5413,0,0,0,839.7
2026-06-20T03:34:00+07:00,ok,737,1080,5413,0,0,0,869.9
2026-06-20T03:34:11+07:00,ok,737,1080,5413,0,0,0,955
2026-06-20T03:34:22+07:00,ok,737,1080,5413,0,0,0,879.7
2026-06-20T03:34:33+07:00,ok,737,1080,5413,0,0,0,1042.3
2026-06-20T03:34:45+07:00,ok,742,1090,5447,5,10,34,973.7
2026-06-20T03:34:56+07:00,ok,742,1090,5447,0,0,0,980.9
2026-06-20T03:35:07+07:00,ok,742,1090,5447,0,0,0,896.6
2026-06-20T03:35:18+07:00,ok,742,1090,5447,0,0,0,999.3
2026-06-20T03:35:29+07:00,ok,742,1090,5447,0,0,0,881.3
2026-06-20T03:35:40+07:00,ok,742,1090,5447,0,0,0,901.5
2026-06-20T03:35:51+07:00,ok,751,1105,5498,9,15,51,991.1
2026-06-20T03:36:02+07:00,ok,751,1105,5498,0,0,0,928.6
2026-06-20T03:36:13+07:00,ok,751,1105,5498,0,0,0,910.6
2026-06-20T03:36:24+07:00,ok,751,1105,5498,0,0,0,832.7
2026-06-20T03:36:35+07:00,ok,751,1105,5498,0,0,0,965.9
2026-06-20T03:36:46+07:00,ok,761,1119,5567,10,14,69,893.1
2026-06-20T03:36:57+07:00,ok,761,1119,5567,0,0,0,885.5
2026-06-20T03:37:08+07:00,ok,761,1119,5567,0,0,0,925.1
2026-06-20T03:37:19+07:00,ok,761,1119,5567,0,0,0,913.3
2026-06-20T03:37:30+07:00,ok,761,1119,5567,0,0,0,837
2026-06-20T03:37:41+07:00,ok,761,1119,5567,0,0,0,901.7
2026-06-20T03:37:52+07:00,ok,767,1125,5622,6,6,55,966.1
2026-06-20T03:38:03+07:00,ok,767,1125,5622,0,0,0,971.9
2026-06-20T03:38:14+07:00,ok,767,1125,5622,0,0,0,886.8
2026-06-20T03:38:25+07:00,ok,767,1125,5622,0,0,0,903.5
2026-06-20T03:38:36+07:00,ok,767,1125,5622,0,0,0,879.8
2026-06-20T03:38:47+07:00,ok,775,1134,5662,8,9,40,928.6
2026-06-20T03:38:58+07:00,ok,775,1134,5662,0,0,0,876.5
2026-06-20T03:39:09+07:00,ok,775,1134,5662,0,0,0,918.6
2026-06-20T03:39:20+07:00,ok,775,1134,5662,0,0,0,880.5
2026-06-20T03:39:31+07:00,ok,775,1134,5662,0,0,0,937.8
2026-06-20T03:39:42+07:00,ok,775,1134,5662,0,0,0,1031.4
2026-06-20T03:39:54+07:00,ok,782,1142,5696,7,8,34,977.4
2026-06-20T03:40:05+07:00,ok,782,1142,5696,0,0,0,1312.7
2026-06-20T03:40:16+07:00,ok,782,1142,5696,0,0,0,935.7
2026-06-20T03:40:27+07:00,ok,782,1142,5696,0,0,0,922.2
2026-06-20T03:40:38+07:00,ok,782,1142,5696,0,0,0,904
2026-06-20T03:40:49+07:00,ok,782,1142,5696,0,0,0,1085
2026-06-20T03:41:01+07:00,ok,785,1151,5728,3,9,32,980.6
2026-06-20T03:41:12+07:00,ok,785,1151,5728,0,0,0,941.3
2026-06-20T03:41:23+07:00,ok,785,1151,5728,0,0,0,1001.5
2026-06-20T03:41:34+07:00,ok,785,1151,5728,0,0,0,930.5
2026-06-20T03:41:45+07:00,ok,785,1151,5728,0,0,0,994.5
2026-06-20T03:41:56+07:00,ok,790,1161,5780,5,10,52,852.5
2026-06-20T03:42:07+07:00,ok,790,1161,5780,0,0,0,1017.3
2026-06-20T03:42:18+07:00,ok,790,1161,5780,0,0,0,1029.7
2026-06-20T03:42:29+07:00,ok,790,1161,5780,0,0,0,916.5
2026-06-20T03:42:40+07:00,ok,790,1161,5780,0,0,0,945.5
2026-06-20T03:42:51+07:00,ok,790,1161,5780,0,0,0,824.3
2026-06-20T03:43:02+07:00,ok,795,1175,5821,5,14,41,892.1
2026-06-20T03:43:13+07:00,ok,795,1175,5821,0,0,0,814.4
2026-06-20T03:43:24+07:00,ok,795,1175,5821,0,0,0,979.7
2026-06-20T03:43:35+07:00,ok,795,1175,5821,0,0,0,953.8
2026-06-20T03:43:46+07:00,ok,795,1175,5821,0,0,0,910.3
2026-06-20T03:43:58+07:00,ok,804,1187,5877,9,12,56,987.3
2026-06-20T03:44:09+07:00,ok,804,1187,5877,0,0,0,874.8
2026-06-20T03:44:20+07:00,ok,804,1187,5877,0,0,0,911.3
2026-06-20T03:44:31+07:00,ok,804,1187,5877,0,0,0,944.7
2026-06-20T03:44:42+07:00,ok,804,1187,5877,0,0,0,970.4
2026-06-20T03:44:53+07:00,ok,804,1187,5877,0,0,0,917.1
2026-06-20T03:45:04+07:00,ok,810,1192,5925,6,5,48,906.6
2026-06-20T03:45:15+07:00,ok,810,1192,5925,0,0,0,912.8
2026-06-20T03:45:26+07:00,ok,810,1192,5925,0,0,0,907
2026-06-20T03:45:37+07:00,ok,810,1192,5925,0,0,0,824.9
2026-06-20T03:45:48+07:00,ok,810,1192,5925,0,0,0,934.6
2026-06-20T03:45:59+07:00,ok,817,1207,5968,7,15,43,1351.1
2026-06-20T03:46:10+07:00,ok,817,1207,5968,0,0,0,942.9
2026-06-20T03:46:21+07:00,ok,817,1207,5968,0,0,0,860.7
2026-06-20T03:46:32+07:00,ok,817,1207,5968,0,0,0,853.1
2026-06-20T03:46:43+07:00,ok,817,1207,5968,0,0,0,864.1
2026-06-20T03:46:54+07:00,ok,817,1207,5968,0,0,0,904.9
2026-06-20T03:47:05+07:00,ok,822,1221,6007,5,14,39,917.8
2026-06-20T03:47:16+07:00,ok,822,1221,6007,0,0,0,977.3
2026-06-20T03:47:27+07:00,ok,822,1221,6007,0,0,0,871.6
2026-06-20T03:47:38+07:00,ok,822,1221,6007,0,0,0,909.6
2026-06-20T03:47:49+07:00,ok,822,1221,6007,0,0,0,930.4
2026-06-20T03:48:01+07:00,ok,822,1221,6007,0,0,0,918.4
2026-06-20T03:48:12+07:00,ok,825,1231,6055,3,10,48,907.6
2026-06-20T03:48:23+07:00,ok,825,1231,6055,0,0,0,1097.6
2026-06-20T03:48:34+07:00,ok,825,1231,6055,0,0,0,916.9
2026-06-20T03:48:45+07:00,ok,825,1231,6055,0,0,0,931.8
2026-06-20T03:48:56+07:00,ok,825,1231,6055,0,0,0,939.5
2026-06-20T03:49:07+07:00,ok,833,1240,6097,8,9,42,910.1
2026-06-20T03:49:18+07:00,ok,833,1240,6097,0,0,0,989.5
2026-06-20T03:49:29+07:00,ok,833,1240,6097,0,0,0,1003.2
2026-06-20T03:49:40+07:00,ok,833,1240,6097,0,0,0,925.3
2026-06-20T03:49:51+07:00,ok,833,1240,6097,0,0,0,928.4
2026-06-20T03:50:02+07:00,ok,833,1240,6097,0,0,0,856.6
2026-06-20T03:50:13+07:00,ok,839,1255,6133,6,15,36,885.5
2026-06-20T03:50:24+07:00,ok,839,1255,6133,0,0,0,873.5
2026-06-20T03:50:35+07:00,ok,839,1255,6133,0,0,0,920.7
2026-06-20T03:50:46+07:00,ok,839,1255,6133,0,0,0,865.1
2026-06-20T03:50:57+07:00,ok,839,1255,6133,0,0,0,913.2
2026-06-20T03:51:08+07:00,ok,845,1261,6195,6,6,62,1131.5
2026-06-20T03:51:20+07:00,ok,845,1261,6195,0,0,0,904.4
2026-06-20T03:51:31+07:00,ok,845,1261,6195,0,0,0,857.5
2026-06-20T03:51:42+07:00,ok,845,1261,6195,0,0,0,867.6
2026-06-20T03:51:53+07:00,ok,845,1261,6195,0,0,0,933.2
2026-06-20T03:52:04+07:00,ok,845,1261,6195,0,0,0,1052.5
2026-06-20T03:52:15+07:00,ok,850,1271,6263,5,10,68,1212.8
2026-06-20T03:52:26+07:00,ok,850,1271,6263,0,0,0,790.6
2026-06-20T03:52:37+07:00,ok,850,1271,6263,0,0,0,1049.1
2026-06-20T03:52:48+07:00,ok,850,1271,6263,0,0,0,828.8
2026-06-20T03:52:59+07:00,ok,850,1271,6263,0,0,0,895.6
2026-06-20T03:53:10+07:00,ok,850,1271,6263,0,0,0,911.8
2026-06-20T03:53:21+07:00,ok,860,1278,6307,10,7,44,782
2026-06-20T03:53:32+07:00,ok,860,1278,6307,0,0,0,904.3
2026-06-20T03:53:43+07:00,ok,860,1278,6307,0,0,0,831.7
2026-06-20T03:53:54+07:00,ok,860,1278,6307,0,0,0,825.3
2026-06-20T03:54:05+07:00,ok,860,1278,6307,0,0,0,793.1
2026-06-20T03:54:16+07:00,ok,866,1286,6367,6,8,60,794.8
2026-06-20T03:54:27+07:00,ok,866,1286,6367,0,0,0,861.8
2026-06-20T03:54:38+07:00,ok,866,1286,6367,0,0,0,814
2026-06-20T03:54:49+07:00,ok,866,1286,6367,0,0,0,766.6
2026-06-20T03:54:59+07:00,ok,866,1286,6367,0,0,0,851.4
2026-06-20T03:55:10+07:00,ok,866,1286,6367,0,0,0,836.7
2026-06-20T03:55:21+07:00,ok,870,1299,6426,4,13,59,823.6
2026-06-20T03:55:32+07:00,ok,870,1299,6426,0,0,0,830.9
2026-06-20T03:55:43+07:00,ok,870,1299,6426,0,0,0,857.8
2026-06-20T03:55:54+07:00,ok,870,1299,6426,0,0,0,817.9
2026-06-20T03:56:05+07:00,ok,870,1299,6426,0,0,0,879.1
2026-06-20T03:56:16+07:00,ok,870,1299,6426,0,0,0,883.8
2026-06-20T03:56:27+07:00,ok,873,1304,6486,3,5,60,824.7
2026-06-20T03:56:38+07:00,ok,873,1304,6486,0,0,0,809.5
2026-06-20T03:56:49+07:00,ok,873,1304,6486,0,0,0,799.3
2026-06-20T03:57:00+07:00,ok,873,1304,6486,0,0,0,715.9
2026-06-20T03:57:11+07:00,ok,873,1304,6486,0,0,0,786
2026-06-20T03:57:22+07:00,ok,881,1309,6545,8,5,59,751.6
2026-06-20T03:57:32+07:00,ok,881,1309,6545,0,0,0,968.8
2026-06-20T03:57:43+07:00,ok,881,1309,6545,0,0,0,844.1
2026-06-20T03:57:54+07:00,ok,881,1309,6545,0,0,0,858.5
2026-06-20T03:58:05+07:00,ok,881,1309,6545,0,0,0,780.2
2026-06-20T03:58:16+07:00,ok,881,1309,6545,0,0,0,868.3
2026-06-20T03:58:27+07:00,ok,888,1321,6589,7,12,44,798.4
2026-06-20T03:58:38+07:00,ok,888,1321,6589,0,0,0,836
2026-06-20T03:58:49+07:00,ok,888,1321,6589,0,0,0,764.3
2026-06-20T03:59:00+07:00,ok,888,1321,6589,0,0,0,827.7
2026-06-20T03:59:11+07:00,ok,888,1321,6589,0,0,0,860.8
2026-06-20T03:59:22+07:00,ok,897,1335,6623,9,14,34,871.2
2026-06-20T03:59:33+07:00,ok,897,1335,6623,0,0,0,880.3
2026-06-20T03:59:44+07:00,ok,897,1335,6623,0,0,0,876.1
2026-06-20T03:59:55+07:00,ok,897,1335,6623,0,0,0,777.4
2026-06-20T04:00:06+07:00,ok,897,1335,6623,0,0,0,805.4
2026-06-20T04:00:17+07:00,ok,897,1335,6623,0,0,0,1433.1
2026-06-20T04:00:28+07:00,ok,901,1347,6655,4,12,32,914.5
2026-06-20T04:00:39+07:00,ok,901,1347,6655,0,0,0,898.8
2026-06-20T04:00:50+07:00,ok,901,1347,6655,0,0,0,905.8
2026-06-20T04:01:01+07:00,ok,901,1347,6655,0,0,0,933.7
2026-06-20T04:01:12+07:00,ok,901,1347,6655,0,0,0,897.9
2026-06-20T04:01:23+07:00,ok,901,1347,6655,0,0,0,850.3
2026-06-20T04:01:34+07:00,ok,910,1358,6722,9,11,67,835
2026-06-20T04:01:45+07:00,ok,910,1358,6722,0,0,0,806.7
2026-06-20T04:01:56+07:00,ok,910,1358,6722,0,0,0,855.4
2026-06-20T04:02:07+07:00,ok,910,1358,6722,0,0,0,828.9
2026-06-20T04:02:18+07:00,ok,910,1358,6722,0,0,0,973.4
2026-06-20T04:02:29+07:00,ok,913,1368,6772,3,10,50,761.2
2026-06-20T04:02:40+07:00,ok,913,1368,6772,0,0,0,826.4
2026-06-20T04:02:51+07:00,ok,913,1368,6772,0,0,0,824.1
2026-06-20T04:03:02+07:00,ok,913,1368,6772,0,0,0,789.9
2026-06-20T04:03:13+07:00,ok,913,1368,6772,0,0,0,798
2026-06-20T04:03:24+07:00,ok,913,1368,6772,0,0,0,812.2
2026-06-20T04:03:35+07:00,ok,916,1377,6804,3,9,32,839.7
2026-06-20T04:03:46+07:00,ok,916,1377,6804,0,0,0,822
2026-06-20T04:03:56+07:00,ok,916,1377,6804,0,0,0,792.9
2026-06-20T04:04:07+07:00,ok,916,1377,6804,0,0,0,772.3
2026-06-20T04:04:18+07:00,ok,916,1377,6804,0,0,0,886.9
2026-06-20T04:04:29+07:00,ok,919,1389,6837,3,12,33,1139.9
2026-06-20T04:04:41+07:00,ok,919,1389,6837,0,0,0,695.3
2026-06-20T04:04:51+07:00,ok,919,1389,6837,0,0,0,833.2
2026-06-20T04:05:02+07:00,ok,919,1389,6837,0,0,0,747.7
2026-06-20T04:05:13+07:00,ok,919,1389,6837,0,0,0,864.6
2026-06-20T04:05:24+07:00,ok,919,1389,6837,0,0,0,796.4
2026-06-20T04:05:35+07:00,ok,927,1400,6900,8,11,63,828.5
2026-06-20T04:05:46+07:00,ok,927,1400,6900,0,0,0,793.9
2026-06-20T04:05:57+07:00,ok,927,1400,6900,0,0,0,853
2026-06-20T04:06:08+07:00,ok,927,1400,6900,0,0,0,789.7
2026-06-20T04:06:19+07:00,ok,927,1400,6900,0,0,0,892.7
2026-06-20T04:06:30+07:00,ok,927,1400,6900,0,0,0,722.3
2026-06-20T04:06:40+07:00,ok,931,1411,6933,4,11,33,849
2026-06-20T04:06:51+07:00,ok,931,1411,6933,0,0,0,846.6
2026-06-20T04:07:02+07:00,ok,931,1411,6933,0,0,0,732.6
2026-06-20T04:07:13+07:00,ok,931,1411,6933,0,0,0,816.2
2026-06-20T04:07:24+07:00,ok,931,1411,6933,0,0,0,836
2026-06-20T04:07:35+07:00,ok,940,1426,6972,9,15,39,869.3
2026-06-20T04:07:46+07:00,ok,940,1426,6972,0,0,0,781.6
2026-06-20T04:07:57+07:00,ok,940,1426,6972,0,0,0,860.2
2026-06-20T04:08:08+07:00,ok,940,1426,6972,0,0,0,838.7
2026-06-20T04:08:19+07:00,ok,940,1426,6972,0,0,0,903.9
2026-06-20T04:08:30+07:00,ok,940,1426,6972,0,0,0,793
2026-06-20T04:08:41+07:00,ok,944,1441,7040,4,15,68,880.7
2026-06-20T04:08:52+07:00,ok,944,1441,7040,0,0,0,760.3
2026-06-20T04:09:03+07:00,ok,944,1441,7040,0,0,0,840
2026-06-20T04:09:14+07:00,ok,944,1441,7040,0,0,0,807.8
2026-06-20T04:09:24+07:00,ok,944,1441,7040,0,0,0,768.4
2026-06-20T04:09:35+07:00,ok,944,1441,7040,0,0,0,777.3
2026-06-20T04:09:46+07:00,ok,947,1449,7071,3,8,31,794.2
2026-06-20T04:09:57+07:00,ok,947,1449,7071,0,0,0,773.4
2026-06-20T04:10:08+07:00,ok,947,1449,7071,0,0,0,818.2
2026-06-20T04:10:19+07:00,ok,947,1449,7071,0,0,0,943.8
2026-06-20T04:10:30+07:00,ok,947,1449,7071,0,0,0,835.9
2026-06-20T04:10:41+07:00,ok,952,1464,7118,5,15,47,813
2026-06-20T04:10:52+07:00,ok,952,1464,7118,0,0,0,895.1
2026-06-20T04:11:03+07:00,ok,952,1464,7118,0,0,0,884.1
2026-06-20T04:11:14+07:00,ok,952,1464,7118,0,0,0,860.5
2026-06-20T04:11:25+07:00,ok,952,1464,7118,0,0,0,827.6
2026-06-20T04:11:36+07:00,ok,952,1464,7118,0,0,0,869.5
2026-06-20T04:11:47+07:00,ok,955,1476,7178,3,12,60,921.4
2026-06-20T04:11:58+07:00,ok,955,1476,7178,0,0,0,873.8
2026-06-20T04:12:09+07:00,ok,955,1476,7178,0,0,0,785.2
2026-06-20T04:12:20+07:00,ok,955,1476,7178,0,0,0,809.1
2026-06-20T04:12:30+07:00,ok,955,1476,7178,0,0,0,736.1
2026-06-20T04:12:41+07:00,ok,960,1487,7223,5,11,45,914.2
2026-06-20T04:12:52+07:00,ok,960,1487,7223,0,0,0,839.2
2026-06-20T04:13:03+07:00,ok,960,1487,7223,0,0,0,796.5
2026-06-20T04:13:14+07:00,ok,960,1487,7223,0,0,0,780.3
2026-06-20T04:13:25+07:00,ok,960,1487,7223,0,0,0,748.6
2026-06-20T04:13:36+07:00,ok,960,1487,7223,0,0,0,753.7
2026-06-20T04:13:47+07:00,ok,965,1499,7275,5,12,52,818.5
2026-06-20T04:13:58+07:00,ok,965,1499,7275,0,0,0,781.9
2026-06-20T04:14:09+07:00,ok,965,1499,7275,0,0,0,804.9
2026-06-20T04:14:19+07:00,ok,965,1499,7275,0,0,0,764.4
2026-06-20T04:14:30+07:00,ok,965,1499,7275,0,0,0,819.2
2026-06-20T04:14:41+07:00,ok,965,1499,7275,0,0,0,833.4
2026-06-20T04:14:52+07:00,ok,970,1505,7322,5,6,47,843.7
2026-06-20T04:15:03+07:00,ok,970,1505,7322,0,0,0,858.5
2026-06-20T04:15:14+07:00,ok,970,1505,7322,0,0,0,763.7
2026-06-20T04:15:25+07:00,ok,970,1505,7322,0,0,0,816.7
2026-06-20T04:15:36+07:00,ok,970,1505,7322,0,0,0,837
2026-06-20T04:15:47+07:00,ok,975,1517,7392,5,12,70,816.6
2026-06-20T04:15:58+07:00,ok,975,1517,7392,0,0,0,767.5
2026-06-20T04:16:09+07:00,ok,975,1517,7392,0,0,0,859.4
2026-06-20T04:16:20+07:00,ok,975,1517,7392,0,0,0,823.2
2026-06-20T04:16:31+07:00,ok,975,1517,7392,0,0,0,787.4
2026-06-20T04:16:41+07:00,ok,975,1517,7392,0,0,0,862.1
2026-06-20T04:16:52+07:00,ok,983,1532,7430,8,15,38,776.9
2026-06-20T04:17:03+07:00,ok,983,1532,7430,0,0,0,824
2026-06-20T04:17:14+07:00,ok,983,1532,7430,0,0,0,837.1
2026-06-20T04:17:25+07:00,ok,983,1532,7430,0,0,0,805.6
2026-06-20T04:17:36+07:00,ok,983,1532,7430,0,0,0,761.7
2026-06-20T04:17:47+07:00,ok,983,1532,7430,0,0,0,848.3
2026-06-20T04:17:58+07:00,ok,991,1544,7476,8,12,46,837.9
2026-06-20T04:18:09+07:00,ok,991,1544,7476,0,0,0,826.7
2026-06-20T04:18:20+07:00,ok,991,1544,7476,0,0,0,888
2026-06-20T04:18:31+07:00,ok,991,1544,7476,0,0,0,686.6
2026-06-20T04:18:41+07:00,ok,991,1544,7476,0,0,0,845.7
2026-06-20T04:18:52+07:00,ok,997,1552,7526,6,8,50,728.7
2026-06-20T04:19:03+07:00,ok,997,1552,7526,0,0,0,784.8
2026-06-20T04:19:14+07:00,ok,997,1552,7526,0,0,0,876.2
2026-06-20T04:19:25+07:00,ok,997,1552,7526,0,0,0,787.4
2026-06-20T04:19:36+07:00,ok,997,1552,7526,0,0,0,838.7
2026-06-20T04:19:47+07:00,ok,997,1552,7526,0,0,0,826
2026-06-20T04:19:58+07:00,ok,1002,1559,7592,5,7,66,751.7
2026-06-20T04:20:09+07:00,ok,1002,1559,7592,0,0,0,853.4
2026-06-20T04:20:20+07:00,ok,1002,1559,7592,0,0,0,793.1
2026-06-20T04:20:31+07:00,ok,1002,1559,7592,0,0,0,1021.3
2026-06-20T04:20:42+07:00,ok,1002,1559,7592,0,0,0,945.8
2026-06-20T04:20:53+07:00,ok,1002,1559,7592,0,0,0,2043.9
2026-06-20T04:21:05+07:00,ok,1012,1574,7643,10,15,51,1165.5
2026-06-20T04:21:17+07:00,ok,1012,1574,7643,0,0,0,842.7
2026-06-20T04:21:27+07:00,ok,1012,1574,7643,0,0,0,969.8
2026-06-20T04:21:39+07:00,ok,1012,1574,7643,0,0,0,898.5
2026-06-20T04:21:50+07:00,ok,1012,1574,7643,0,0,0,869.6
2026-06-20T04:22:01+07:00,ok,1017,1583,7704,5,9,61,896.8
2026-06-20T04:22:12+07:00,ok,1017,1583,7704,0,0,0,897.2
2026-06-20T04:22:23+07:00,ok,1017,1583,7704,0,0,0,984.2
2026-06-20T04:22:34+07:00,ok,1017,1583,7704,0,0,0,919.8
2026-06-20T04:22:45+07:00,ok,1017,1583,7704,0,0,0,936.1
2026-06-20T04:22:56+07:00,ok,1017,1583,7704,0,0,0,873.4
2026-06-20T04:23:07+07:00,ok,1022,1598,7747,5,15,43,927.9
2026-06-20T04:23:18+07:00,ok,1022,1598,7747,0,0,0,862.8
2026-06-20T04:23:29+07:00,ok,1022,1598,7747,0,0,0,918.9
2026-06-20T04:23:40+07:00,ok,1022,1598,7747,0,0,0,811.4
2026-06-20T04:23:51+07:00,ok,1022,1598,7747,0,0,0,935.7
2026-06-20T04:24:02+07:00,ok,1032,1611,7777,10,13,30,1072.3
2026-06-20T04:24:13+07:00,ok,1032,1611,7777,0,0,0,796.3
2026-06-20T04:24:24+07:00,ok,1032,1611,7777,0,0,0,914.2
2026-06-20T04:24:35+07:00,ok,1032,1611,7777,0,0,0,990.4
2026-06-20T04:24:46+07:00,ok,1032,1611,7777,0,0,0,929.2
2026-06-20T04:24:57+07:00,ok,1032,1611,7777,0,0,0,924
2026-06-20T04:25:08+07:00,ok,1035,1626,7841,3,15,64,1033.3
2026-06-20T04:25:19+07:00,ok,1035,1626,7841,0,0,0,893.8
2026-06-20T04:25:30+07:00,ok,1035,1626,7841,0,0,0,903.3
2026-06-20T04:25:41+07:00,ok,1035,1626,7841,0,0,0,930.3
2026-06-20T04:25:52+07:00,ok,1035,1626,7841,0,0,0,845
2026-06-20T04:26:03+07:00,ok,1035,1626,7841,0,0,0,890.8
2026-06-20T04:26:14+07:00,ok,1041,1632,7873,6,6,32,787.1
2026-06-20T04:26:25+07:00,ok,1041,1632,7873,0,0,0,888.4
2026-06-20T04:26:36+07:00,ok,1041,1632,7873,0,0,0,886.4
2026-06-20T04:26:47+07:00,ok,1041,1632,7873,0,0,0,838.8
2026-06-20T04:26:58+07:00,ok,1041,1632,7873,0,0,0,845.6
2026-06-20T04:27:09+07:00,ok,1046,1641,7940,5,9,67,855.4
2026-06-20T04:27:20+07:00,ok,1046,1641,7940,0,0,0,885.4
2026-06-20T04:27:31+07:00,ok,1046,1641,7940,0,0,0,860.3
2026-06-20T04:27:42+07:00,ok,1046,1641,7940,0,0,0,832.1
2026-06-20T04:27:53+07:00,ok,1046,1641,7940,0,0,0,851
2026-06-20T04:28:04+07:00,ok,1046,1641,7940,0,0,0,823.4
2026-06-20T04:28:15+07:00,ok,1049,1653,8007,3,12,67,841.2
2026-06-20T04:28:26+07:00,ok,1049,1653,8007,0,0,0,758.2
2026-06-20T04:28:37+07:00,ok,1049,1653,8007,0,0,0,822.8
2026-06-20T04:28:47+07:00,ok,1049,1653,8007,0,0,0,793.3
2026-06-20T04:28:58+07:00,ok,1049,1653,8007,0,0,0,892.4
2026-06-20T04:29:09+07:00,ok,1057,1667,8038,8,14,31,1079.9
2026-06-20T04:29:21+07:00,ok,1057,1667,8063,0,0,25,803.4
2026-06-20T04:29:32+07:00,ok,1057,1667,8063,0,0,0,797.4
2026-06-20T04:29:42+07:00,ok,1057,1667,8063,0,0,0,856.5
2026-06-20T04:29:53+07:00,ok,1057,1667,8063,0,0,0,758.3
2026-06-20T04:30:04+07:00,ok,1057,1667,8063,0,0,0,794.8
2026-06-20T04:30:15+07:00,ok,1062,1681,8098,5,14,35,766.1
2026-06-20T04:30:26+07:00,ok,1062,1681,8098,0,0,0,854
2026-06-20T04:30:37+07:00,ok,1062,1681,8098,0,0,0,729
2026-06-20T04:30:48+07:00,ok,1062,1681,8098,0,0,0,830.2
2026-06-20T04:30:59+07:00,ok,1062,1681,8098,0,0,0,835.5
2026-06-20T04:31:10+07:00,ok,1062,1681,8098,0,0,0,846.9
2026-06-20T04:31:21+07:00,ok,1068,1690,8143,6,9,45,908.1
2026-06-20T04:31:32+07:00,ok,1068,1690,8143,0,0,0,786.9
2026-06-20T04:31:43+07:00,ok,1068,1690,8143,0,0,0,827.4
2026-06-20T04:31:54+07:00,ok,1068,1690,8143,0,0,0,821.2
2026-06-20T04:32:04+07:00,ok,1068,1690,8143,0,0,0,758.7
2026-06-20T04:32:15+07:00,ok,1076,1705,8206,8,15,63,1040.9
2026-06-20T04:32:26+07:00,ok,1076,1705,8206,0,0,0,826.8
2026-06-20T04:32:37+07:00,ok,1076,1705,8206,0,0,0,805.9
2026-06-20T04:32:48+07:00,ok,1076,1705,8206,0,0,0,857.3
2026-06-20T04:32:59+07:00,ok,1076,1705,8206,0,0,0,871.4
2026-06-20T04:33:10+07:00,ok,1076,1705,8206,0,0,0,849.6
2026-06-20T04:33:21+07:00,ok,1084,1717,8269,8,12,63,910.3
2026-06-20T04:33:32+07:00,ok,1084,1717,8269,0,0,0,809.9
2026-06-20T04:33:43+07:00,ok,1084,1717,8269,0,0,0,865.7
2026-06-20T04:33:54+07:00,ok,1084,1717,8269,0,0,0,819.1
2026-06-20T04:34:05+07:00,ok,1084,1717,8269,0,0,0,851.1
2026-06-20T04:34:16+07:00,ok,1084,1717,8269,0,0,0,882.9
2026-06-20T04:34:27+07:00,ok,1094,1730,8336,10,13,67,722.9
2026-06-20T04:34:38+07:00,ok,1094,1730,8336,0,0,0,710.4
2026-06-20T04:34:49+07:00,ok,1094,1730,8336,0,0,0,816
2026-06-20T04:34:59+07:00,ok,1094,1730,8336,0,0,0,795
2026-06-20T04:35:10+07:00,ok,1094,1730,8336,0,0,0,757.5
2026-06-20T04:35:21+07:00,ok,1104,1737,8376,10,7,40,810.1
2026-06-20T04:35:32+07:00,ok,1104,1737,8376,0,0,0,805.7
2026-06-20T04:35:43+07:00,ok,1104,1737,8376,0,0,0,779.9
2026-06-20T04:35:54+07:00,ok,1104,1737,8376,0,0,0,843.3
2026-06-20T04:36:05+07:00,ok,1104,1737,8376,0,0,0,789.8
2026-06-20T04:36:16+07:00,ok,1104,1737,8376,0,0,0,787.7
2026-06-20T04:36:27+07:00,ok,1109,1743,8427,5,6,51,838.3
2026-06-20T04:36:38+07:00,ok,1109,1743,8427,0,0,0,857.3
2026-06-20T04:36:49+07:00,ok,1109,1743,8427,0,0,0,858.6
2026-06-20T04:37:00+07:00,ok,1109,1743,8427,0,0,0,879.2
2026-06-20T04:37:11+07:00,ok,1109,1743,8427,0,0,0,884
2026-06-20T04:37:21+07:00,ok,1109,1743,8427,0,0,0,791.4
2026-06-20T04:37:32+07:00,ok,1119,1756,8472,10,13,45,768
2026-06-20T04:37:43+07:00,ok,1119,1756,8472,0,0,0,825
2026-06-20T04:37:54+07:00,ok,1119,1756,8472,0,0,0,830.4
2026-06-20T04:38:05+07:00,ok,1119,1756,8472,0,0,0,920.5
2026-06-20T04:38:16+07:00,ok,1119,1756,8472,0,0,0,928.2
2026-06-20T04:38:27+07:00,ok,1129,1766,8520,10,10,48,959.4
2026-06-20T04:38:38+07:00,ok,1129,1766,8520,0,0,0,851.6
2026-06-20T04:38:49+07:00,ok,1129,1766,8520,0,0,0,852
2026-06-20T04:39:00+07:00,ok,1129,1766,8520,0,0,0,828.6
2026-06-20T04:39:11+07:00,ok,1129,1766,8520,0,0,0,970.5
2026-06-20T04:39:22+07:00,ok,1129,1766,8520,0,0,0,924.3
2026-06-20T04:39:33+07:00,ok,1136,1775,8556,7,9,36,848.5
2026-06-20T04:39:44+07:00,ok,1136,1775,8556,0,0,0,866.7
2026-06-20T04:39:55+07:00,ok,1136,1775,8556,0,0,0,996.1
2026-06-20T04:40:06+07:00,ok,1136,1775,8556,0,0,0,852.7
2026-06-20T04:40:17+07:00,ok,1136,1775,8556,0,0,0,947.9
2026-06-20T04:40:29+07:00,ok,1143,1788,8586,7,13,30,1543.1
2026-06-20T04:40:40+07:00,ok,1143,1788,8586,0,0,0,979.9
2026-06-20T04:40:51+07:00,ok,1143,1788,8586,0,0,0,855.3
2026-06-20T04:41:02+07:00,ok,1143,1788,8586,0,0,0,885.7
2026-06-20T04:41:13+07:00,ok,1143,1788,8586,0,0,0,1259.2
2026-06-20T04:41:25+07:00,ok,1143,1788,8586,0,0,0,986.6
2026-06-20T04:41:36+07:00,ok,1149,1793,8630,6,5,44,1111.4
2026-06-20T04:41:47+07:00,ok,1149,1793,8630,0,0,0,919.1
2026-06-20T04:41:58+07:00,ok,1149,1793,8630,0,0,0,1057.7
2026-06-20T04:42:09+07:00,ok,1149,1793,8630,0,0,0,972.5
2026-06-20T04:42:20+07:00,ok,1149,1793,8630,0,0,0,859.1
2026-06-20T04:42:31+07:00,ok,1149,1793,8630,0,0,0,945.6
2026-06-20T04:42:42+07:00,ok,1152,1801,8700,3,8,70,902.3
2026-06-20T04:42:53+07:00,ok,1152,1801,8700,0,0,0,927
2026-06-20T04:43:04+07:00,ok,1152,1801,8700,0,0,0,924
2026-06-20T04:43:15+07:00,ok,1152,1801,8700,0,0,0,1088.6
2026-06-20T04:43:27+07:00,ok,1152,1801,8700,0,0,0,844
2026-06-20T04:43:38+07:00,ok,1160,1814,8766,8,13,66,867.6
2026-06-20T04:43:49+07:00,ok,1160,1814,8766,0,0,0,923.5
2026-06-20T04:44:00+07:00,ok,1160,1814,8766,0,0,0,859.2
2026-06-20T04:44:11+07:00,ok,1160,1814,8766,0,0,0,1000.9
2026-06-20T04:44:22+07:00,ok,1160,1814,8766,0,0,0,931.8
2026-06-20T04:44:33+07:00,ok,1160,1814,8766,0,0,0,916.2
2026-06-20T04:44:44+07:00,ok,1169,1825,8797,9,11,31,1028.6
2026-06-20T04:44:55+07:00,ok,1169,1825,8797,0,0,0,932
2026-06-20T04:45:06+07:00,ok,1169,1825,8797,0,0,0,876.2
2026-06-20T04:45:17+07:00,ok,1169,1825,8797,0,0,0,912.7
2026-06-20T04:45:28+07:00,ok,1169,1825,8797,0,0,0,956.9
2026-06-20T04:45:39+07:00,ok,1174,1838,8839,5,13,42,1002.7
2026-06-20T04:45:50+07:00,ok,1174,1838,8839,0,0,0,990
2026-06-20T04:46:01+07:00,ok,1174,1838,8839,0,0,0,896.1
2026-06-20T04:46:12+07:00,ok,1174,1838,8839,0,0,0,958.5
2026-06-20T04:46:23+07:00,ok,1174,1838,8839,0,0,0,846.4
2026-06-20T04:46:34+07:00,ok,1174,1838,8839,0,0,0,953.2
2026-06-20T04:46:45+07:00,ok,1181,1851,8883,7,13,44,973.9
2026-06-20T04:46:57+07:00,ok,1181,1851,8883,0,0,0,995
2026-06-20T04:47:08+07:00,ok,1181,1851,8883,0,0,0,941
2026-06-20T04:47:19+07:00,ok,1181,1851,8883,0,0,0,1066.6
2026-06-20T04:47:30+07:00,ok,1181,1851,8883,0,0,0,968.2
2026-06-20T04:47:41+07:00,ok,1181,1851,8883,0,0,0,1300.7
2026-06-20T04:47:52+07:00,ok,1191,1865,8924,10,14,41,930.8
2026-06-20T04:48:03+07:00,ok,1191,1865,8924,0,0,0,802.3
2026-06-20T04:48:14+07:00,ok,1191,1865,8924,0,0,0,953.3
2026-06-20T04:48:25+07:00,ok,1191,1865,8924,0,0,0,946.7
2026-06-20T04:48:36+07:00,ok,1191,1865,8924,0,0,0,866.1
2026-06-20T04:48:47+07:00,ok,1201,1875,8980,10,10,56,861.9
2026-06-20T04:48:58+07:00,ok,1201,1875,8980,0,0,0,900.6
2026-06-20T04:49:09+07:00,ok,1201,1875,8980,0,0,0,925.1
2026-06-20T04:49:21+07:00,ok,1201,1875,8980,0,0,0,947.5
2026-06-20T04:49:32+07:00,ok,1201,1875,8980,0,0,0,1016.5
2026-06-20T04:49:43+07:00,ok,1201,1875,8980,0,0,0,921.9
2026-06-20T04:49:54+07:00,ok,1210,1884,9034,9,9,54,925.9
2026-06-20T04:50:05+07:00,ok,1210,1884,9034,0,0,0,984
2026-06-20T04:50:16+07:00,ok,1210,1884,9034,0,0,0,964
2026-06-20T04:50:27+07:00,ok,1210,1884,9034,0,0,0,940.2
2026-06-20T04:50:38+07:00,ok,1210,1884,9034,0,0,0,1018.8
2026-06-20T04:50:49+07:00,ok,1218,1896,9100,8,12,66,886.8
2026-06-20T04:51:00+07:00,ok,1218,1896,9100,0,0,0,922.6
2026-06-20T04:51:11+07:00,ok,1218,1896,9100,0,0,0,952.4
2026-06-20T04:51:22+07:00,ok,1218,1896,9100,0,0,0,972.6
2026-06-20T04:51:33+07:00,ok,1218,1896,9100,0,0,0,914.9
2026-06-20T04:51:44+07:00,ok,1218,1896,9100,0,0,0,949
2026-06-20T04:51:55+07:00,ok,1225,1909,9131,7,13,31,911.9
2026-06-20T04:52:06+07:00,ok,1225,1909,9131,0,0,0,987.9
2026-06-20T04:52:18+07:00,ok,1225,1909,9131,0,0,0,1072.1
2026-06-20T04:52:29+07:00,ok,1225,1909,9131,0,0,0,952
2026-06-20T04:52:40+07:00,ok,1225,1909,9131,0,0,0,988.9
2026-06-20T04:52:51+07:00,ok,1225,1909,9131,0,0,0,1201.2
2026-06-20T04:53:02+07:00,ok,1231,1924,9183,6,15,52,911.5
2026-06-20T04:53:13+07:00,ok,1231,1924,9183,0,0,0,1021.7
2026-06-20T04:53:24+07:00,ok,1231,1924,9183,0,0,0,973.4
2026-06-20T04:53:36+07:00,ok,1231,1924,9183,0,0,0,855.9
2026-06-20T04:53:47+07:00,ok,1231,1924,9183,0,0,0,909.6
2026-06-20T04:53:58+07:00,ok,1241,1936,9233,10,12,50,891.4
2026-06-20T04:54:09+07:00,ok,1241,1936,9233,0,0,0,976
2026-06-20T04:54:20+07:00,ok,1241,1936,9233,0,0,0,997.5
2026-06-20T04:54:31+07:00,ok,1241,1936,9233,0,0,0,937.7
2026-06-20T04:54:42+07:00,ok,1241,1936,9233,0,0,0,961
2026-06-20T04:54:53+07:00,ok,1241,1936,9233,0,0,0,959
2026-06-20T04:55:04+07:00,ok,1248,1943,9280,7,7,47,968.8
2026-06-20T04:55:15+07:00,ok,1248,1943,9280,0,0,0,911.4
2026-06-20T04:55:26+07:00,ok,1248,1943,9280,0,0,0,869.9
2026-06-20T04:55:37+07:00,ok,1248,1943,9280,0,0,0,951.9
2026-06-20T04:55:48+07:00,ok,1248,1943,9280,0,0,0,925.4
2026-06-20T04:55:59+07:00,ok,1257,1958,9340,9,15,60,1187.9
2026-06-20T04:56:11+07:00,ok,1257,1958,9340,0,0,0,824.5
2026-06-20T04:56:22+07:00,ok,1257,1958,9340,0,0,0,924.6
2026-06-20T04:56:33+07:00,ok,1257,1958,9340,0,0,0,944.4
2026-06-20T04:56:44+07:00,ok,1257,1958,9340,0,0,0,949.2
2026-06-20T04:56:55+07:00,ok,1257,1958,9340,0,0,0,931.9
2026-06-20T04:57:06+07:00,ok,1265,1970,9401,8,12,61,869
2026-06-20T04:57:17+07:00,ok,1265,1970,9401,0,0,0,981
2026-06-20T04:57:28+07:00,ok,1265,1970,9401,0,0,0,891
2026-06-20T04:57:39+07:00,ok,1265,1970,9401,0,0,0,854
2026-06-20T04:57:50+07:00,ok,1265,1970,9401,0,0,0,964.2
2026-06-20T04:58:01+07:00,ok,1265,1970,9401,0,0,0,1007.1
2026-06-20T04:58:12+07:00,ok,1274,1978,9441,9,8,40,939.9
2026-06-20T04:58:23+07:00,ok,1274,1978,9441,0,0,0,1000.7
2026-06-20T04:58:34+07:00,ok,1274,1978,9441,0,0,0,960.4
2026-06-20T04:58:45+07:00,ok,1274,1978,9441,0,0,0,832.1
2026-06-20T04:58:56+07:00,ok,1274,1978,9441,0,0,0,916.8
2026-06-20T04:59:07+07:00,ok,1281,1991,9492,7,13,51,1007.2
2026-06-20T04:59:18+07:00,ok,1281,1991,9492,0,0,0,895
2026-06-20T04:59:29+07:00,ok,1281,1991,9492,0,0,0,1037.8
2026-06-20T04:59:41+07:00,ok,1281,1991,9492,0,0,0,1036.3
2026-06-20T04:59:52+07:00,ok,1281,1991,9492,0,0,0,978.5
2026-06-20T05:00:03+07:00,ok,1281,1991,9492,0,0,0,974.7
2026-06-20T05:00:14+07:00,ok,1289,1997,9531,8,6,39,948.1
2026-06-20T05:00:25+07:00,ok,1289,1997,9531,0,0,0,940.5
2026-06-20T05:00:36+07:00,ok,1289,1997,9531,0,0,0,966.5
2026-06-20T05:00:47+07:00,ok,1289,1997,9531,0,0,0,926.3
2026-06-20T05:00:58+07:00,ok,1289,1997,9531,0,0,0,858.8
2026-06-20T05:01:09+07:00,ok,1299,2010,9601,10,13,70,968.2
2026-06-20T05:01:20+07:00,ok,1299,2010,9601,0,0,0,1015.7
2026-06-20T05:01:31+07:00,ok,1299,2010,9601,0,0,0,849
2026-06-20T05:01:42+07:00,ok,1299,2010,9601,0,0,0,1067
2026-06-20T05:01:54+07:00,ok,1299,2010,9601,0,0,0,992.2
2026-06-20T05:02:05+07:00,ok,1299,2010,9601,0,0,0,995.9
2026-06-20T05:02:16+07:00,ok,1303,2020,9643,4,10,42,960.7
2026-06-20T05:02:27+07:00,ok,1303,2020,9643,0,0,0,926.5
2026-06-20T05:02:38+07:00,ok,1303,2020,9643,0,0,0,876.8
2026-06-20T05:02:49+07:00,ok,1303,2020,9643,0,0,0,874.7
2026-06-20T05:03:00+07:00,ok,1303,2020,9643,0,0,0,984.1
2026-06-20T05:03:11+07:00,ok,1306,2028,9643,3,8,0,1006.6
2026-06-20T05:03:22+07:00,ok,1306,2028,9679,0,0,36,909.5
2026-06-20T05:03:33+07:00,ok,1306,2028,9679,0,0,0,905.9
2026-06-20T05:03:44+07:00,ok,1306,2028,9679,0,0,0,984.7
2026-06-20T05:03:55+07:00,ok,1306,2028,9679,0,0,0,964.4
2026-06-20T05:04:06+07:00,ok,1306,2028,9679,0,0,0,966.4
2026-06-20T05:04:17+07:00,ok,1315,2035,9747,9,7,68,926.4
2026-06-20T05:04:29+07:00,ok,1315,2035,9747,0,0,0,1033
2026-06-20T05:04:40+07:00,ok,1315,2035,9747,0,0,0,991.8
2026-06-20T05:04:51+07:00,ok,1315,2035,9747,0,0,0,867.2
2026-06-20T05:05:02+07:00,ok,1315,2035,9747,0,0,0,858.2
2026-06-20T05:05:13+07:00,ok,1315,2035,9747,0,0,0,940.3
2026-06-20T05:05:24+07:00,ok,1325,2049,9798,10,14,51,912
2026-06-20T05:05:35+07:00,ok,1325,2049,9798,0,0,0,906.1
2026-06-20T05:05:46+07:00,ok,1325,2049,9798,0,0,0,945.7
2026-06-20T05:05:57+07:00,ok,1325,2049,9798,0,0,0,988.6
2026-06-20T05:06:08+07:00,ok,1325,2049,9798,0,0,0,917.3
2026-06-20T05:06:19+07:00,ok,1335,2062,9842,10,13,44,969.3
2026-06-20T05:06:30+07:00,ok,1335,2062,9842,0,0,0,883.9
2026-06-20T05:06:41+07:00,ok,1335,2062,9842,0,0,0,982.2
2026-06-20T05:06:52+07:00,ok,1335,2062,9842,0,0,0,956.7
2026-06-20T05:07:03+07:00,ok,1335,2062,9842,0,0,0,948.9
2026-06-20T05:07:14+07:00,ok,1335,2062,9842,0,0,0,869.7
2026-06-20T05:07:25+07:00,ok,1340,2072,9893,5,10,51,932.3
2026-06-20T05:07:36+07:00,ok,1340,2072,9893,0,0,0,890.1
2026-06-20T05:07:47+07:00,ok,1340,2072,9893,0,0,0,949.4
2026-06-20T05:07:59+07:00,ok,1340,2072,9893,0,0,0,948.2
2026-06-20T05:08:10+07:00,ok,1340,2072,9893,0,0,0,970.5
2026-06-20T05:08:21+07:00,ok,1340,2072,9893,0,0,0,1278.3
2026-06-20T05:08:32+07:00,ok,1344,2086,9962,4,14,69,983.3
2026-06-20T05:08:43+07:00,ok,1344,2086,9962,0,0,0,968.9
2026-06-20T05:08:54+07:00,ok,1344,2086,9962,0,0,0,872.3
2026-06-20T05:09:05+07:00,ok,1344,2086,9962,0,0,0,851.1
2026-06-20T05:09:16+07:00,ok,1344,2086,9962,0,0,0,909.1
2026-06-20T05:09:27+07:00,ok,1347,2095,10008,3,9,46,897.8
2026-06-20T05:09:38+07:00,ok,1347,2095,10008,0,0,0,1038.1
2026-06-20T05:09:49+07:00,ok,1347,2095,10008,0,0,0,986.2
2026-06-20T05:10:01+07:00,ok,1347,2095,10008,0,0,0,1030.8
2026-06-20T05:10:12+07:00,ok,1347,2095,10008,0,0,0,901
2026-06-20T05:10:23+07:00,ok,1347,2095,10008,0,0,0,1027.5
2026-06-20T05:10:34+07:00,ok,1352,2103,10045,5,8,37,846.4
2026-06-20T05:10:45+07:00,ok,1352,2103,10045,0,0,0,925.9
2026-06-20T05:10:56+07:00,ok,1352,2103,10045,0,0,0,904
2026-06-20T05:11:07+07:00,ok,1352,2103,10045,0,0,0,945.7
2026-06-20T05:11:18+07:00,ok,1352,2103,10045,0,0,0,896.1
2026-06-20T05:11:29+07:00,ok,1358,2117,10110,6,14,65,896.5
2026-06-20T05:11:40+07:00,ok,1358,2117,10110,0,0,0,912.4
2026-06-20T05:11:51+07:00,ok,1358,2117,10110,0,0,0,915.8
2026-06-20T05:12:02+07:00,ok,1358,2117,10110,0,0,0,1112.2
2026-06-20T05:12:13+07:00,ok,1358,2117,10110,0,0,0,961.4
2026-06-20T05:12:24+07:00,ok,1358,2117,10110,0,0,0,925
2026-06-20T05:12:35+07:00,ok,1368,2122,10144,10,5,34,971
2026-06-20T05:12:47+07:00,ok,1368,2122,10144,0,0,0,960.6
2026-06-20T05:12:58+07:00,ok,1368,2122,10144,0,0,0,978.2
2026-06-20T05:13:09+07:00,ok,1368,2122,10144,0,0,0,1153.6
2026-06-20T05:13:20+07:00,ok,1368,2122,10144,0,0,0,1073.1
2026-06-20T05:13:31+07:00,ok,1371,2130,10201,3,8,57,1362.6
2026-06-20T05:13:43+07:00,ok,1371,2130,10201,0,0,0,944.2
2026-06-20T05:13:54+07:00,ok,1371,2130,10201,0,0,0,833.6
2026-06-20T05:14:05+07:00,ok,1371,2130,10201,0,0,0,959.8
2026-06-20T05:14:16+07:00,ok,1371,2130,10201,0,0,0,818.2
2026-06-20T05:14:27+07:00,ok,1371,2130,10201,0,0,0,902.7
2026-06-20T05:14:38+07:00,ok,1374,2135,10264,3,5,63,943.2
2026-06-20T05:14:49+07:00,ok,1374,2135,10264,0,0,0,881.9
2026-06-20T05:15:00+07:00,ok,1374,2135,10264,0,0,0,825.5
2026-06-20T05:15:11+07:00,ok,1374,2135,10264,0,0,0,859.3
2026-06-20T05:15:22+07:00,ok,1374,2135,10264,0,0,0,989
2026-06-20T05:15:33+07:00,ok,1374,2135,10264,0,0,0,889.8
2026-06-20T05:15:44+07:00,ok,1384,2149,10301,10,14,37,929.7
2026-06-20T05:15:55+07:00,ok,1384,2149,10301,0,0,0,887.5
2026-06-20T05:16:06+07:00,ok,1384,2149,10301,0,0,0,900.4
2026-06-20T05:16:17+07:00,ok,1384,2149,10301,0,0,0,963.3
2026-06-20T05:16:28+07:00,ok,1384,2149,10301,0,0,0,946.7
2026-06-20T05:16:39+07:00,ok,1387,2156,10367,3,7,66,882.2
2026-06-20T05:16:50+07:00,ok,1387,2156,10367,0,0,0,946.5
2026-06-20T05:17:01+07:00,ok,1387,2156,10367,0,0,0,801.2
2026-06-20T05:17:12+07:00,ok,1387,2156,10367,0,0,0,1018.4
2026-06-20T05:17:23+07:00,ok,1387,2156,10367,0,0,0,912.6
2026-06-20T05:17:34+07:00,ok,1387,2156,10367,0,0,0,868.8
2026-06-20T05:17:45+07:00,ok,1393,2170,10397,6,14,30,1105
2026-06-20T05:17:56+07:00,ok,1393,2170,10397,0,0,0,831.3
2026-06-20T05:18:07+07:00,ok,1393,2170,10397,0,0,0,1029.5
2026-06-20T05:18:19+07:00,ok,1393,2170,10397,0,0,0,909.2
2026-06-20T05:18:30+07:00,ok,1393,2170,10397,0,0,0,932.4
2026-06-20T05:18:41+07:00,ok,1393,2170,10397,0,0,0,1125.5
2026-06-20T05:18:52+07:00,ok,1403,2185,10439,10,15,42,969.4
2026-06-20T05:19:03+07:00,ok,1403,2185,10439,0,0,0,952.7
2026-06-20T05:19:14+07:00,ok,1403,2185,10439,0,0,0,888.1
2026-06-20T05:19:25+07:00,ok,1403,2185,10439,0,0,0,930.7
2026-06-20T05:19:36+07:00,ok,1403,2185,10439,0,0,0,931.3
2026-06-20T05:19:47+07:00,ok,1407,2194,10481,4,9,42,1056
2026-06-20T05:19:58+07:00,ok,1407,2194,10481,0,0,0,916.9
2026-06-20T05:20:09+07:00,ok,1407,2194,10481,0,0,0,887.5
2026-06-20T05:20:20+07:00,ok,1407,2194,10481,0,0,0,845.5
2026-06-20T05:20:31+07:00,ok,1407,2194,10481,0,0,0,870.5
2026-06-20T05:20:42+07:00,ok,1407,2194,10481,0,0,0,845.2
2026-06-20T05:20:53+07:00,ok,1416,2209,10540,9,15,59,879.8
2026-06-20T05:21:04+07:00,ok,1416,2209,10540,0,0,0,883.8
2026-06-20T05:21:15+07:00,ok,1416,2209,10540,0,0,0,847.4
2026-06-20T05:21:26+07:00,ok,1416,2209,10540,0,0,0,898.9
2026-06-20T05:21:37+07:00,ok,1416,2209,10540,0,0,0,1029.4
2026-06-20T05:21:48+07:00,ok,1419,2218,10576,3,9,36,1110.9
2026-06-20T05:22:00+07:00,ok,1419,2218,10576,0,0,0,945.8
2026-06-20T05:22:11+07:00,ok,1419,2218,10576,0,0,0,936
2026-06-20T05:22:22+07:00,ok,1419,2218,10576,0,0,0,1131.5
2026-06-20T05:22:33+07:00,ok,1419,2218,10576,0,0,0,873.7
2026-06-20T05:22:44+07:00,ok,1419,2218,10576,0,0,0,1091.8
2026-06-20T05:22:55+07:00,ok,1425,2233,10634,6,15,58,919.6
2026-06-20T05:23:06+07:00,ok,1425,2233,10634,0,0,0,955.9
2026-06-20T05:23:17+07:00,ok,1425,2233,10634,0,0,0,917.5
2026-06-20T05:23:28+07:00,ok,1425,2233,10634,0,0,0,943.3
2026-06-20T05:23:39+07:00,ok,1425,2233,10634,0,0,0,976.9
2026-06-20T05:23:51+07:00,ok,1425,2233,10634,0,0,0,1068.9
2026-06-20T05:24:02+07:00,ok,1434,2243,10690,9,10,56,983.2
2026-06-20T05:24:13+07:00,ok,1434,2243,10690,0,0,0,912.9
2026-06-20T05:24:24+07:00,ok,1434,2243,10690,0,0,0,882.5
2026-06-20T05:24:35+07:00,ok,1434,2243,10690,0,0,0,1059.3
2026-06-20T05:24:46+07:00,ok,1434,2243,10690,0,0,0,830.9
2026-06-20T05:24:57+07:00,ok,1438,2249,10760,4,6,70,1006.3
2026-06-20T05:25:08+07:00,ok,1438,2249,10760,0,0,0,935.9
2026-06-20T05:25:19+07:00,ok,1438,2249,10760,0,0,0,967.1
2026-06-20T05:25:30+07:00,ok,1438,2249,10760,0,0,0,936.5
2026-06-20T05:25:41+07:00,ok,1438,2249,10760,0,0,0,886.3
2026-06-20T05:25:52+07:00,ok,1438,2249,10760,0,0,0,945.4
2026-06-20T05:26:03+07:00,ok,1442,2259,10804,4,10,44,984.3
2026-06-20T05:26:14+07:00,ok,1442,2259,10804,0,0,0,837.6
2026-06-20T05:26:25+07:00,ok,1442,2259,10804,0,0,0,892
2026-06-20T05:26:36+07:00,ok,1442,2259,10804,0,0,0,979.1
2026-06-20T05:26:48+07:00,ok,1442,2259,10804,0,0,0,976.1
2026-06-20T05:26:59+07:00,ok,1447,2268,10856,5,9,52,1263.9
2026-06-20T05:27:10+07:00,ok,1447,2268,10856,0,0,0,974.6
2026-06-20T05:27:21+07:00,ok,1447,2268,10856,0,0,0,1047.2
2026-06-20T05:27:32+07:00,ok,1447,2268,10856,0,0,0,897.3
2026-06-20T05:27:43+07:00,ok,1447,2268,10856,0,0,0,1010.8
2026-06-20T05:27:54+07:00,ok,1447,2268,10856,0,0,0,798.2
2026-06-20T05:28:05+07:00,ok,1455,2278,10921,8,10,65,897.1
2026-06-20T05:28:16+07:00,ok,1455,2278,10921,0,0,0,983.8
2026-06-20T05:28:27+07:00,ok,1455,2278,10921,0,0,0,1112.2
2026-06-20T05:28:39+07:00,ok,1455,2278,10921,0,0,0,969.1
2026-06-20T05:28:50+07:00,ok,1455,2278,10921,0,0,0,861.9
2026-06-20T05:29:01+07:00,ok,1455,2278,10921,0,0,0,974.2
2026-06-20T05:29:12+07:00,ok,1458,2290,10960,3,12,39,859.9
2026-06-20T05:29:23+07:00,ok,1458,2290,10960,0,0,0,995.1
2026-06-20T05:29:34+07:00,ok,1458,2290,10960,0,0,0,841.2
2026-06-20T05:29:45+07:00,ok,1458,2290,10960,0,0,0,962.2
2026-06-20T05:29:56+07:00,ok,1458,2290,10960,0,0,0,946.3
2026-06-20T05:30:07+07:00,ok,1462,2297,11023,4,7,63,935.7
2026-06-20T05:30:18+07:00,ok,1462,2297,11023,0,0,0,875.8
2026-06-20T05:30:29+07:00,ok,1462,2297,11023,0,0,0,930.4
2026-06-20T05:30:40+07:00,ok,1462,2297,11023,0,0,0,952.7
2026-06-20T05:30:51+07:00,ok,1462,2297,11023,0,0,0,891.6
2026-06-20T05:31:02+07:00,ok,1462,2297,11023,0,0,0,912.3
2026-06-20T05:31:13+07:00,ok,1466,2310,11069,4,13,46,924.5
2026-06-20T05:31:24+07:00,ok,1466,2310,11069,0,0,0,826
2026-06-20T05:31:35+07:00,ok,1466,2310,11069,0,0,0,877.7
2026-06-20T05:31:46+07:00,ok,1466,2310,11069,0,0,0,873.7
2026-06-20T05:31:57+07:00,ok,1466,2310,11069,0,0,0,936.7
2026-06-20T05:32:08+07:00,ok,1475,2318,11091,9,8,22,1443.6
2026-06-20T05:32:20+07:00,ok,1475,2318,11113,0,0,22,1047.4
2026-06-20T05:32:31+07:00,ok,1475,2318,11113,0,0,0,981.7
2026-06-20T05:32:42+07:00,ok,1475,2318,11113,0,0,0,891.6
2026-06-20T05:32:53+07:00,ok,1475,2318,11113,0,0,0,933.8
2026-06-20T05:33:04+07:00,ok,1475,2318,11113,0,0,0,911.9
2026-06-20T05:33:15+07:00,ok,1484,2326,11183,9,8,70,957.4
2026-06-20T05:33:26+07:00,ok,1484,2326,11183,0,0,0,869.7
2026-06-20T05:33:37+07:00,ok,1484,2326,11183,0,0,0,929
2026-06-20T05:33:48+07:00,ok,1484,2326,11183,0,0,0,870.5
2026-06-20T05:33:59+07:00,ok,1484,2326,11183,0,0,0,1017.3
2026-06-20T05:34:10+07:00,ok,1484,2326,11183,0,0,0,924.4
2026-06-20T05:34:21+07:00,ok,1488,2340,11237,4,14,54,1082.7
2026-06-20T05:34:33+07:00,ok,1488,2340,11237,0,0,0,970.7
2026-06-20T05:34:44+07:00,ok,1488,2340,11237,0,0,0,983.3
2026-06-20T05:34:55+07:00,ok,1488,2340,11237,0,0,0,989.1
2026-06-20T05:35:06+07:00,ok,1488,2340,11237,0,0,0,1044.4
2026-06-20T05:35:17+07:00,ok,1494,2352,11293,6,12,56,852.4
2026-06-20T05:35:28+07:00,ok,1494,2352,11293,0,0,0,934.8
2026-06-20T05:35:39+07:00,ok,1494,2352,11293,0,0,0,905
2026-06-20T05:35:50+07:00,ok,1494,2352,11293,0,0,0,878
2026-06-20T05:36:01+07:00,ok,1494,2352,11293,0,0,0,1030.1
2026-06-20T05:36:12+07:00,ok,1494,2352,11293,0,0,0,958.9
2026-06-20T05:36:23+07:00,ok,1503,2366,11357,9,14,64,866.5
2026-06-20T05:36:34+07:00,ok,1503,2366,11357,0,0,0,863.9
2026-06-20T05:36:45+07:00,ok,1503,2366,11357,0,0,0,939.8
2026-06-20T05:36:56+07:00,ok,1503,2366,11357,0,0,0,909.4
2026-06-20T05:37:07+07:00,ok,1503,2366,11357,0,0,0,939
2026-06-20T05:37:18+07:00,ok,1503,2366,11357,0,0,0,1079.7
2026-06-20T05:37:30+07:00,ok,1513,2374,11410,10,8,53,983.3
2026-06-20T05:37:41+07:00,ok,1513,2374,11410,0,0,0,952.6
2026-06-20T05:37:52+07:00,ok,1513,2374,11410,0,0,0,889.2
2026-06-20T05:38:03+07:00,ok,1513,2374,11410,0,0,0,936
2026-06-20T05:38:14+07:00,ok,1513,2374,11410,0,0,0,1018.4
2026-06-20T05:38:25+07:00,ok,1518,2387,11469,5,13,59,887.4
2026-06-20T05:38:36+07:00,ok,1518,2387,11469,0,0,0,1011
2026-06-20T05:38:47+07:00,ok,1518,2387,11469,0,0,0,1014.7
2026-06-20T05:38:58+07:00,ok,1518,2387,11469,0,0,0,941.2
2026-06-20T05:39:09+07:00,ok,1518,2387,11469,0,0,0,837.5
2026-06-20T05:39:20+07:00,ok,1518,2387,11469,0,0,0,928.2
2026-06-20T05:39:31+07:00,ok,1524,2392,11517,6,5,48,830.2
2026-06-20T05:39:42+07:00,ok,1524,2392,11517,0,0,0,924.6
2026-06-20T05:39:53+07:00,ok,1524,2392,11517,0,0,0,988
2026-06-20T05:40:04+07:00,ok,1524,2392,11517,0,0,0,932.8
2026-06-20T05:40:15+07:00,ok,1524,2392,11517,0,0,0,911.2
2026-06-20T05:40:27+07:00,ok,1531,2398,11562,7,6,45,1117.8
2026-06-20T05:40:38+07:00,ok,1531,2398,11562,0,0,0,913.9
2026-06-20T05:40:49+07:00,ok,1531,2398,11562,0,0,0,931.1
2026-06-20T05:41:00+07:00,ok,1531,2398,11562,0,0,0,966
2026-06-20T05:41:11+07:00,ok,1531,2398,11562,0,0,0,1082.5
2026-06-20T05:41:22+07:00,ok,1531,2398,11562,0,0,0,1017.1
2026-06-20T05:41:33+07:00,ok,1538,2404,11626,7,6,64,888.5
2026-06-20T05:41:44+07:00,ok,1538,2404,11626,0,0,0,1168.3
2026-06-20T05:41:56+07:00,ok,1538,2404,11626,0,0,0,1044.1
2026-06-20T05:42:07+07:00,ok,1538,2404,11626,0,0,0,1184.9
2026-06-20T05:42:18+07:00,ok,1538,2404,11626,0,0,0,951.5
2026-06-20T05:42:29+07:00,ok,1540,2405,11626,2,1,0,1358.7
2026-06-20T05:42:41+07:00,ok,1541,2414,11690,1,9,64,1226.4
2026-06-20T05:42:52+07:00,ok,1541,2414,11690,0,0,0,888.9
2026-06-20T05:43:03+07:00,ok,1541,2414,11690,0,0,0,918.3
2026-06-20T05:43:14+07:00,ok,1541,2414,11690,0,0,0,957.6
2026-06-20T05:43:25+07:00,ok,1541,2414,11690,0,0,0,840.1
2026-06-20T05:43:36+07:00,ok,1551,2428,11760,10,14,70,952.4
2026-06-20T05:43:47+07:00,ok,1551,2428,11760,0,0,0,889.6
2026-06-20T05:43:58+07:00,ok,1551,2428,11760,0,0,0,904.2
2026-06-20T05:44:09+07:00,ok,1551,2428,11760,0,0,0,903.2
2026-06-20T05:44:20+07:00,ok,1551,2428,11760,0,0,0,1080.9
2026-06-20T05:44:31+07:00,ok,1551,2428,11760,0,0,0,923.3
2026-06-20T05:44:42+07:00,ok,1559,2441,11794,8,13,34,953.9
2026-06-20T05:44:54+07:00,ok,1559,2441,11794,0,0,0,913.7
2026-06-20T05:45:05+07:00,ok,1559,2441,11794,0,0,0,913.4
2026-06-20T05:45:16+07:00,ok,1559,2441,11794,0,0,0,1012.4
2026-06-20T05:45:27+07:00,ok,1559,2441,11794,0,0,0,1000.2
2026-06-20T05:45:38+07:00,ok,1564,2456,11859,5,15,65,941.8
2026-06-20T05:45:49+07:00,ok,1564,2456,11859,0,0,0,934.8
2026-06-20T05:46:00+07:00,ok,1564,2456,11859,0,0,0,877.7
2026-06-20T05:46:11+07:00,ok,1564,2456,11859,0,0,0,869.3
2026-06-20T05:46:22+07:00,ok,1564,2456,11859,0,0,0,933.7
2026-06-20T05:46:33+07:00,ok,1564,2456,11859,0,0,0,1039.2
2026-06-20T05:46:44+07:00,ok,1574,2463,11915,10,7,56,908.7
2026-06-20T05:46:55+07:00,ok,1574,2463,11915,0,0,0,882.1
2026-06-20T05:47:06+07:00,ok,1574,2463,11915,0,0,0,856.3
2026-06-20T05:47:17+07:00,ok,1574,2463,11915,0,0,0,877.3
2026-06-20T05:47:28+07:00,ok,1574,2463,11915,0,0,0,884.6
2026-06-20T05:47:39+07:00,ok,1574,2463,11915,0,0,0,910.7
2026-06-20T05:47:50+07:00,ok,1583,2471,11961,9,8,46,1535.2
2026-06-20T05:48:02+07:00,ok,1583,2471,11961,0,0,0,870.5
2026-06-20T05:48:13+07:00,ok,1583,2471,11961,0,0,0,872.4
2026-06-20T05:48:24+07:00,ok,1583,2471,11961,0,0,0,801.2
2026-06-20T05:48:35+07:00,ok,1583,2471,11961,0,0,0,936.5
2026-06-20T05:48:46+07:00,ok,1586,2478,12000,3,7,39,864.5
2026-06-20T05:48:57+07:00,ok,1586,2478,12000,0,0,0,932.9
2026-06-20T05:49:08+07:00,ok,1586,2478,12000,0,0,0,929.5
2026-06-20T05:49:19+07:00,ok,1586,2478,12000,0,0,0,836.7
2026-06-20T05:49:30+07:00,ok,1586,2478,12000,0,0,0,907.1
2026-06-20T05:49:41+07:00,ok,1586,2478,12000,0,0,0,814.4
2026-06-20T05:49:52+07:00,ok,1590,2486,12039,4,8,39,897.6
2026-06-20T05:50:03+07:00,ok,1590,2486,12039,0,0,0,876.7
2026-06-20T05:50:14+07:00,ok,1590,2486,12039,0,0,0,864.6
2026-06-20T05:50:25+07:00,ok,1590,2486,12039,0,0,0,835.8
2026-06-20T05:50:36+07:00,ok,1590,2486,12039,0,0,0,792.9
2026-06-20T05:50:47+07:00,ok,1593,2492,12087,3,6,48,902.9
2026-06-20T05:50:58+07:00,ok,1593,2492,12087,0,0,0,901.7
2026-06-20T05:51:09+07:00,ok,1593,2492,12087,0,0,0,763.3
2026-06-20T05:51:19+07:00,ok,1593,2492,12087,0,0,0,842.1
2026-06-20T05:51:30+07:00,ok,1593,2492,12087,0,0,0,851.2
2026-06-20T05:51:41+07:00,ok,1593,2492,12087,0,0,0,799.3
2026-06-20T05:51:52+07:00,ok,1603,2499,12146,10,7,59,818.5
2026-06-20T05:52:03+07:00,ok,1603,2499,12146,0,0,0,813
2026-06-20T05:52:14+07:00,ok,1603,2499,12146,0,0,0,767.7
2026-06-20T05:52:25+07:00,ok,1603,2499,12146,0,0,0,880
2026-06-20T05:52:36+07:00,ok,1603,2499,12146,0,0,0,850.6
2026-06-20T05:52:47+07:00,ok,1603,2499,12146,0,0,0,876.3
2026-06-20T05:52:58+07:00,ok,1606,2511,12186,3,12,40,851.7
2026-06-20T05:53:09+07:00,ok,1606,2511,12186,0,0,0,781.2
2026-06-20T05:53:20+07:00,ok,1606,2511,12186,0,0,0,849.3
2026-06-20T05:53:31+07:00,ok,1606,2511,12186,0,0,0,821.1
2026-06-20T05:53:42+07:00,ok,1606,2511,12186,0,0,0,883.9
2026-06-20T05:53:53+07:00,ok,1613,2520,12217,7,9,31,851.9
2026-06-20T05:54:04+07:00,ok,1613,2520,12217,0,0,0,794.1
2026-06-20T05:54:14+07:00,ok,1613,2520,12217,0,0,0,789.8
2026-06-20T05:54:25+07:00,ok,1613,2520,12217,0,0,0,812.6
2026-06-20T05:54:36+07:00,ok,1613,2520,12217,0,0,0,862.7
2026-06-20T05:54:47+07:00,ok,1613,2520,12217,0,0,0,821.6
2026-06-20T05:54:58+07:00,ok,1618,2530,12274,5,10,57,915.1
2026-06-20T05:55:09+07:00,ok,1618,2530,12274,0,0,0,852.5
2026-06-20T05:55:20+07:00,ok,1618,2530,12274,0,0,0,911.7
2026-06-20T05:55:31+07:00,ok,1618,2530,12274,0,0,0,807
2026-06-20T05:55:42+07:00,ok,1618,2530,12274,0,0,0,933.8
2026-06-20T05:55:53+07:00,ok,1618,2530,12274,0,0,0,867.7
2026-06-20T05:56:04+07:00,ok,1628,2535,12326,10,5,52,797.4
2026-06-20T05:56:15+07:00,ok,1628,2535,12326,0,0,0,813
2026-06-20T05:56:26+07:00,ok,1628,2535,12326,0,0,0,842.2
2026-06-20T05:56:37+07:00,ok,1628,2535,12326,0,0,0,769.3
2026-06-20T05:56:48+07:00,ok,1628,2535,12326,0,0,0,923.1
2026-06-20T05:56:59+07:00,ok,1636,2542,12373,8,7,47,824.4
2026-06-20T05:57:10+07:00,ok,1636,2542,12373,0,0,0,895.1
2026-06-20T05:57:21+07:00,ok,1636,2542,12373,0,0,0,908.2
2026-06-20T05:57:32+07:00,ok,1636,2542,12373,0,0,0,866.7
2026-06-20T05:57:43+07:00,ok,1636,2542,12373,0,0,0,874.9
2026-06-20T05:57:54+07:00,ok,1636,2542,12373,0,0,0,806.4
2026-06-20T05:58:05+07:00,ok,1643,2548,12436,7,6,63,832.2
2026-06-20T05:58:15+07:00,ok,1643,2548,12436,0,0,0,965.1
2026-06-20T05:58:27+07:00,ok,1643,2548,12436,0,0,0,880.8
2026-06-20T05:58:38+07:00,ok,1643,2548,12436,0,0,0,745.7
2026-06-20T05:58:48+07:00,ok,1643,2548,12436,0,0,0,767.6
2026-06-20T05:58:59+07:00,ok,1643,2548,12436,0,0,0,881.8
2026-06-20T05:59:10+07:00,ok,1649,2553,12477,6,5,41,836.8
2026-06-20T05:59:21+07:00,ok,1649,2553,12477,0,0,0,851
2026-06-20T05:59:32+07:00,ok,1649,2553,12477,0,0,0,822.1
2026-06-20T05:59:43+07:00,ok,1649,2553,12477,0,0,0,878.2
2026-06-20T05:59:54+07:00,ok,1649,2553,12477,0,0,0,816.3
2026-06-20T06:00:05+07:00,ok,1655,2558,12536,6,5,59,830.4
2026-06-20T06:00:16+07:00,ok,1655,2558,12536,0,0,0,815.5
2026-06-20T06:00:27+07:00,ok,1655,2558,12536,0,0,0,853.1
2026-06-20T06:00:38+07:00,ok,1655,2558,12536,0,0,0,829.5
2026-06-20T06:00:49+07:00,ok,1655,2558,12536,0,0,0,848.9
2026-06-20T06:01:00+07:00,ok,1655,2558,12536,0,0,0,862.3
2026-06-20T06:01:11+07:00,ok,1658,2570,12572,3,12,36,874
2026-06-20T06:01:22+07:00,ok,1658,2570,12572,0,0,0,794.3
2026-06-20T06:01:32+07:00,ok,1658,2570,12572,0,0,0,809.7
2026-06-20T06:01:43+07:00,ok,1658,2570,12572,0,0,0,865.7
2026-06-20T06:01:54+07:00,ok,1658,2570,12572,0,0,0,734.6
2026-06-20T06:02:05+07:00,ok,1661,2585,12629,3,15,57,897.7
2026-06-20T06:02:16+07:00,ok,1661,2585,12629,0,0,0,865.4
2026-06-20T06:02:27+07:00,ok,1661,2585,12629,0,0,0,803.4
2026-06-20T06:02:38+07:00,ok,1661,2585,12629,0,0,0,847.8
2026-06-20T06:02:49+07:00,ok,1661,2585,12629,0,0,0,833.5
2026-06-20T06:03:00+07:00,ok,1661,2585,12629,0,0,0,896.4
2026-06-20T06:03:11+07:00,ok,1666,2598,12668,5,13,39,921.4
2026-06-20T06:03:22+07:00,ok,1666,2598,12668,0,0,0,870.9
2026-06-20T06:03:33+07:00,ok,1666,2598,12668,0,0,0,852
2026-06-20T06:03:44+07:00,ok,1666,2598,12668,0,0,0,800.6
2026-06-20T06:03:55+07:00,ok,1666,2598,12668,0,0,0,840.6
2026-06-20T06:04:06+07:00,ok,1666,2598,12668,0,0,0,912.4
2026-06-20T06:04:17+07:00,ok,1674,2611,12728,8,13,60,832.3
2026-06-20T06:04:28+07:00,ok,1674,2611,12728,0,0,0,869.4
2026-06-20T06:04:39+07:00,ok,1674,2611,12728,0,0,0,877.5
2026-06-20T06:04:50+07:00,ok,1674,2611,12728,0,0,0,840.5
2026-06-20T06:05:01+07:00,ok,1674,2611,12728,0,0,0,767
2026-06-20T06:05:12+07:00,ok,1679,2619,12796,5,8,68,775.1
2026-06-20T06:05:22+07:00,ok,1679,2619,12796,0,0,0,835.8
2026-06-20T06:05:33+07:00,ok,1679,2619,12796,0,0,0,756.3
2026-06-20T06:05:44+07:00,ok,1679,2619,12796,0,0,0,859.6
2026-06-20T06:05:55+07:00,ok,1679,2619,12796,0,0,0,825.7
2026-06-20T06:06:06+07:00,ok,1679,2619,12796,0,0,0,884.7
2026-06-20T06:06:17+07:00,ok,1687,2624,12863,8,5,67,868.5
2026-06-20T06:06:28+07:00,ok,1687,2624,12863,0,0,0,849.6
2026-06-20T06:06:39+07:00,ok,1687,2624,12863,0,0,0,861.4
2026-06-20T06:06:50+07:00,ok,1687,2624,12863,0,0,0,885.6
2026-06-20T06:07:01+07:00,ok,1687,2624,12863,0,0,0,808.2
2026-06-20T06:07:12+07:00,ok,1687,2624,12863,0,0,0,853.6
2026-06-20T06:07:23+07:00,ok,1696,2634,12909,9,10,46,849.9
2026-06-20T06:07:34+07:00,ok,1696,2634,12909,0,0,0,817.9
2026-06-20T06:07:45+07:00,ok,1696,2634,12909,0,0,0,935.5
2026-06-20T06:07:56+07:00,ok,1696,2634,12909,0,0,0,808.6
2026-06-20T06:08:07+07:00,ok,1696,2634,12909,0,0,0,790.5
2026-06-20T06:08:18+07:00,ok,1705,2644,12951,9,10,42,795.8
2026-06-20T06:08:28+07:00,ok,1705,2644,12951,0,0,0,803.7
2026-06-20T06:08:39+07:00,ok,1705,2644,12951,0,0,0,750.7
2026-06-20T06:08:50+07:00,ok,1705,2644,12951,0,0,0,827.8
2026-06-20T06:09:01+07:00,ok,1705,2644,12951,0,0,0,876.5
2026-06-20T06:09:12+07:00,ok,1705,2644,12951,0,0,0,875.7
2026-06-20T06:09:23+07:00,ok,1713,2659,13005,8,15,54,813.4
2026-06-20T06:09:34+07:00,ok,1713,2659,13005,0,0,0,764
2026-06-20T06:09:45+07:00,ok,1713,2659,13005,0,0,0,838.8
2026-06-20T06:09:56+07:00,ok,1713,2659,13005,0,0,0,872.6
2026-06-20T06:10:07+07:00,ok,1713,2659,13005,0,0,0,844.4
2026-06-20T06:10:18+07:00,ok,1720,2665,13014,7,6,9,1091.1
2026-06-20T06:10:29+07:00,ok,1720,2665,13056,0,0,42,850.7
2026-06-20T06:10:40+07:00,ok,1720,2665,13056,0,0,0,854.9
2026-06-20T06:10:51+07:00,ok,1720,2665,13056,0,0,0,815.9
2026-06-20T06:11:02+07:00,ok,1720,2665,13056,0,0,0,834.9
2026-06-20T06:11:13+07:00,ok,1720,2665,13056,0,0,0,846.7
2026-06-20T06:11:24+07:00,ok,1723,2674,13104,3,9,48,852.4
2026-06-20T06:11:35+07:00,ok,1723,2674,13104,0,0,0,883.5
2026-06-20T06:11:46+07:00,ok,1723,2674,13104,0,0,0,852.4
2026-06-20T06:11:57+07:00,ok,1723,2674,13104,0,0,0,878.4
2026-06-20T06:12:08+07:00,ok,1723,2674,13104,0,0,0,883.5
2026-06-20T06:12:19+07:00,ok,1723,2674,13104,0,0,0,850.3
2026-06-20T06:12:30+07:00,ok,1730,2680,13172,7,6,68,786
2026-06-20T06:12:41+07:00,ok,1730,2680,13172,0,0,0,840.7
2026-06-20T06:12:52+07:00,ok,1730,2680,13172,0,0,0,808.6
2026-06-20T06:13:02+07:00,ok,1730,2680,13172,0,0,0,830.3
2026-06-20T06:13:13+07:00,ok,1730,2680,13172,0,0,0,766.3
2026-06-20T06:13:24+07:00,ok,1740,2692,13215,10,12,43,976.8
2026-06-20T06:13:35+07:00,ok,1740,2692,13215,0,0,0,840.7
2026-06-20T06:13:46+07:00,ok,1740,2692,13215,0,0,0,920.9
2026-06-20T06:13:57+07:00,ok,1740,2692,13215,0,0,0,844.8
2026-06-20T06:14:08+07:00,ok,1740,2692,13215,0,0,0,848.5
2026-06-20T06:14:19+07:00,ok,1740,2692,13215,0,0,0,803.2
2026-06-20T06:14:30+07:00,ok,1746,2703,13254,6,11,39,808
2026-06-20T06:14:41+07:00,ok,1746,2703,13254,0,0,0,805.7
2026-06-20T06:14:52+07:00,ok,1746,2703,13254,0,0,0,847.4
2026-06-20T06:15:03+07:00,ok,1746,2703,13254,0,0,0,900.6
2026-06-20T06:15:14+07:00,ok,1746,2703,13254,0,0,0,771.3
2026-06-20T06:15:25+07:00,ok,1746,2703,13254,0,0,0,815.9
2026-06-20T06:15:36+07:00,ok,1753,2717,13313,7,14,59,885.9
2026-06-20T06:15:47+07:00,ok,1753,2717,13313,0,0,0,927.1
2026-06-20T06:15:58+07:00,ok,1753,2717,13313,0,0,0,993.3
2026-06-20T06:16:09+07:00,ok,1753,2717,13313,0,0,0,787.4
2026-06-20T06:16:20+07:00,ok,1753,2717,13313,0,0,0,919.5
2026-06-20T06:16:31+07:00,ok,1757,2730,13349,4,13,36,777.2
2026-06-20T06:16:42+07:00,ok,1757,2730,13349,0,0,0,774.1
2026-06-20T06:16:53+07:00,ok,1757,2730,13349,0,0,0,882.6
2026-06-20T06:17:04+07:00,ok,1757,2730,13349,0,0,0,806.8
2026-06-20T06:17:15+07:00,ok,1757,2730,13349,0,0,0,826.2
2026-06-20T06:17:25+07:00,ok,1757,2730,13349,0,0,0,915.2
2026-06-20T06:17:36+07:00,ok,1762,2743,13389,5,13,40,739.8
2026-06-20T06:17:47+07:00,ok,1762,2743,13389,0,0,0,864.9
2026-06-20T06:17:58+07:00,ok,1762,2743,13389,0,0,0,896
2026-06-20T06:18:09+07:00,ok,1762,2743,13389,0,0,0,882.1
2026-06-20T06:18:20+07:00,ok,1762,2743,13389,0,0,0,804.6
2026-06-20T06:18:31+07:00,ok,1762,2743,13389,0,0,0,787.2
2026-06-20T06:18:42+07:00,ok,1769,2752,13442,7,9,53,903.6
2026-06-20T06:18:53+07:00,ok,1769,2752,13442,0,0,0,850.8
2026-06-20T06:19:04+07:00,ok,1769,2752,13442,0,0,0,773.3
2026-06-20T06:19:15+07:00,ok,1769,2752,13442,0,0,0,821
2026-06-20T06:19:26+07:00,ok,1769,2752,13442,0,0,0,920.8
2026-06-20T06:19:37+07:00,ok,1777,2759,13499,8,7,57,899.4
2026-06-20T06:19:48+07:00,ok,1777,2759,13499,0,0,0,836.2
2026-06-20T06:19:59+07:00,ok,1777,2759,13499,0,0,0,836.4
2026-06-20T06:20:10+07:00,ok,1777,2759,13499,0,0,0,877
2026-06-20T06:20:21+07:00,ok,1777,2759,13499,0,0,0,957.7
2026-06-20T06:20:32+07:00,ok,1777,2759,13499,0,0,0,891.2
2026-06-20T06:20:43+07:00,ok,1785,2765,13567,8,6,68,876.5
2026-06-20T06:20:54+07:00,ok,1785,2765,13567,0,0,0,868.5
2026-06-20T06:21:05+07:00,ok,1785,2765,13567,0,0,0,925.2
2026-06-20T06:21:16+07:00,ok,1785,2765,13567,0,0,0,838.9
2026-06-20T06:21:27+07:00,ok,1785,2765,13567,0,0,0,830.5
2026-06-20T06:21:38+07:00,ok,1786,2765,13567,1,0,0,846.8
2026-06-20T06:21:49+07:00,ok,1789,2774,13620,3,9,53,805
2026-06-20T06:21:59+07:00,ok,1789,2774,13620,0,0,0,819.8
2026-06-20T06:22:10+07:00,ok,1789,2774,13620,0,0,0,894.9
2026-06-20T06:22:21+07:00,ok,1789,2774,13620,0,0,0,773.8
2026-06-20T06:22:32+07:00,ok,1789,2774,13620,0,0,0,858.3
2026-06-20T06:22:43+07:00,ok,1796,2781,13664,7,7,44,839.4
2026-06-20T06:22:54+07:00,ok,1796,2781,13664,0,0,0,829
2026-06-20T06:23:05+07:00,ok,1796,2781,13664,0,0,0,904.9
2026-06-20T06:23:16+07:00,ok,1796,2781,13664,0,0,0,856.3
2026-06-20T06:23:27+07:00,ok,1796,2781,13664,0,0,0,808.6
2026-06-20T06:23:38+07:00,ok,1796,2781,13664,0,0,0,813.4
2026-06-20T06:23:49+07:00,ok,1801,2788,13730,5,7,66,831.8
2026-06-20T06:24:00+07:00,ok,1801,2788,13730,0,0,0,811.3
2026-06-20T06:24:11+07:00,ok,1801,2788,13730,0,0,0,869.3
2026-06-20T06:24:22+07:00,ok,1801,2788,13730,0,0,0,908.4
2026-06-20T06:24:33+07:00,ok,1801,2788,13730,0,0,0,852.1
2026-06-20T06:24:44+07:00,ok,1804,2796,13775,3,8,45,880.5
2026-06-20T06:24:55+07:00,ok,1804,2796,13775,0,0,0,849.1
2026-06-20T06:25:06+07:00,ok,1804,2796,13775,0,0,0,879.8
2026-06-20T06:25:17+07:00,ok,1804,2796,13775,0,0,0,784.3
2026-06-20T06:25:28+07:00,ok,1804,2796,13775,0,0,0,887.9
2026-06-20T06:25:39+07:00,ok,1804,2796,13775,0,0,0,879.5
2026-06-20T06:25:50+07:00,ok,1813,2801,13812,9,5,37,867.2
2026-06-20T06:26:01+07:00,ok,1813,2801,13812,0,0,0,1216.5
2026-06-20T06:26:12+07:00,ok,1813,2801,13812,0,0,0,761.3
2026-06-20T06:26:23+07:00,ok,1813,2801,13812,0,0,0,1030
2026-06-20T06:26:34+07:00,ok,1813,2801,13812,0,0,0,843.2
2026-06-20T06:26:45+07:00,ok,1813,2801,13812,0,0,0,890.9
2026-06-20T06:26:56+07:00,ok,1821,2814,13854,8,13,42,919.5
2026-06-20T06:27:07+07:00,ok,1821,2814,13854,0,0,0,815.7
2026-06-20T06:27:18+07:00,ok,1821,2814,13854,0,0,0,860.4
2026-06-20T06:27:29+07:00,ok,1821,2814,13854,0,0,0,846.8
2026-06-20T06:27:40+07:00,ok,1821,2814,13854,0,0,0,881.5
2026-06-20T06:27:51+07:00,ok,1824,2823,13889,3,9,35,914.2
2026-06-20T06:28:02+07:00,ok,1824,2823,13889,0,0,0,1003.1
2026-06-20T06:28:13+07:00,ok,1824,2823,13889,0,0,0,955.5
2026-06-20T06:28:24+07:00,ok,1824,2823,13889,0,0,0,896.7
2026-06-20T06:28:35+07:00,ok,1824,2823,13889,0,0,0,1031.9
2026-06-20T06:28:46+07:00,ok,1824,2823,13889,0,0,0,904.8
2026-06-20T06:28:57+07:00,ok,1833,2838,13953,9,15,64,917.8
2026-06-20T06:29:08+07:00,ok,1833,2838,13953,0,0,0,861.2
2026-06-20T06:29:19+07:00,ok,1833,2838,13953,0,0,0,851.6
2026-06-20T06:29:30+07:00,ok,1833,2838,13953,0,0,0,812.1
2026-06-20T06:29:41+07:00,ok,1833,2838,13953,0,0,0,921.8
2026-06-20T06:29:52+07:00,ok,1838,2851,13963,5,13,10,1035
2026-06-20T06:30:03+07:00,ok,1838,2851,14019,0,0,56,1195
2026-06-20T06:30:15+07:00,ok,1838,2851,14019,0,0,0,1124.8
2026-06-20T06:30:26+07:00,ok,1838,2851,14019,0,0,0,808
2026-06-20T06:30:37+07:00,ok,1838,2851,14019,0,0,0,863.9
2026-06-20T06:30:48+07:00,ok,1838,2851,14019,0,0,0,841.6
2026-06-20T06:30:59+07:00,ok,1846,2860,14085,8,9,66,1078.7
2026-06-20T06:31:10+07:00,ok,1846,2860,14085,0,0,0,1008
2026-06-20T06:31:21+07:00,ok,1846,2860,14085,0,0,0,1085.1
2026-06-20T06:31:32+07:00,ok,1846,2860,14085,0,0,0,860.6
2026-06-20T06:31:43+07:00,ok,1846,2860,14085,0,0,0,843
2026-06-20T06:31:54+07:00,ok,1846,2860,14085,0,0,0,975.6
2026-06-20T06:32:05+07:00,ok,1850,2874,14137,4,14,52,821.2
2026-06-20T06:32:16+07:00,ok,1850,2874,14137,0,0,0,1024.9
2026-06-20T06:32:28+07:00,ok,1850,2874,14137,0,0,0,881.6
2026-06-20T06:32:39+07:00,ok,1850,2874,14137,0,0,0,1348.8
2026-06-20T06:32:50+07:00,ok,1850,2874,14137,0,0,0,1408
2026-06-20T06:33:02+07:00,ok,1854,2889,14191,4,15,54,1349.5
2026-06-20T06:33:13+07:00,ok,1854,2889,14191,0,0,0,1529.7
2026-06-20T06:33:25+07:00,ok,1854,2889,14191,0,0,0,1059.2
2026-06-20T06:33:36+07:00,ok,1854,2889,14191,0,0,0,1126.2
2026-06-20T06:33:48+07:00,ok,1854,2889,14191,0,0,0,1123.9
2026-06-20T06:33:59+07:00,ok,1854,2889,14191,0,0,0,1124.5
2026-06-20T06:34:10+07:00,ok,1860,2901,14254,6,12,63,1012.4
2026-06-20T06:34:21+07:00,ok,1860,2901,14254,0,0,0,1858.6
2026-06-20T06:34:34+07:00,ok,1860,2901,14254,0,0,0,4285.7
2026-06-20T06:34:48+07:00,ok,1860,2901,14254,0,0,0,1883.1
2026-06-20T06:35:00+07:00,ok,1860,2901,14254,0,0,0,1411.1
2026-06-20T06:35:12+07:00,ok,1864,2915,14310,4,14,56,945.6
2026-06-20T06:35:23+07:00,ok,1864,2915,14310,0,0,0,990.7
2026-06-20T06:35:34+07:00,ok,1864,2915,14310,0,0,0,1285
2026-06-20T06:35:45+07:00,ok,1864,2915,14310,0,0,0,816.6
2026-06-20T06:35:56+07:00,ok,1864,2915,14310,0,0,0,885
2026-06-20T06:36:07+07:00,ok,1874,2922,14374,10,7,64,1033.8
2026-06-20T06:36:18+07:00,ok,1874,2922,14374,0,0,0,782.1
2026-06-20T06:36:29+07:00,ok,1874,2922,14374,0,0,0,878.7
2026-06-20T06:36:40+07:00,ok,1874,2922,14374,0,0,0,901.9
2026-06-20T06:36:51+07:00,ok,1874,2922,14374,0,0,0,824.1
2026-06-20T06:37:02+07:00,ok,1874,2922,14374,0,0,0,859.1
2026-06-20T06:37:13+07:00,ok,1882,2932,14411,8,10,37,875.3
2026-06-20T06:37:24+07:00,ok,1882,2932,14411,0,0,0,796.7
2026-06-20T06:37:35+07:00,ok,1882,2932,14411,0,0,0,805.2
2026-06-20T06:37:46+07:00,ok,1882,2932,14411,0,0,0,859.8
2026-06-20T06:37:57+07:00,ok,1882,2932,14411,0,0,0,796.2
2026-06-20T06:38:08+07:00,ok,1882,2932,14411,0,0,0,837.4
2026-06-20T06:38:19+07:00,ok,1892,2945,14454,10,13,43,1121.3
2026-06-20T06:38:30+07:00,ok,1892,2945,14454,0,0,0,898.7
2026-06-20T06:38:41+07:00,ok,1892,2945,14454,0,0,0,997.4
2026-06-20T06:38:52+07:00,ok,1892,2945,14454,0,0,0,1006.7
2026-06-20T06:39:03+07:00,ok,1892,2945,14454,0,0,0,796.6
2026-06-20T06:39:14+07:00,ok,1902,2952,14501,10,7,47,889.8
2026-06-20T06:39:25+07:00,ok,1902,2952,14501,0,0,0,767.4
2026-06-20T06:39:36+07:00,ok,1902,2952,14501,0,0,0,876.7
2026-06-20T06:39:47+07:00,ok,1902,2952,14501,0,0,0,750.9
2026-06-20T06:39:58+07:00,ok,1902,2952,14501,0,0,0,851.7
2026-06-20T06:40:09+07:00,ok,1902,2952,14501,0,0,0,851
2026-06-20T06:40:20+07:00,ok,1908,2963,14541,6,11,40,761.4
2026-06-20T06:40:31+07:00,ok,1908,2963,14541,0,0,0,857.6
2026-06-20T06:40:42+07:00,ok,1908,2963,14541,0,0,0,1060.1
2026-06-20T06:40:53+07:00,ok,1908,2963,14541,0,0,0,904.8
2026-06-20T06:41:04+07:00,ok,1908,2963,14541,0,0,0,1000.5
2026-06-20T06:41:15+07:00,ok,1908,2963,14541,0,0,0,1189
2026-06-20T06:41:26+07:00,ok,1913,2968,14598,5,5,57,1011.7
2026-06-20T06:41:37+07:00,ok,1913,2968,14598,0,0,0,892.9
2026-06-20T06:41:48+07:00,ok,1913,2968,14598,0,0,0,923.6
2026-06-20T06:41:59+07:00,ok,1913,2968,14598,0,0,0,925.1
2026-06-20T06:42:10+07:00,ok,1913,2968,14598,0,0,0,849.2
2026-06-20T06:42:21+07:00,ok,1920,2977,14662,7,9,64,942.7
2026-06-20T06:42:33+07:00,ok,1920,2977,14662,0,0,0,1322.4
2026-06-20T06:42:44+07:00,ok,1920,2977,14662,0,0,0,1442
2026-06-20T06:42:56+07:00,ok,1920,2977,14662,0,0,0,1725.2
2026-06-20T06:43:08+07:00,ok,1920,2977,14662,0,0,0,932.3
2026-06-20T06:43:19+07:00,ok,1920,2977,14662,0,0,0,894.9
2026-06-20T06:43:30+07:00,ok,1924,2991,14727,4,14,65,971
2026-06-20T06:43:41+07:00,ok,1924,2991,14727,0,0,0,955
2026-06-20T06:43:52+07:00,ok,1924,2991,14727,0,0,0,1159.1
2026-06-20T06:44:03+07:00,ok,1924,2991,14727,0,0,0,983.2
2026-06-20T06:44:14+07:00,ok,1924,2991,14727,0,0,0,1100
2026-06-20T06:44:25+07:00,ok,1927,2996,14796,3,5,69,879.2
2026-06-20T06:44:36+07:00,ok,1927,2996,14796,0,0,0,1023
2026-06-20T06:44:48+07:00,ok,1927,2996,14796,0,0,0,997.6
2026-06-20T06:44:59+07:00,ok,1927,2996,14796,0,0,0,984.1
2026-06-20T06:45:10+07:00,ok,1927,2996,14796,0,0,0,875.6
2026-06-20T06:45:21+07:00,ok,1927,2996,14796,0,0,0,967.9
2026-06-20T06:45:32+07:00,ok,1933,3008,14848,6,12,52,887.7
2026-06-20T06:45:43+07:00,ok,1933,3008,14848,0,0,0,961
2026-06-20T06:45:54+07:00,ok,1933,3008,14848,0,0,0,907.8
2026-06-20T06:46:05+07:00,ok,1933,3008,14848,0,0,0,934.1
2026-06-20T06:46:16+07:00,ok,1933,3008,14848,0,0,0,814.6
2026-06-20T06:46:27+07:00,ok,1936,3016,14882,3,8,34,1128.7
2026-06-20T06:46:38+07:00,ok,1936,3016,14882,0,0,0,927.1
2026-06-20T06:46:49+07:00,ok,1936,3016,14882,0,0,0,840.5
2026-06-20T06:47:00+07:00,ok,1936,3016,14882,0,0,0,865
2026-06-20T06:47:11+07:00,ok,1936,3016,14882,0,0,0,905
2026-06-20T06:47:22+07:00,ok,1936,3016,14882,0,0,0,919
2026-06-20T06:47:33+07:00,ok,1940,3027,14936,4,11,54,825.6
2026-06-20T06:47:44+07:00,ok,1940,3027,14936,0,0,0,936.9
2026-06-20T06:47:55+07:00,ok,1940,3027,14936,0,0,0,852.9
2026-06-20T06:48:06+07:00,ok,1940,3027,14936,0,0,0,950.8
2026-06-20T06:48:17+07:00,ok,1940,3027,14936,0,0,0,896.7
2026-06-20T06:48:28+07:00,ok,1940,3027,14936,0,0,0,873.9
2026-06-20T06:48:39+07:00,ok,1947,3039,14999,7,12,63,886.8
2026-06-20T06:48:50+07:00,ok,1947,3039,14999,0,0,0,843
2026-06-20T06:49:01+07:00,ok,1947,3039,14999,0,0,0,866.4
2026-06-20T06:49:12+07:00,ok,1947,3039,14999,0,0,0,873.3
2026-06-20T06:49:23+07:00,ok,1947,3039,14999,0,0,0,751.5
2026-06-20T06:49:34+07:00,ok,1957,3053,15037,10,14,38,794.8
2026-06-20T06:49:45+07:00,ok,1957,3053,15037,0,0,0,902.1
2026-06-20T06:49:56+07:00,ok,1957,3053,15037,0,0,0,828.7
2026-06-20T06:50:07+07:00,ok,1957,3053,15037,0,0,0,844.8
2026-06-20T06:50:18+07:00,ok,1957,3053,15037,0,0,0,848.7
2026-06-20T06:50:29+07:00,ok,1957,3053,15037,0,0,0,821.6
2026-06-20T06:50:40+07:00,ok,1964,3062,15070,7,9,33,853.4
2026-06-20T06:50:51+07:00,ok,1964,3062,15070,0,0,0,789.4
2026-06-20T06:51:02+07:00,ok,1964,3062,15070,0,0,0,836.1
2026-06-20T06:51:13+07:00,ok,1964,3062,15070,0,0,0,918.9
2026-06-20T06:51:24+07:00,ok,1964,3062,15070,0,0,0,826
2026-06-20T06:51:34+07:00,ok,1964,3062,15070,0,0,0,788.8
2026-06-20T06:51:45+07:00,ok,1974,3071,15127,10,9,57,878.3
2026-06-20T06:51:56+07:00,ok,1974,3071,15127,0,0,0,817.2
2026-06-20T06:52:07+07:00,ok,1974,3071,15127,0,0,0,858.8
2026-06-20T06:52:18+07:00,ok,1974,3071,15127,0,0,0,819.5
2026-06-20T06:52:29+07:00,ok,1974,3071,15127,0,0,0,800.5
2026-06-20T06:52:40+07:00,ok,1981,3082,15161,7,11,34,842.6
2026-06-20T06:52:51+07:00,ok,1981,3082,15161,0,0,0,918.5
2026-06-20T06:53:02+07:00,ok,1981,3082,15161,0,0,0,852.4
2026-06-20T06:53:13+07:00,ok,1981,3082,15161,0,0,0,830.1
2026-06-20T06:53:24+07:00,ok,1981,3082,15161,0,0,0,875.7
2026-06-20T06:53:35+07:00,ok,1981,3082,15161,0,0,0,889.1
2026-06-20T06:53:46+07:00,ok,1987,3088,15200,6,6,39,813.8
2026-06-20T06:53:57+07:00,ok,1987,3088,15200,0,0,0,894
2026-06-20T06:54:08+07:00,ok,1987,3088,15200,0,0,0,836.1
2026-06-20T06:54:19+07:00,ok,1987,3088,15200,0,0,0,793.4
2026-06-20T06:54:30+07:00,ok,1987,3088,15200,0,0,0,810.3
2026-06-20T06:54:41+07:00,ok,1987,3088,15200,0,0,0,893.8
2026-06-20T06:54:52+07:00,ok,1997,3094,15236,10,6,36,856.7
2026-06-20T06:55:03+07:00,ok,1997,3094,15236,0,0,0,877.1
2026-06-20T06:55:14+07:00,ok,1997,3094,15236,0,0,0,852.1
2026-06-20T06:55:24+07:00,ok,1997,3094,15236,0,0,0,869.1
2026-06-20T06:55:35+07:00,ok,1997,3094,15236,0,0,0,899.6
2026-06-20T06:55:46+07:00,ok,2000,3109,15270,3,15,34,752.1
2026-06-20T06:55:57+07:00,ok,2000,3109,15270,0,0,0,867.3
2026-06-20T06:56:08+07:00,ok,2000,3109,15270,0,0,0,806
2026-06-20T06:56:19+07:00,ok,2000,3109,15270,0,0,0,771.1
2026-06-20T06:56:30+07:00,ok,2000,3109,15270,0,0,0,818.2
2026-06-20T06:56:41+07:00,ok,2000,3109,15270,0,0,0,787.8
2026-06-20T06:56:52+07:00,ok,2009,3123,15339,9,14,69,846.4
2026-06-20T06:57:03+07:00,ok,2009,3123,15339,0,0,0,774.4
2026-06-20T06:57:14+07:00,ok,2009,3123,15339,0,0,0,884.2
2026-06-20T06:57:25+07:00,ok,2009,3123,15339,0,0,0,854.7
2026-06-20T06:57:36+07:00,ok,2009,3123,15339,0,0,0,747
2026-06-20T06:57:47+07:00,ok,2019,3138,15347,10,15,8,906.7
2026-06-20T06:57:58+07:00,ok,2019,3138,15389,0,0,42,788
2026-06-20T06:58:09+07:00,ok,2019,3138,15389,0,0,0,815.4
2026-06-20T06:58:19+07:00,ok,2019,3138,15389,0,0,0,739.3
2026-06-20T06:58:30+07:00,ok,2019,3138,15389,0,0,0,864.9
2026-06-20T06:58:41+07:00,ok,2019,3138,15389,0,0,0,782.4
2026-06-20T06:58:52+07:00,ok,2029,3150,15431,10,12,42,822.7
2026-06-20T06:59:03+07:00,ok,2029,3150,15431,0,0,0,801.3
2026-06-20T06:59:14+07:00,ok,2029,3150,15431,0,0,0,825.3
2026-06-20T06:59:25+07:00,ok,2029,3150,15431,0,0,0,878
2026-06-20T06:59:36+07:00,ok,2029,3150,15431,0,0,0,783.3
2026-06-20T06:59:47+07:00,ok,2029,3150,15431,0,0,0,828.8
2026-06-20T06:59:58+07:00,ok,2037,3161,15490,8,11,59,939.2
2026-06-20T07:00:09+07:00,ok,2037,3161,15490,0,0,0,856
2026-06-20T07:00:20+07:00,ok,2037,3161,15490,0,0,0,832.4
2026-06-20T07:00:31+07:00,ok,2037,3161,15490,0,0,0,796.4
2026-06-20T07:00:42+07:00,ok,2037,3161,15490,0,0,0,816.8
2026-06-20T07:00:52+07:00,ok,2043,3168,15529,6,7,39,979.8
2026-06-20T07:01:04+07:00,ok,2043,3168,15529,0,0,0,779.2
2026-06-20T07:01:14+07:00,ok,2043,3168,15529,0,0,0,792.9
2026-06-20T07:01:25+07:00,ok,2043,3168,15529,0,0,0,781
2026-06-20T07:01:36+07:00,ok,2043,3168,15529,0,0,0,775.1
2026-06-20T07:01:47+07:00,ok,2043,3168,15529,0,0,0,821.3
2026-06-20T07:01:58+07:00,ok,2051,3173,15594,8,5,65,898.9
2026-06-20T07:02:09+07:00,ok,2051,3173,15594,0,0,0,884.4
2026-06-20T07:02:20+07:00,ok,2051,3173,15594,0,0,0,780.3
2026-06-20T07:02:31+07:00,ok,2051,3173,15594,0,0,0,830.2
2026-06-20T07:02:42+07:00,ok,2051,3173,15594,0,0,0,810.2
2026-06-20T07:02:53+07:00,ok,2051,3173,15594,0,0,0,888.1
2026-06-20T07:03:04+07:00,ok,2058,3181,15652,7,8,58,1229.1
2026-06-20T07:03:15+07:00,ok,2058,3181,15652,0,0,0,896.4
2026-06-20T07:03:26+07:00,ok,2058,3181,15652,0,0,0,943.8
2026-06-20T07:03:37+07:00,ok,2058,3181,15652,0,0,0,912.6
2026-06-20T07:03:48+07:00,ok,2058,3181,15652,0,0,0,831.4
2026-06-20T07:03:59+07:00,ok,2067,3196,15687,9,15,35,875.5
2026-06-20T07:04:10+07:00,ok,2067,3196,15687,0,0,0,918.1
2026-06-20T07:04:21+07:00,ok,2067,3196,15687,0,0,0,942
2026-06-20T07:04:32+07:00,ok,2067,3196,15687,0,0,0,885.6
2026-06-20T07:04:43+07:00,ok,2067,3196,15687,0,0,0,858
2026-06-20T07:04:54+07:00,ok,2067,3196,15687,0,0,0,806.3
2026-06-20T07:05:05+07:00,ok,2077,3204,15741,10,8,54,797.9
2026-06-20T07:05:16+07:00,ok,2077,3204,15741,0,0,0,756
2026-06-20T07:05:27+07:00,ok,2077,3204,15741,0,0,0,892.6
2026-06-20T07:05:38+07:00,ok,2077,3204,15741,0,0,0,883.2
2026-06-20T07:05:49+07:00,ok,2077,3204,15741,0,0,0,845.4
2026-06-20T07:06:00+07:00,ok,2077,3204,15741,0,0,0,952
2026-06-20T07:06:11+07:00,ok,2083,3211,15778,6,7,37,880.7
2026-06-20T07:06:22+07:00,ok,2083,3211,15778,0,0,0,900
2026-06-20T07:06:33+07:00,ok,2083,3211,15778,0,0,0,825.8
2026-06-20T07:06:44+07:00,ok,2083,3211,15778,0,0,0,810.1
2026-06-20T07:06:55+07:00,ok,2083,3211,15778,0,0,0,880.9
2026-06-20T07:07:06+07:00,ok,2086,3225,15808,3,14,30,853.8
2026-06-20T07:07:17+07:00,ok,2086,3225,15808,0,0,0,852.6
2026-06-20T07:07:28+07:00,ok,2086,3225,15808,0,0,0,834.7
2026-06-20T07:07:38+07:00,ok,2086,3225,15808,0,0,0,890.6
2026-06-20T07:07:49+07:00,ok,2086,3225,15808,0,0,0,812.6
2026-06-20T07:08:00+07:00,ok,2086,3225,15808,0,0,0,768.6
2026-06-20T07:08:11+07:00,ok,2096,3232,15843,10,7,35,815.1
2026-06-20T07:08:22+07:00,ok,2096,3232,15843,0,0,0,837.2
2026-06-20T07:08:33+07:00,ok,2096,3232,15843,0,0,0,773
2026-06-20T07:08:44+07:00,ok,2096,3232,15843,0,0,0,791
2026-06-20T07:08:55+07:00,ok,2096,3232,15843,0,0,0,794.1
2026-06-20T07:09:06+07:00,ok,2106,3239,15899,10,7,56,926.1
2026-06-20T07:09:17+07:00,ok,2106,3239,15907,0,0,8,817.5
2026-06-20T07:09:28+07:00,ok,2106,3239,15907,0,0,0,878.5
2026-06-20T07:09:39+07:00,ok,2106,3239,15907,0,0,0,782.4
2026-06-20T07:09:50+07:00,ok,2106,3239,15907,0,0,0,869.5
2026-06-20T07:10:01+07:00,ok,2106,3239,15907,0,0,0,885.9
2026-06-20T07:10:12+07:00,ok,2115,3245,15941,9,6,34,835
2026-06-20T07:10:23+07:00,ok,2115,3245,15941,0,0,0,765
2026-06-20T07:10:33+07:00,ok,2115,3245,15941,0,0,0,824.2
2026-06-20T07:10:44+07:00,ok,2115,3245,15941,0,0,0,729.3
2026-06-20T07:10:55+07:00,ok,2115,3245,15941,0,0,0,825.6
2026-06-20T07:11:06+07:00,ok,2115,3245,15941,0,0,0,903.4
2026-06-20T07:11:17+07:00,ok,2119,3250,16007,4,5,66,790.4
2026-06-20T07:11:28+07:00,ok,2119,3250,16007,0,0,0,818
2026-06-20T07:11:39+07:00,ok,2119,3250,16007,0,0,0,831.5
2026-06-20T07:11:50+07:00,ok,2119,3250,16007,0,0,0,808
2026-06-20T07:12:01+07:00,ok,2119,3250,16007,0,0,0,877.1
2026-06-20T07:12:12+07:00,ok,2129,3264,16061,10,14,54,1042.9
2026-06-20T07:12:23+07:00,ok,2129,3264,16061,0,0,0,916.7
2026-06-20T07:12:34+07:00,ok,2129,3264,16061,0,0,0,780.5
2026-06-20T07:12:45+07:00,ok,2129,3264,16061,0,0,0,884.5
2026-06-20T07:12:56+07:00,ok,2129,3264,16061,0,0,0,726.6
2026-06-20T07:13:07+07:00,ok,2129,3264,16061,0,0,0,811.4
2026-06-20T07:13:18+07:00,ok,2133,3276,16098,4,12,37,822.6
2026-06-20T07:13:29+07:00,ok,2133,3276,16098,0,0,0,741.3
2026-06-20T07:13:39+07:00,ok,2133,3276,16098,0,0,0,753.6
2026-06-20T07:13:50+07:00,ok,2133,3276,16098,0,0,0,858.5
2026-06-20T07:14:01+07:00,ok,2133,3276,16098,0,0,0,857.4
2026-06-20T07:14:12+07:00,ok,2133,3276,16098,0,0,0,884.7
2026-06-20T07:14:23+07:00,ok,2143,3282,16148,10,6,50,803.8
2026-06-20T07:14:34+07:00,ok,2143,3282,16148,0,0,0,852.2
2026-06-20T07:14:45+07:00,ok,2143,3282,16148,0,0,0,815.1
2026-06-20T07:14:56+07:00,ok,2143,3282,16148,0,0,0,872.2
2026-06-20T07:15:07+07:00,ok,2143,3282,16148,0,0,0,818.5
2026-06-20T07:15:18+07:00,ok,2148,3290,16185,5,8,37,843.7
2026-06-20T07:15:29+07:00,ok,2148,3290,16185,0,0,0,853.9
2026-06-20T07:15:40+07:00,ok,2148,3290,16185,0,0,0,824
2026-06-20T07:15:51+07:00,ok,2148,3290,16185,0,0,0,902.1
2026-06-20T07:16:02+07:00,ok,2148,3290,16185,0,0,0,831.9
2026-06-20T07:16:13+07:00,ok,2148,3290,16185,0,0,0,854.2
2026-06-20T07:16:24+07:00,ok,2152,3299,16225,4,9,40,796.9
2026-06-20T07:16:35+07:00,ok,2152,3299,16225,0,0,0,815.1
2026-06-20T07:16:45+07:00,ok,2152,3299,16225,0,0,0,830
2026-06-20T07:16:56+07:00,ok,2152,3299,16225,0,0,0,720.1
2026-06-20T07:17:07+07:00,ok,2152,3299,16225,0,0,0,875.3
2026-06-20T07:17:18+07:00,ok,2152,3299,16225,0,0,0,778.7
2026-06-20T07:17:29+07:00,ok,2159,3309,16258,7,10,33,796.5
2026-06-20T07:17:40+07:00,ok,2159,3309,16258,0,0,0,832.5
2026-06-20T07:17:51+07:00,ok,2159,3309,16258,0,0,0,782.6
2026-06-20T07:18:02+07:00,ok,2159,3309,16258,0,0,0,820.1
2026-06-20T07:18:13+07:00,ok,2159,3309,16258,0,0,0,915.6
2026-06-20T07:18:24+07:00,ok,2167,3316,16322,8,7,64,824.9
2026-06-20T07:18:35+07:00,ok,2167,3316,16322,0,0,0,855.4
2026-06-20T07:18:46+07:00,ok,2167,3316,16322,0,0,0,797.3
2026-06-20T07:18:56+07:00,ok,2167,3316,16322,0,0,0,908.1
2026-06-20T07:19:08+07:00,ok,2167,3316,16322,0,0,0,724.4
2026-06-20T07:19:18+07:00,ok,2167,3316,16322,0,0,0,853.7
2026-06-20T07:19:29+07:00,ok,2176,3330,16383,9,14,61,821.7
2026-06-20T07:19:40+07:00,ok,2176,3330,16383,0,0,0,851.9
2026-06-20T07:19:51+07:00,ok,2176,3330,16383,0,0,0,880.3
2026-06-20T07:20:02+07:00,ok,2176,3330,16383,0,0,0,880
2026-06-20T07:20:13+07:00,ok,2176,3330,16383,0,0,0,822.7
2026-06-20T07:20:24+07:00,ok,2176,3330,16383,0,0,0,909.8
2026-06-20T07:20:35+07:00,ok,2180,3337,16420,4,7,37,870.4
2026-06-20T07:20:46+07:00,ok,2180,3337,16420,0,0,0,804.7
2026-06-20T07:20:57+07:00,ok,2180,3337,16420,0,0,0,854.2
2026-06-20T07:21:08+07:00,ok,2180,3337,16420,0,0,0,878.6
2026-06-20T07:21:19+07:00,ok,2180,3337,16420,0,0,0,836.7
2026-06-20T07:21:30+07:00,ok,2188,3352,16472,8,15,52,877.8
2026-06-20T07:21:41+07:00,ok,2188,3352,16472,0,0,0,773.3
2026-06-20T07:21:52+07:00,ok,2188,3352,16472,0,0,0,865.7
2026-06-20T07:22:03+07:00,ok,2188,3352,16472,0,0,0,899.9
2026-06-20T07:22:14+07:00,ok,2188,3352,16472,0,0,0,841.6
2026-06-20T07:22:25+07:00,ok,2188,3352,16472,0,0,0,906.9
2026-06-20T07:22:36+07:00,ok,2192,3365,16541,4,13,69,890
2026-06-20T07:22:47+07:00,ok,2192,3365,16541,0,0,0,857
2026-06-20T07:22:58+07:00,ok,2192,3365,16541,0,0,0,852.2
2026-06-20T07:23:09+07:00,ok,2192,3365,16541,0,0,0,973.1
2026-06-20T07:23:20+07:00,ok,2192,3365,16541,0,0,0,813.9
2026-06-20T07:23:31+07:00,ok,2198,3378,16604,6,13,63,980.9
2026-06-20T07:23:42+07:00,ok,2198,3378,16605,0,0,1,869.5
2026-06-20T07:23:53+07:00,ok,2198,3378,16605,0,0,0,878.7
2026-06-20T07:24:04+07:00,ok,2198,3378,16605,0,0,0,815.2
2026-06-20T07:24:15+07:00,ok,2198,3378,16605,0,0,0,830
2026-06-20T07:24:26+07:00,ok,2198,3378,16605,0,0,0,828
2026-06-20T07:24:36+07:00,ok,2208,3388,16652,10,10,47,817.4
2026-06-20T07:24:47+07:00,ok,2208,3388,16652,0,0,0,883.1
2026-06-20T07:24:58+07:00,ok,2208,3388,16652,0,0,0,897.1
2026-06-20T07:25:09+07:00,ok,2208,3388,16652,0,0,0,785.7
2026-06-20T07:25:20+07:00,ok,2208,3388,16652,0,0,0,756.7
2026-06-20T07:25:31+07:00,ok,2208,3388,16652,0,0,0,872.2
2026-06-20T07:25:42+07:00,ok,2213,3398,16682,5,10,30,879.2
2026-06-20T07:25:53+07:00,ok,2213,3398,16682,0,0,0,862.6
2026-06-20T07:26:04+07:00,ok,2213,3398,16682,0,0,0,832.7
2026-06-20T07:26:15+07:00,ok,2213,3398,16682,0,0,0,796.1
2026-06-20T07:26:26+07:00,ok,2213,3398,16682,0,0,0,793.7
2026-06-20T07:26:37+07:00,ok,2223,3411,16731,10,13,49,835.3
2026-06-20T07:26:48+07:00,ok,2223,3411,16731,0,0,0,883.5
2026-06-20T07:26:59+07:00,ok,2223,3411,16731,0,0,0,837.1
2026-06-20T07:27:10+07:00,ok,2223,3411,16731,0,0,0,900.1
2026-06-20T07:27:21+07:00,ok,2223,3411,16731,0,0,0,899.2
2026-06-20T07:27:32+07:00,ok,2223,3411,16731,0,0,0,781.1
2026-06-20T07:27:43+07:00,ok,2233,3421,16771,10,10,40,746.5
2026-06-20T07:27:53+07:00,ok,2233,3421,16771,0,0,0,806.1
2026-06-20T07:28:04+07:00,ok,2233,3421,16771,0,0,0,782.2
2026-06-20T07:28:15+07:00,ok,2233,3421,16771,0,0,0,797.7
2026-06-20T07:28:26+07:00,ok,2233,3421,16771,0,0,0,767
2026-06-20T07:28:37+07:00,ok,2233,3421,16771,0,0,0,867.5
2026-06-20T07:28:48+07:00,ok,2237,3430,16827,4,9,56,774.2
2026-06-20T07:28:59+07:00,ok,2237,3430,16827,0,0,0,828.2
2026-06-20T07:29:10+07:00,ok,2237,3430,16827,0,0,0,821.9
2026-06-20T07:29:21+07:00,ok,2237,3430,16827,0,0,0,853.6
2026-06-20T07:29:32+07:00,ok,2237,3430,16827,0,0,0,879.2
2026-06-20T07:29:43+07:00,ok,2240,3440,16887,3,10,60,835.3
2026-06-20T07:29:54+07:00,ok,2240,3440,16887,0,0,0,868.6
2026-06-20T07:30:05+07:00,ok,2240,3440,16887,0,0,0,792.9
2026-06-20T07:30:15+07:00,ok,2240,3440,16887,0,0,0,712.6
2026-06-20T07:30:26+07:00,ok,2240,3440,16887,0,0,0,803.2
2026-06-20T07:30:37+07:00,ok,2240,3440,16887,0,0,0,849.2
2026-06-20T07:30:48+07:00,ok,2244,3455,16932,4,15,45,831.5
2026-06-20T07:30:59+07:00,ok,2244,3455,16932,0,0,0,774.4
2026-06-20T07:31:10+07:00,ok,2244,3455,16932,0,0,0,799.6
2026-06-20T07:31:21+07:00,ok,2244,3455,16932,0,0,0,822.3
2026-06-20T07:31:32+07:00,ok,2244,3455,16932,0,0,0,843
2026-06-20T07:31:43+07:00,ok,2244,3455,16932,0,0,0,897.2
2026-06-20T07:31:54+07:00,ok,2250,3464,16994,6,9,62,918.9
2026-06-20T07:32:05+07:00,ok,2250,3464,16994,0,0,0,920.8
2026-06-20T07:32:16+07:00,ok,2250,3464,16994,0,0,0,853.4
2026-06-20T07:32:27+07:00,ok,2250,3464,16994,0,0,0,800.6
2026-06-20T07:32:38+07:00,ok,2250,3464,16994,0,0,0,776.4
2026-06-20T07:32:49+07:00,ok,2257,3474,17036,7,10,42,781.2
2026-06-20T07:32:59+07:00,ok,2257,3474,17036,0,0,0,825.2
2026-06-20T07:33:10+07:00,ok,2257,3474,17036,0,0,0,845.9
2026-06-20T07:33:21+07:00,ok,2257,3474,17036,0,0,0,845.1
2026-06-20T07:33:32+07:00,ok,2257,3474,17036,0,0,0,858.2
2026-06-20T07:33:43+07:00,ok,2257,3474,17036,0,0,0,797.2
2026-06-20T07:33:54+07:00,ok,2261,3484,17106,4,10,70,820.6
2026-06-20T07:34:05+07:00,ok,2261,3484,17106,0,0,0,814.3
2026-06-20T07:34:16+07:00,ok,2261,3484,17106,0,0,0,831.9
2026-06-20T07:34:27+07:00,ok,2261,3484,17106,0,0,0,870
2026-06-20T07:34:38+07:00,ok,2261,3484,17106,0,0,0,787.6
2026-06-20T07:34:49+07:00,ok,2261,3484,17106,0,0,0,906.2
2026-06-20T07:35:00+07:00,ok,2267,3499,17161,6,15,55,866.8
2026-06-20T07:35:11+07:00,ok,2267,3499,17161,0,0,0,907.5
2026-06-20T07:35:22+07:00,ok,2267,3499,17161,0,0,0,910.5
2026-06-20T07:35:33+07:00,ok,2267,3499,17161,0,0,0,895.5
2026-06-20T07:35:44+07:00,ok,2267,3499,17161,0,0,0,865.1
2026-06-20T07:35:55+07:00,ok,2273,3510,17218,6,11,57,790.8
2026-06-20T07:36:06+07:00,ok,2273,3510,17218,0,0,0,903.7
2026-06-20T07:36:17+07:00,ok,2273,3510,17218,0,0,0,858.2
2026-06-20T07:36:28+07:00,ok,2273,3510,17218,0,0,0,824.4
2026-06-20T07:36:39+07:00,ok,2273,3510,17218,0,0,0,783.3
2026-06-20T07:36:49+07:00,ok,2273,3510,17218,0,0,0,733.3
2026-06-20T07:37:00+07:00,ok,2277,3524,17256,4,14,38,809.4
2026-06-20T07:37:11+07:00,ok,2277,3524,17256,0,0,0,817.8
2026-06-20T07:37:22+07:00,ok,2277,3524,17256,0,0,0,922.1
2026-06-20T07:37:33+07:00,ok,2277,3524,17256,0,0,0,810
2026-06-20T07:37:44+07:00,ok,2277,3524,17256,0,0,0,821.1
2026-06-20T07:37:55+07:00,ok,2282,3538,17258,5,14,2,977
2026-06-20T07:38:06+07:00,ok,2282,3538,17321,0,0,63,1027.4
2026-06-20T07:38:17+07:00,ok,2282,3538,17321,0,0,0,914.3
2026-06-20T07:38:28+07:00,ok,2282,3538,17321,0,0,0,967.5
2026-06-20T07:38:39+07:00,ok,2282,3538,17321,0,0,0,977.8
2026-06-20T07:38:50+07:00,ok,2282,3538,17321,0,0,0,875.6
2026-06-20T07:39:01+07:00,ok,2287,3547,17378,5,9,57,928.9
2026-06-20T07:39:12+07:00,ok,2287,3547,17378,0,0,0,1011.8
2026-06-20T07:39:24+07:00,ok,2287,3547,17378,0,0,0,999.3
2026-06-20T07:39:35+07:00,ok,2287,3547,17378,0,0,0,922.7
2026-06-20T07:39:46+07:00,ok,2287,3547,17378,0,0,0,1014.6
2026-06-20T07:39:57+07:00,ok,2287,3547,17378,0,0,0,1007.4
2026-06-20T07:40:08+07:00,ok,2292,3555,17421,5,8,43,917.1
2026-06-20T07:40:19+07:00,ok,2292,3555,17421,0,0,0,992.8
2026-06-20T07:40:30+07:00,ok,2292,3555,17421,0,0,0,1019.6
2026-06-20T07:40:41+07:00,ok,2292,3555,17421,0,0,0,1078.6
2026-06-20T07:40:53+07:00,ok,2292,3555,17421,0,0,0,916.8
2026-06-20T07:41:04+07:00,ok,2297,3566,17481,5,11,60,936.1
2026-06-20T07:41:15+07:00,ok,2297,3566,17481,0,0,0,954.2
2026-06-20T07:41:26+07:00,ok,2297,3566,17481,0,0,0,1010.2
2026-06-20T07:41:37+07:00,ok,2297,3566,17481,0,0,0,960.3
2026-06-20T07:41:48+07:00,ok,2297,3566,17481,0,0,0,854.8
2026-06-20T07:41:59+07:00,ok,2297,3566,17481,0,0,0,1046.3
2026-06-20T07:42:10+07:00,ok,2303,3573,17521,6,7,40,920.2
2026-06-20T07:42:21+07:00,ok,2303,3573,17521,0,0,0,1028.9
2026-06-20T07:42:32+07:00,ok,2303,3573,17521,0,0,0,980.7
2026-06-20T07:42:43+07:00,ok,2303,3573,17521,0,0,0,1182.8
2026-06-20T07:42:55+07:00,ok,2303,3573,17521,0,0,0,916.2
2026-06-20T07:43:06+07:00,ok,2309,3586,17552,6,13,31,1476.8
2026-06-20T07:43:18+07:00,ok,2309,3586,17552,0,0,0,2350.1
2026-06-20T07:43:30+07:00,ok,2309,3586,17552,0,0,0,1130.6
2026-06-20T07:43:41+07:00,ok,2309,3586,17552,0,0,0,1112.5
2026-06-20T07:43:53+07:00,ok,2309,3586,17552,0,0,0,1054.3
2026-06-20T07:44:04+07:00,ok,2309,3586,17552,0,0,0,1119.3
2026-06-20T07:44:15+07:00,ok,2318,3592,17595,9,6,43,992.4
2026-06-20T07:44:26+07:00,ok,2318,3592,17595,0,0,0,1090.5
2026-06-20T07:44:37+07:00,ok,2318,3592,17595,0,0,0,1019.7
2026-06-20T07:44:48+07:00,ok,2318,3592,17595,0,0,0,937.7
2026-06-20T07:45:00+07:00,ok,2318,3592,17595,0,0,0,997.3
2026-06-20T07:45:11+07:00,ok,2326,3605,17639,8,13,44,1027.5
2026-06-20T07:45:22+07:00,ok,2326,3605,17639,0,0,0,1192.8
2026-06-20T07:45:33+07:00,ok,2326,3605,17639,0,0,0,933.6
2026-06-20T07:45:44+07:00,ok,2326,3605,17639,0,0,0,931.8
2026-06-20T07:45:55+07:00,ok,2326,3605,17639,0,0,0,865.3
2026-06-20T07:46:06+07:00,ok,2326,3605,17639,0,0,0,907.8
2026-06-20T07:46:17+07:00,ok,2333,3610,17675,7,5,36,876.3
2026-06-20T07:46:28+07:00,ok,2333,3610,17675,0,0,0,920.9
2026-06-20T07:46:39+07:00,ok,2333,3610,17675,0,0,0,901.3
2026-06-20T07:46:50+07:00,ok,2333,3610,17675,0,0,0,972
2026-06-20T07:47:01+07:00,ok,2333,3610,17675,0,0,0,842.8
2026-06-20T07:47:12+07:00,ok,2333,3610,17675,0,0,0,1326.2
2026-06-20T07:47:24+07:00,ok,2338,3623,17741,5,13,66,1036.8
2026-06-20T07:47:35+07:00,ok,2338,3623,17741,0,0,0,1057.6
2026-06-20T07:47:46+07:00,ok,2338,3623,17741,0,0,0,948
2026-06-20T07:47:57+07:00,ok,2338,3623,17741,0,0,0,956.6
2026-06-20T07:48:08+07:00,ok,2338,3623,17741,0,0,0,1023.7
2026-06-20T07:48:19+07:00,ok,2345,3630,17807,7,7,66,938.8
2026-06-20T07:48:31+07:00,ok,2345,3630,17807,0,0,0,1030.2
2026-06-20T07:48:42+07:00,ok,2345,3630,17807,0,0,0,1081.7
2026-06-20T07:48:53+07:00,ok,2345,3630,17807,0,0,0,1100.8
2026-06-20T07:49:04+07:00,ok,2345,3630,17807,0,0,0,938.9
2026-06-20T07:49:15+07:00,ok,2345,3630,17807,0,0,0,936.8
2026-06-20T07:49:26+07:00,ok,2355,3643,17870,10,13,63,881.5
2026-06-20T07:49:37+07:00,ok,2355,3643,17870,0,0,0,934.9
2026-06-20T07:49:48+07:00,ok,2355,3643,17870,0,0,0,933.3
2026-06-20T07:49:59+07:00,ok,2355,3643,17870,0,0,0,911.6
2026-06-20T07:50:10+07:00,ok,2355,3643,17870,0,0,0,991.2
2026-06-20T07:50:22+07:00,ok,2365,3658,17888,10,15,18,1682.6
2026-06-20T07:50:33+07:00,ok,2365,3658,17928,0,0,40,992.8
2026-06-20T07:50:45+07:00,ok,2365,3658,17928,0,0,0,1051.8
2026-06-20T07:50:56+07:00,ok,2365,3658,17928,0,0,0,1184.1
2026-06-20T07:51:07+07:00,ok,2365,3658,17928,0,0,0,1120.6
2026-06-20T07:51:18+07:00,ok,2365,3658,17928,0,0,0,1004.8
2026-06-20T07:51:30+07:00,ok,2369,3671,17969,4,13,41,1046.5
2026-06-20T07:51:41+07:00,ok,2369,3671,17969,0,0,0,959.5
2026-06-20T07:51:52+07:00,ok,2369,3671,17969,0,0,0,931.3
2026-06-20T07:52:03+07:00,ok,2369,3671,17969,0,0,0,899.4
2026-06-20T07:52:14+07:00,ok,2369,3671,17969,0,0,0,958.2
2026-06-20T07:52:25+07:00,ok,2369,3671,17969,0,0,0,1003.5
2026-06-20T07:52:36+07:00,ok,2379,3677,18038,10,6,69,1048.9
2026-06-20T07:52:47+07:00,ok,2379,3677,18038,0,0,0,1011.3
2026-06-20T07:52:58+07:00,ok,2379,3677,18038,0,0,0,1009.3
2026-06-20T07:53:10+07:00,ok,2379,3677,18038,0,0,0,1106.6
2026-06-20T07:53:21+07:00,ok,2379,3677,18038,0,0,0,977.4
2026-06-20T07:53:32+07:00,ok,2384,3692,18093,5,15,55,1140.8
2026-06-20T07:53:43+07:00,ok,2384,3692,18093,0,0,0,967.1
2026-06-20T07:53:54+07:00,ok,2384,3692,18093,0,0,0,969.6
2026-06-20T07:54:05+07:00,ok,2384,3692,18093,0,0,0,897.4
2026-06-20T07:54:16+07:00,ok,2384,3692,18093,0,0,0,945.1
2026-06-20T07:54:27+07:00,ok,2384,3692,18093,0,0,0,940.6
2026-06-20T07:54:39+07:00,ok,2391,3706,18134,7,14,41,960.4
2026-06-20T07:54:50+07:00,ok,2391,3706,18134,0,0,0,992.9
2026-06-20T07:55:01+07:00,ok,2391,3706,18134,0,0,0,951
2026-06-20T07:55:12+07:00,ok,2391,3706,18134,0,0,0,1015.6
2026-06-20T07:55:23+07:00,ok,2391,3706,18134,0,0,0,1058.9
2026-06-20T07:55:34+07:00,ok,2400,3718,18176,9,12,42,1173
2026-06-20T07:55:45+07:00,ok,2400,3718,18176,0,0,0,1006.2
2026-06-20T07:55:57+07:00,ok,2400,3718,18176,0,0,0,917.9
2026-06-20T07:56:08+07:00,ok,2400,3718,18176,0,0,0,957.7
2026-06-20T07:56:19+07:00,ok,2400,3718,18176,0,0,0,1038.3
2026-06-20T07:56:30+07:00,ok,2400,3718,18176,0,0,0,870.3
2026-06-20T07:56:41+07:00,ok,2409,3733,18238,9,15,62,1038.6
2026-06-20T07:56:52+07:00,ok,2409,3733,18238,0,0,0,921.9
2026-06-20T07:57:03+07:00,ok,2409,3733,18238,0,0,0,1008.7
2026-06-20T07:57:14+07:00,ok,2409,3733,18238,0,0,0,1034.9
2026-06-20T07:57:25+07:00,ok,2409,3733,18238,0,0,0,853.7
2026-06-20T07:57:36+07:00,ok,2409,3733,18238,0,0,0,1041.6
2026-06-20T07:57:47+07:00,ok,2413,3742,18303,4,9,65,912.9
2026-06-20T07:57:58+07:00,ok,2413,3742,18303,0,0,0,911.6
2026-06-20T07:58:10+07:00,ok,2413,3742,18303,0,0,0,1015.3
2026-06-20T07:58:21+07:00,ok,2413,3742,18303,0,0,0,855
2026-06-20T07:58:32+07:00,ok,2413,3742,18303,0,0,0,1119
2026-06-20T07:58:43+07:00,ok,2421,3750,18368,8,8,65,978.4
2026-06-20T07:58:54+07:00,ok,2421,3750,18368,0,0,0,1111.9
2026-06-20T07:59:05+07:00,ok,2421,3750,18368,0,0,0,939
2026-06-20T07:59:16+07:00,ok,2421,3750,18368,0,0,0,957.8
2026-06-20T07:59:27+07:00,ok,2421,3750,18368,0,0,0,913.5
2026-06-20T07:59:38+07:00,ok,2421,3750,18368,0,0,0,937.5
2026-06-20T07:59:49+07:00,ok,2428,3765,18406,7,15,38,886.6
2026-06-20T08:00:00+07:00,ok,2428,3765,18406,0,0,0,892.2
2026-06-20T08:00:11+07:00,ok,2428,3765,18406,0,0,0,914.4
2026-06-20T08:00:23+07:00,ok,2428,3765,18406,0,0,0,1026.8
2026-06-20T08:00:34+07:00,ok,2428,3765,18406,0,0,0,882.3
2026-06-20T08:00:45+07:00,ok,2428,3765,18406,0,0,0,1284.3
2026-06-20T08:00:56+07:00,ok,2432,3778,18440,4,13,34,937.9
2026-06-20T08:01:07+07:00,ok,2432,3778,18440,0,0,0,975.1
2026-06-20T08:01:18+07:00,ok,2432,3778,18440,0,0,0,920.5
2026-06-20T08:01:30+07:00,ok,2432,3778,18440,0,0,0,1118
2026-06-20T08:01:41+07:00,ok,2432,3778,18440,0,0,0,1045.4
2026-06-20T08:01:52+07:00,ok,2436,3792,18478,4,14,38,1075.1
2026-06-20T08:02:03+07:00,ok,2436,3792,18478,0,0,0,1020.2
2026-06-20T08:02:14+07:00,ok,2436,3792,18478,0,0,0,989.1
2026-06-20T08:02:25+07:00,ok,2436,3792,18478,0,0,0,1006.9
2026-06-20T08:02:36+07:00,ok,2436,3792,18478,0,0,0,1107.4
2026-06-20T08:02:48+07:00,ok,2436,3792,18478,0,0,0,863.4
2026-06-20T08:02:59+07:00,ok,2443,3799,18539,7,7,61,997.7
2026-06-20T08:03:10+07:00,ok,2443,3799,18539,0,0,0,1037.4
2026-06-20T08:03:21+07:00,ok,2443,3799,18539,0,0,0,1006.5
2026-06-20T08:03:32+07:00,ok,2443,3799,18539,0,0,0,2248.7
2026-06-20T08:03:45+07:00,ok,2443,3799,18539,0,0,0,1358.4
2026-06-20T08:03:56+07:00,ok,2448,3809,18590,5,10,51,1386.5
2026-06-20T08:04:08+07:00,ok,2448,3809,18590,0,0,0,1100.8
2026-06-20T08:04:19+07:00,ok,2448,3809,18590,0,0,0,1073.1
2026-06-20T08:04:30+07:00,ok,2448,3809,18590,0,0,0,1107.1
2026-06-20T08:04:41+07:00,ok,2448,3809,18590,0,0,0,1086.3
2026-06-20T08:04:53+07:00,ok,2448,3809,18590,0,0,0,952.7
2026-06-20T08:05:04+07:00,ok,2454,3824,18637,6,15,47,1109.8
2026-06-20T08:05:15+07:00,ok,2454,3824,18637,0,0,0,1213.4
2026-06-20T08:05:26+07:00,ok,2454,3824,18637,0,0,0,1160.6
2026-06-20T08:05:38+07:00,ok,2454,3824,18637,0,0,0,1211.9
2026-06-20T08:05:49+07:00,ok,2454,3824,18637,0,0,0,975.3
2026-06-20T08:06:00+07:00,ok,2463,3832,18696,9,8,59,1403.9
2026-06-20T08:06:11+07:00,ok,2463,3832,18696,0,0,0,1265.2
2026-06-20T08:06:23+07:00,ok,2463,3832,18696,0,0,0,1127.5
2026-06-20T08:06:34+07:00,ok,2463,3832,18696,0,0,0,1084.3
2026-06-20T08:06:45+07:00,ok,2463,3832,18696,0,0,0,1850.7
2026-06-20T08:06:57+07:00,ok,2463,3832,18696,0,0,0,1006.2
2026-06-20T08:07:08+07:00,ok,2466,3837,18737,3,5,41,1180.1
2026-06-20T08:07:20+07:00,ok,2466,3837,18737,0,0,0,948.5
2026-06-20T08:07:31+07:00,ok,2466,3837,18737,0,0,0,1230.9
2026-06-20T08:07:42+07:00,ok,2466,3837,18737,0,0,0,1001.7
2026-06-20T08:07:53+07:00,ok,2466,3837,18737,0,0,0,1193.2
2026-06-20T08:08:05+07:00,ok,2471,3847,18781,5,10,44,970.8
2026-06-20T08:08:16+07:00,ok,2471,3847,18781,0,0,0,1099.8
2026-06-20T08:08:27+07:00,ok,2471,3847,18781,0,0,0,1139.7
2026-06-20T08:08:38+07:00,ok,2471,3847,18781,0,0,0,1130.2
2026-06-20T08:08:49+07:00,ok,2471,3847,18781,0,0,0,1052.7
2026-06-20T08:09:01+07:00,ok,2471,3847,18781,0,0,0,1020.6
2026-06-20T08:09:12+07:00,ok,2478,3855,18825,7,8,44,1002
2026-06-20T08:09:23+07:00,ok,2478,3855,18825,0,0,0,1053.7
2026-06-20T08:09:34+07:00,ok,2478,3855,18825,0,0,0,1050.3
2026-06-20T08:09:45+07:00,ok,2478,3855,18825,0,0,0,1035.3
2026-06-20T08:09:56+07:00,ok,2478,3855,18825,0,0,0,1323.7
2026-06-20T08:10:08+07:00,ok,2483,3868,18893,5,13,68,1042.8
2026-06-20T08:10:19+07:00,ok,2483,3868,18893,0,0,0,980.9
2026-06-20T08:10:30+07:00,ok,2483,3868,18893,0,0,0,1074.7
2026-06-20T08:10:41+07:00,ok,2483,3868,18893,0,0,0,892.1
2026-06-20T08:10:52+07:00,ok,2483,3868,18893,0,0,0,1372
2026-06-20T08:11:04+07:00,ok,2483,3868,18893,0,0,0,978.2
2026-06-20T08:11:15+07:00,ok,2491,3874,18932,8,6,39,947.9
2026-06-20T08:11:26+07:00,ok,2491,3874,18932,0,0,0,1026
2026-06-20T08:11:37+07:00,ok,2491,3874,18932,0,0,0,929.7
2026-06-20T08:11:48+07:00,ok,2491,3874,18932,0,0,0,910.3
2026-06-20T08:11:59+07:00,ok,2491,3874,18932,0,0,0,933.3
2026-06-20T08:12:10+07:00,ok,2491,3874,18932,0,0,0,1108.4
2026-06-20T08:12:22+07:00,ok,2501,3889,18988,10,15,56,1113.4
2026-06-20T08:12:33+07:00,ok,2501,3889,18988,0,0,0,1014.1
2026-06-20T08:12:44+07:00,ok,2501,3889,18988,0,0,0,950.1
2026-06-20T08:12:55+07:00,ok,2501,3889,18988,0,0,0,922
2026-06-20T08:13:06+07:00,ok,2501,3889,18988,0,0,0,994.3
2026-06-20T08:13:17+07:00,ok,2504,3897,19037,3,8,49,892.9
2026-06-20T08:13:28+07:00,ok,2504,3897,19037,0,0,0,987.8
2026-06-20T08:13:39+07:00,ok,2504,3897,19037,0,0,0,897.6
2026-06-20T08:13:50+07:00,ok,2504,3897,19037,0,0,0,900.4
2026-06-20T08:14:01+07:00,ok,2504,3897,19037,0,0,0,1064.6
2026-06-20T08:14:13+07:00,ok,2504,3897,19037,0,0,0,811.4
2026-06-20T08:14:23+07:00,ok,2512,3907,19095,8,10,58,757.4
2026-06-20T08:14:34+07:00,ok,2512,3907,19095,0,0,0,776.2
2026-06-20T08:14:45+07:00,ok,2512,3907,19095,0,0,0,789.2
2026-06-20T08:14:56+07:00,ok,2512,3907,19095,0,0,0,751.1
2026-06-20T08:15:07+07:00,ok,2512,3907,19095,0,0,0,830.5
2026-06-20T08:15:18+07:00,ok,2512,3907,19095,0,0,0,842.3
2026-06-20T08:15:29+07:00,ok,2522,3912,19135,10,5,40,872.5
2026-06-20T08:15:40+07:00,ok,2522,3912,19135,0,0,0,872.1
2026-06-20T08:15:51+07:00,ok,2522,3912,19135,0,0,0,862.7
2026-06-20T08:16:02+07:00,ok,2522,3912,19135,0,0,0,874.8
2026-06-20T08:16:13+07:00,ok,2522,3912,19135,0,0,0,960.7
2026-06-20T08:16:24+07:00,ok,2531,3918,19166,9,6,31,760.6
2026-06-20T08:16:35+07:00,ok,2531,3918,19166,0,0,0,857.9
2026-06-20T08:16:46+07:00,ok,2531,3918,19166,0,0,0,802
2026-06-20T08:16:56+07:00,ok,2531,3918,19166,0,0,0,759.3
2026-06-20T08:17:07+07:00,ok,2531,3918,19166,0,0,0,774.8
2026-06-20T08:17:18+07:00,ok,2531,3918,19166,0,0,0,838.9
2026-06-20T08:17:29+07:00,ok,2534,3933,19231,3,15,65,744
2026-06-20T08:17:40+07:00,ok,2534,3933,19231,0,0,0,840.8
2026-06-20T08:17:51+07:00,ok,2534,3933,19231,0,0,0,821.8
2026-06-20T08:18:02+07:00,ok,2534,3933,19231,0,0,0,834.8
2026-06-20T08:18:13+07:00,ok,2534,3933,19231,0,0,0,876.6
2026-06-20T08:18:24+07:00,ok,2534,3933,19231,0,0,0,973.6
2026-06-20T08:18:35+07:00,ok,2539,3948,19278,5,15,47,915.7
2026-06-20T08:18:46+07:00,ok,2539,3948,19278,0,0,0,795.2
2026-06-20T08:18:57+07:00,ok,2539,3948,19278,0,0,0,875
2026-06-20T08:19:08+07:00,ok,2539,3948,19278,0,0,0,822.6
2026-06-20T08:19:19+07:00,ok,2539,3948,19278,0,0,0,786.9
2026-06-20T08:19:30+07:00,ok,2548,3956,19320,9,8,42,894.7
2026-06-20T08:19:41+07:00,ok,2548,3956,19320,0,0,0,783
2026-06-20T08:19:52+07:00,ok,2548,3956,19320,0,0,0,780.8
2026-06-20T08:20:02+07:00,ok,2548,3956,19320,0,0,0,814.4
2026-06-20T08:20:13+07:00,ok,2548,3956,19320,0,0,0,800.1
2026-06-20T08:20:24+07:00,ok,2548,3956,19320,0,0,0,747.6
2026-06-20T08:20:35+07:00,ok,2551,3967,19371,3,11,51,861.8
2026-06-20T08:20:46+07:00,ok,2551,3967,19371,0,0,0,910
2026-06-20T08:20:57+07:00,ok,2551,3967,19371,0,0,0,795.8
2026-06-20T08:21:08+07:00,ok,2551,3967,19371,0,0,0,859.7
2026-06-20T08:21:19+07:00,ok,2551,3967,19371,0,0,0,774.4
2026-06-20T08:21:30+07:00,ok,2558,3978,19408,7,11,37,1185.8
2026-06-20T08:21:41+07:00,ok,2558,3978,19408,0,0,0,984
2026-06-20T08:21:52+07:00,ok,2558,3978,19408,0,0,0,851.1
2026-06-20T08:22:03+07:00,ok,2558,3978,19408,0,0,0,862.3
2026-06-20T08:22:14+07:00,ok,2558,3978,19408,0,0,0,882.8
2026-06-20T08:22:25+07:00,ok,2558,3978,19408,0,0,0,774
2026-06-20T08:22:36+07:00,ok,2567,3990,19469,9,12,61,870.7
2026-06-20T08:22:47+07:00,ok,2567,3990,19469,0,0,0,799.3
2026-06-20T08:22:58+07:00,ok,2567,3990,19469,0,0,0,824.8
2026-06-20T08:23:09+07:00,ok,2567,3990,19469,0,0,0,844.8
2026-06-20T08:23:20+07:00,ok,2567,3990,19469,0,0,0,829
2026-06-20T08:23:31+07:00,ok,2567,3990,19469,0,0,0,895.1
2026-06-20T08:23:42+07:00,ok,2571,4002,19509,4,12,40,911.7
2026-06-20T08:23:53+07:00,ok,2571,4002,19509,0,0,0,1030.9
2026-06-20T08:24:04+07:00,ok,2571,4002,19509,0,0,0,797.1
2026-06-20T08:24:15+07:00,ok,2571,4002,19509,0,0,0,937.6
2026-06-20T08:24:26+07:00,ok,2571,4002,19509,0,0,0,768.4
2026-06-20T08:24:37+07:00,ok,2577,4011,19513,6,9,4,1433.8
2026-06-20T08:24:48+07:00,ok,2577,4011,19546,0,0,33,838.6
2026-06-20T08:24:59+07:00,ok,2577,4011,19546,0,0,0,856.7
2026-06-20T08:25:10+07:00,ok,2577,4011,19546,0,0,0,881.4
2026-06-20T08:25:21+07:00,ok,2577,4011,19546,0,0,0,860.3
2026-06-20T08:25:32+07:00,ok,2577,4011,19546,0,0,0,840.5
2026-06-20T08:25:43+07:00,ok,2587,4016,19596,10,5,50,822.8
2026-06-20T08:25:54+07:00,ok,2587,4016,19596,0,0,0,947.9
2026-06-20T08:26:05+07:00,ok,2587,4016,19596,0,0,0,853.6
2026-06-20T08:26:16+07:00,ok,2587,4016,19596,0,0,0,839.7
2026-06-20T08:26:27+07:00,ok,2587,4016,19596,0,0,0,790.3
2026-06-20T08:26:38+07:00,ok,2587,4016,19596,0,0,0,828.3
2026-06-20T08:26:49+07:00,ok,2596,4025,19637,9,9,41,825.1
2026-06-20T08:27:00+07:00,ok,2596,4025,19637,0,0,0,832.2
2026-06-20T08:27:11+07:00,ok,2596,4025,19637,0,0,0,841.8
2026-06-20T08:27:22+07:00,ok,2596,4025,19637,0,0,0,762
2026-06-20T08:27:33+07:00,ok,2596,4025,19637,0,0,0,845.6
2026-06-20T08:27:44+07:00,ok,2602,4038,19704,6,13,67,1559.6
2026-06-20T08:27:55+07:00,ok,2602,4038,19704,0,0,0,848.3
2026-06-20T08:28:06+07:00,ok,2602,4038,19704,0,0,0,753.3
2026-06-20T08:28:17+07:00,ok,2602,4038,19704,0,0,0,755.5
2026-06-20T08:28:28+07:00,ok,2602,4038,19704,0,0,0,948.9
2026-06-20T08:28:39+07:00,ok,2602,4038,19704,0,0,0,825.9
2026-06-20T08:28:50+07:00,ok,2607,4052,19743,5,14,39,885.5
2026-06-20T08:29:01+07:00,ok,2607,4052,19743,0,0,0,868.7
2026-06-20T08:29:12+07:00,ok,2607,4052,19743,0,0,0,776.3
2026-06-20T08:29:23+07:00,ok,2607,4052,19743,0,0,0,828.1
2026-06-20T08:29:34+07:00,ok,2607,4052,19743,0,0,0,872.5
2026-06-20T08:29:45+07:00,ok,2607,4052,19743,0,0,0,809.2
2026-06-20T08:29:56+07:00,ok,2616,4057,19788,9,5,45,855.7
2026-06-20T08:30:07+07:00,ok,2616,4057,19788,0,0,0,776.5
2026-06-20T08:30:17+07:00,ok,2616,4057,19788,0,0,0,837.3
2026-06-20T08:30:28+07:00,ok,2616,4057,19788,0,0,0,813
2026-06-20T08:30:39+07:00,ok,2616,4057,19788,0,0,0,827.9
2026-06-20T08:30:50+07:00,ok,2624,4068,19857,8,11,69,875.3
2026-06-20T08:31:01+07:00,ok,2624,4068,19857,0,0,0,859.9
2026-06-20T08:31:12+07:00,ok,2624,4068,19857,0,0,0,843.6
2026-06-20T08:31:23+07:00,ok,2624,4068,19857,0,0,0,894.2
2026-06-20T08:31:34+07:00,ok,2624,4068,19857,0,0,0,858.1
2026-06-20T08:31:45+07:00,ok,2624,4068,19857,0,0,0,830.8
2026-06-20T08:31:56+07:00,ok,2628,4075,19901,4,7,44,848.4
2026-06-20T08:32:07+07:00,ok,2628,4075,19901,0,0,0,802.8
2026-06-20T08:32:18+07:00,ok,2628,4075,19901,0,0,0,834.6
2026-06-20T08:32:29+07:00,ok,2628,4075,19901,0,0,0,835.3
2026-06-20T08:32:40+07:00,ok,2628,4075,19901,0,0,0,906.8
2026-06-20T08:32:51+07:00,ok,2628,4075,19901,0,0,0,869.8
2026-06-20T08:33:02+07:00,ok,2637,4086,19946,9,11,45,891.4
2026-06-20T08:33:13+07:00,ok,2637,4086,19946,0,0,0,865.4
2026-06-20T08:33:24+07:00,ok,2637,4086,19946,0,0,0,841.7
2026-06-20T08:33:35+07:00,ok,2637,4086,19946,0,0,0,900.3
2026-06-20T08:33:46+07:00,ok,2637,4086,19946,0,0,0,852.5
2026-06-20T08:33:57+07:00,ok,2645,4091,19990,8,5,44,768.8
2026-06-20T08:34:08+07:00,ok,2645,4091,19990,0,0,0,837
2026-06-20T08:34:19+07:00,ok,2645,4091,19990,0,0,0,839.2
2026-06-20T08:34:30+07:00,ok,2645,4091,19990,0,0,0,804.4
2026-06-20T08:34:40+07:00,ok,2645,4091,19990,0,0,0,889.7
2026-06-20T08:34:51+07:00,ok,2645,4091,19990,0,0,0,881.1
2026-06-20T08:35:02+07:00,ok,2654,4102,20048,9,11,58,820.8
2026-06-20T08:35:13+07:00,ok,2654,4102,20048,0,0,0,812.6
2026-06-20T08:35:24+07:00,ok,2654,4102,20048,0,0,0,977.2
2026-06-20T08:35:35+07:00,ok,2654,4102,20048,0,0,0,842.3
2026-06-20T08:35:46+07:00,ok,2654,4102,20048,0,0,0,863.8
2026-06-20T08:35:57+07:00,ok,2654,4102,20048,0,0,0,952.7
2026-06-20T08:36:08+07:00,ok,2661,4115,20095,7,13,47,813.3
2026-06-20T08:36:19+07:00,ok,2661,4115,20095,0,0,0,815
2026-06-20T08:36:30+07:00,ok,2661,4115,20095,0,0,0,741.8
2026-06-20T08:36:41+07:00,ok,2661,4115,20095,0,0,0,855.6
2026-06-20T08:36:52+07:00,ok,2661,4115,20095,0,0,0,921.7
2026-06-20T08:37:03+07:00,ok,2668,4123,20129,7,8,34,833.6
2026-06-20T08:37:14+07:00,ok,2668,4123,20129,0,0,0,792.8
2026-06-20T08:37:25+07:00,ok,2668,4123,20129,0,0,0,827.1
2026-06-20T08:37:36+07:00,ok,2668,4123,20129,0,0,0,792.8
2026-06-20T08:37:47+07:00,ok,2668,4123,20129,0,0,0,858.1
2026-06-20T08:37:58+07:00,ok,2668,4123,20129,0,0,0,843.8
2026-06-20T08:38:09+07:00,ok,2677,4134,20181,9,11,52,964.2
2026-06-20T08:38:20+07:00,ok,2677,4134,20181,0,0,0,908.9
2026-06-20T08:38:31+07:00,ok,2677,4134,20181,0,0,0,909.6
2026-06-20T08:38:42+07:00,ok,2677,4134,20181,0,0,0,988.8
2026-06-20T08:38:53+07:00,ok,2677,4134,20181,0,0,0,1170.3
2026-06-20T08:39:04+07:00,ok,2680,4145,20202,3,11,21,1180.7
2026-06-20T08:39:15+07:00,ok,2680,4145,20221,0,0,19,922.6
2026-06-20T08:39:26+07:00,ok,2680,4145,20221,0,0,0,1109.7
2026-06-20T08:39:38+07:00,ok,2680,4145,20221,0,0,0,1472.3
2026-06-20T08:39:49+07:00,ok,2680,4145,20221,0,0,0,981.5
2026-06-20T08:40:00+07:00,ok,2680,4145,20221,0,0,0,969.7
2026-06-20T08:40:11+07:00,ok,2685,4159,20283,5,14,62,990.7
2026-06-20T08:40:23+07:00,ok,2685,4159,20283,0,0,0,1143.6
2026-06-20T08:40:34+07:00,ok,2685,4159,20283,0,0,0,1029.8
2026-06-20T08:40:45+07:00,ok,2685,4159,20283,0,0,0,884.7
2026-06-20T08:40:56+07:00,ok,2685,4159,20283,0,0,0,961.3
2026-06-20T08:41:07+07:00,ok,2685,4159,20283,0,0,0,915.2
2026-06-20T08:41:18+07:00,ok,2691,4169,20336,6,10,53,893.7
2026-06-20T08:41:29+07:00,ok,2691,4169,20336,0,0,0,924.5
2026-06-20T08:41:40+07:00,ok,2691,4169,20336,0,0,0,1094.8
2026-06-20T08:41:51+07:00,ok,2691,4169,20336,0,0,0,927.2
2026-06-20T08:42:02+07:00,ok,2691,4169,20336,0,0,0,1019.8
2026-06-20T08:42:14+07:00,ok,2694,4182,20372,3,13,36,1131.5
2026-06-20T08:42:25+07:00,ok,2694,4182,20372,0,0,0,1013.4
2026-06-20T08:42:36+07:00,ok,2694,4182,20372,0,0,0,1049.2
2026-06-20T08:42:47+07:00,ok,2694,4182,20372,0,0,0,1414.7
2026-06-20T08:42:59+07:00,ok,2694,4182,20372,0,0,0,1047.7
2026-06-20T08:43:10+07:00,ok,2694,4182,20372,0,0,0,959
2026-06-20T08:43:21+07:00,ok,2704,4189,20417,10,7,45,1015
2026-06-20T08:43:32+07:00,ok,2704,4189,20417,0,0,0,957.4
2026-06-20T08:43:43+07:00,ok,2704,4189,20417,0,0,0,1308.2
2026-06-20T08:43:55+07:00,ok,2704,4189,20417,0,0,0,999.1
2026-06-20T08:44:06+07:00,ok,2704,4189,20417,0,0,0,910.6
2026-06-20T08:44:17+07:00,ok,2713,4199,20486,9,10,69,2074.7
2026-06-20T08:44:29+07:00,ok,2713,4199,20486,0,0,0,856.4
2026-06-20T08:44:40+07:00,ok,2713,4199,20486,0,0,0,933.4
2026-06-20T08:44:51+07:00,ok,2713,4199,20486,0,0,0,936.5
2026-06-20T08:45:02+07:00,ok,2713,4199,20486,0,0,0,971.6
2026-06-20T08:45:13+07:00,ok,2713,4199,20486,0,0,0,904.5
2026-06-20T08:45:24+07:00,ok,2717,4209,20516,4,10,30,1034.3
2026-06-20T08:45:36+07:00,ok,2717,4209,20516,0,0,0,1045.7
2026-06-20T08:45:47+07:00,ok,2717,4209,20516,0,0,0,944.5
2026-06-20T08:45:58+07:00,ok,2717,4209,20516,0,0,0,1282.8
2026-06-20T08:46:09+07:00,ok,2717,4209,20516,0,0,0,934.1
2026-06-20T08:46:20+07:00,ok,2717,4209,20516,0,0,0,1088.3
2026-06-20T08:46:32+07:00,ok,2723,4217,20583,6,8,67,995.9
2026-06-20T08:46:43+07:00,ok,2723,4217,20583,0,0,0,1021.7
2026-06-20T08:46:54+07:00,ok,2723,4217,20583,0,0,0,1273.1
2026-06-20T08:47:05+07:00,ok,2723,4217,20583,0,0,0,856.8
2026-06-20T08:47:16+07:00,ok,2723,4217,20583,0,0,0,933
2026-06-20T08:47:28+07:00,ok,2730,4228,20628,7,11,45,1189
2026-06-20T08:47:39+07:00,ok,2730,4228,20628,0,0,0,974
2026-06-20T08:47:50+07:00,ok,2730,4228,20628,0,0,0,1356
2026-06-20T08:48:01+07:00,down,,,,,,,22.8
2026-06-20T08:48:11+07:00,down,,,,,,,33.9
2026-06-20T08:48:21+07:00,down,,,,,,,31.5
2026-06-20T08:48:31+07:00,down,,,,,,,21.8
2026-06-20T08:48:42+07:00,down,,,,,,,40.6
2026-06-20T08:48:52+07:00,down,,,,,,,24.4
2026-06-20T08:49:42+07:00,down,,,,,,,24.1
2026-06-20T08:49:52+07:00,down,,,,,,,25.2
2026-06-20T08:50:02+07:00,down,,,,,,,25
2026-06-20T08:50:12+07:00,down,,,,,,,43.3
2026-06-20T08:50:22+07:00,down,,,,,,,22.4
2026-06-20T08:50:32+07:00,down,,,,,,,26
2026-06-20T08:50:42+07:00,ok,2730,4228,20628,0,0,0,1108.2
2026-06-20T08:50:53+07:00,ok,2735,4233,20693,5,5,65,1088.4
2026-06-20T08:51:05+07:00,ok,2735,4233,20693,0,0,0,924.4
2026-06-20T08:51:16+07:00,ok,2735,4233,20693,0,0,0,1151.8
2026-06-20T08:51:27+07:00,ok,2735,4233,21193,0,0,500,1028.2
2026-06-20T08:51:38+07:00,ok,2735,4233,21193,0,0,0,1020.7
2026-06-20T08:51:49+07:00,ok,2743,4238,21244,8,5,51,1455.2
2026-06-20T08:52:01+07:00,ok,2743,4238,21260,0,0,16,883.4
2026-06-20T08:52:12+07:00,ok,2743,4238,21260,0,0,0,855.4
2026-06-20T08:52:23+07:00,ok,2743,4238,21260,0,0,0,959.2
2026-06-20T08:52:34+07:00,ok,2743,4238,21760,0,0,500,845.3
2026-06-20T08:52:45+07:00,ok,2743,4238,21760,0,0,0,906.9
2026-06-20T08:52:56+07:00,ok,2746,4248,21797,3,10,37,824.3
2026-06-20T08:53:07+07:00,ok,2746,4248,21797,0,0,0,898.2
2026-06-20T08:53:18+07:00,ok,2746,4248,21797,0,0,0,832.9
2026-06-20T08:53:29+07:00,ok,2746,4248,21797,0,0,0,2331.1
2026-06-20T08:53:41+07:00,ok,2746,4248,21797,0,0,0,852.2
2026-06-20T08:53:52+07:00,ok,2746,4248,21797,0,0,0,2115.7
2026-06-20T08:54:05+07:00,ok,2755,4254,21845,9,6,48,1676.4
2026-06-20T08:54:17+07:00,ok,2755,4254,21845,0,0,0,943.6
2026-06-20T08:54:28+07:00,ok,2755,4254,21845,0,0,0,1078.6
2026-06-20T08:54:39+07:00,ok,2755,4254,21845,0,0,0,888.4
2026-06-20T08:54:50+07:00,ok,0,0,0,-2755,-4254,-21845,926.2
2026-06-20T08:55:01+07:00,ok,10,6,36,10,6,36,1034.6
2026-06-20T08:55:12+07:00,ok,10,6,36,0,0,0,865.4
2026-06-20T08:55:23+07:00,ok,10,6,36,0,0,0,899.9
2026-06-20T08:55:34+07:00,ok,10,6,36,0,0,0,1970.7
2026-06-20T08:55:46+07:00,ok,10,6,36,0,0,0,1263.4
2026-06-20T08:55:58+07:00,ok,10,6,36,0,0,0,942.2
2026-06-20T08:56:09+07:00,ok,20,14,102,10,8,66,1310.7
2026-06-20T08:56:20+07:00,ok,20,14,102,0,0,0,994.5
2026-06-20T08:56:31+07:00,ok,20,14,102,0,0,0,952.4
2026-06-20T08:56:42+07:00,ok,20,14,102,0,0,0,2835.6
2026-06-20T08:56:56+07:00,ok,20,14,102,0,0,0,15654.5
2026-06-20T08:57:24+07:00,ok,29,21,132,9,7,30,8083.6
2026-06-20T08:57:44+07:00,ok,29,21,132,0,0,0,7513.2
2026-06-20T08:58:03+07:00,ok,29,21,132,0,0,0,7000.1
2026-06-20T08:58:23+07:00,ok,38,32,173,9,11,41,12451.7
2026-06-20T08:58:46+07:00,ok,38,32,180,0,0,7,7887.7
2026-06-20T08:59:05+07:00,error,,,,,,,23451.1
2026-06-20T09:00:32+07:00,ok,41,40,209,3,8,29,29997.5
2026-06-20T09:01:12+07:00,ok,41,40,220,0,0,11,4943.7
2026-06-20T09:01:27+07:00,ok,87,136,651,46,96,431,1361
2026-06-20T09:01:39+07:00,ok,357,551,2767,270,415,2116,1028.2
2026-06-20T09:01:50+07:00,ok,722,1060,5253,365,509,2486,1030.4
2026-06-20T09:02:01+07:00,down,,,,,,,24.3
2026-06-20T09:02:11+07:00,down,,,,,,,29
2026-06-20T09:02:22+07:00,down,,,,,,,1964.3
2026-06-20T09:02:34+07:00,ok,907,1342,6684,0,0,0,893.3
2026-06-20T09:02:45+07:00,ok,907,1342,6684,0,0,0,923.7
2026-06-20T09:02:56+07:00,ok,907,1342,6684,0,0,0,953.7
2026-06-20T09:03:07+07:00,ok,907,1342,6684,0,0,0,1047.2
2026-06-20T09:03:18+07:00,ok,907,1342,6684,0,0,0,973.6
2026-06-20T09:03:29+07:00,ok,907,1342,6684,0,0,0,1119.7
2026-06-20T09:03:40+07:00,ok,915,1348,6753,8,6,69,1081.7
2026-06-20T09:03:52+07:00,ok,915,1348,6753,0,0,0,883.1
2026-06-20T09:04:03+07:00,ok,0,0,0,-915,-1348,-6753,996
2026-06-20T09:04:14+07:00,ok,0,0,0,0,0,0,908.3
2026-06-20T09:04:25+07:00,ok,0,0,0,0,0,0,1113.7
2026-06-20T09:04:36+07:00,ok,10,9,59,10,9,59,1203
2026-06-20T09:04:47+07:00,ok,10,9,59,0,0,0,1369
2026-06-20T09:04:59+07:00,ok,10,9,59,0,0,0,1037.1
2026-06-20T09:05:10+07:00,ok,10,9,59,0,0,0,861.7
2026-06-20T09:05:21+07:00,ok,10,9,59,0,0,0,1432.5
2026-06-20T09:05:33+07:00,ok,1002,1559,7592,992,1550,7533,1591
2026-06-20T09:05:45+07:00,ok,1160,1814,8740,158,255,1148,989.6
2026-06-20T09:05:56+07:00,ok,1503,2366,11357,343,552,2617,1199.3
2026-06-20T09:06:07+07:00,down,,,,,,,615.4
2026-06-20T09:06:18+07:00,down,,,,,,,34.2
2026-06-20T09:06:28+07:00,ok,1799,2787,13667,0,0,0,889.6
2026-06-20T09:06:39+07:00,ok,1799,2787,13667,0,0,0,1158.7
2026-06-20T09:06:50+07:00,ok,1799,2787,13667,0,0,0,762.4
2026-06-20T09:07:01+07:00,ok,1799,2787,13667,0,0,0,909.2
2026-06-20T09:07:12+07:00,ok,1799,2787,13667,0,0,0,773.7
2026-06-20T09:07:23+07:00,ok,0,0,0,-1799,-2787,-13667,1082.2
2026-06-20T09:07:34+07:00,ok,9,6,31,9,6,31,1075.4
2026-06-20T09:07:46+07:00,ok,9,6,31,0,0,0,1044.4
2026-06-20T09:07:57+07:00,ok,9,6,31,0,0,0,986.4
2026-06-20T09:08:08+07:00,ok,9,6,31,0,0,0,920.3
2026-06-20T09:08:19+07:00,ok,9,6,31,0,0,0,1067
2026-06-20T09:08:30+07:00,ok,9,6,31,0,0,0,1137.4
2026-06-20T09:08:41+07:00,ok,12,11,66,3,5,35,884.6
2026-06-20T09:08:52+07:00,ok,12,11,66,0,0,0,1248.3
2026-06-20T09:09:04+07:00,ok,12,11,66,0,0,0,1049.6
2026-06-20T09:09:15+07:00,ok,12,11,66,0,0,0,1233.4
2026-06-20T09:09:26+07:00,ok,12,11,66,0,0,0,1254.7
2026-06-20T09:09:38+07:00,ok,18,17,116,6,6,50,903.2
2026-06-20T09:09:49+07:00,ok,18,17,116,0,0,0,896.2
2026-06-20T09:10:00+07:00,ok,18,17,116,0,0,0,1046.7
2026-06-20T09:10:11+07:00,ok,18,17,116,0,0,0,941.5
2026-06-20T09:10:22+07:00,ok,18,17,116,0,0,0,1004.8
2026-06-20T09:10:33+07:00,ok,18,17,116,0,0,0,1084.5
2026-06-20T09:10:44+07:00,ok,21,29,168,3,12,52,948.4
2026-06-20T09:10:55+07:00,ok,21,29,168,0,0,0,1025
2026-06-20T09:11:07+07:00,ok,21,29,168,0,0,0,956
2026-06-20T09:11:18+07:00,ok,21,29,168,0,0,0,1005.9
2026-06-20T09:11:29+07:00,ok,21,29,168,0,0,0,965.6
2026-06-20T09:11:40+07:00,ok,29,44,218,8,15,50,929.9
2026-06-20T09:11:51+07:00,ok,29,44,218,0,0,0,1020.8
2026-06-20T09:12:02+07:00,ok,29,44,218,0,0,0,882.3
2026-06-20T09:12:13+07:00,ok,29,44,218,0,0,0,972.7
2026-06-20T09:12:24+07:00,ok,29,44,218,0,0,0,970.6
2026-06-20T09:12:35+07:00,ok,29,44,218,0,0,0,920.1
2026-06-20T09:12:46+07:00,ok,35,59,274,6,15,56,959.8
2026-06-20T09:12:57+07:00,ok,35,59,274,0,0,0,843.5
2026-06-20T09:13:08+07:00,ok,35,59,274,0,0,0,978.2
2026-06-20T09:13:19+07:00,ok,35,59,274,0,0,0,1102.1
2026-06-20T09:13:31+07:00,ok,35,59,274,0,0,0,997.6
2026-06-20T09:13:42+07:00,ok,35,59,274,0,0,0,1043.2
2026-06-20T09:13:53+07:00,ok,42,70,326,7,11,52,952.2
2026-06-20T09:14:04+07:00,ok,42,70,326,0,0,0,950.2
2026-06-20T09:14:15+07:00,ok,42,70,326,0,0,0,978.5
2026-06-20T09:14:26+07:00,ok,42,70,326,0,0,0,930.8
2026-06-20T09:14:37+07:00,ok,42,70,326,0,0,0,899.9
2026-06-20T09:14:48+07:00,ok,52,80,369,10,10,43,796.3
2026-06-20T09:14:59+07:00,ok,52,80,369,0,0,0,842.9
2026-06-20T09:15:10+07:00,ok,52,80,369,0,0,0,854.2
2026-06-20T09:15:21+07:00,ok,52,80,369,0,0,0,703.7
2026-06-20T09:15:32+07:00,ok,52,80,369,0,0,0,812
2026-06-20T09:15:43+07:00,ok,52,80,369,0,0,0,763.9
2026-06-20T09:15:54+07:00,ok,58,95,430,6,15,61,1551
2026-06-20T09:16:06+07:00,ok,58,95,430,0,0,0,1251.9
2026-06-20T09:16:17+07:00,down,,,,,,,1166.4
2026-06-20T09:16:28+07:00,ok,2058,3181,15652,0,0,0,954.7
2026-06-20T09:16:40+07:00,ok,2355,3643,17862,297,462,2210,942.8
2026-06-20T09:16:51+07:00,down,,,,,,,1141.7
2026-06-20T09:17:02+07:00,down,,,,,,,33.4
2026-06-20T09:17:12+07:00,down,,,,,,,29.1
2026-06-20T09:17:22+07:00,ok,2714,4200,20457,0,0,0,842
2026-06-20T09:17:33+07:00,ok,2714,4200,20457,0,0,0,968.7
2026-06-20T09:17:44+07:00,ok,2714,4200,20457,0,0,0,931.3
2026-06-20T09:17:55+07:00,ok,2714,4200,20457,0,0,0,951.9
2026-06-20T09:18:06+07:00,ok,2714,4200,20457,0,0,0,924.2
2026-06-20T09:18:17+07:00,ok,2714,4200,20457,0,0,0,806.7
2026-06-20T09:18:28+07:00,ok,2724,4209,20490,10,9,33,885.5
2026-06-20T09:18:39+07:00,ok,2724,4209,20490,0,0,0,887.9
2026-06-20T09:18:50+07:00,ok,2724,4209,20490,0,0,0,1017.6
