timestamp,status,customers_total,products_total,orders_total,customers_delta,products_delta,orders_delta,query_latency_ms
2026-06-20T01:59:16+07:00,ok,166,114,670,0,0,0,212.0
2026-06-20T01:59:28+07:00,ok,166,114,670,0,0,0,175.4
2026-06-20T01:59:39+07:00,ok,166,114,670,0,0,0,100.7
2026-06-20T01:59:50+07:00,ok,166,114,670,0,0,0,121.0
2026-06-20T02:00:01+07:00,ok,173,120,721,7,6,51,90.5
2026-06-20T02:00:12+07:00,ok,173,120,721,0,0,0,116.1
2026-06-20T02:00:23+07:00,ok,173,120,721,0,0,0,93.3
2026-06-20T02:00:34+07:00,ok,173,120,721,0,0,0,89.7
2026-06-20T02:00:45+07:00,ok,173,120,721,0,0,0,93.6
2026-06-20T02:00:56+07:00,ok,173,120,721,0,0,0,106.0
2026-06-20T02:01:07+07:00,ok,188,125,766,15,5,45,96.0
2026-06-20T02:01:18+07:00,ok,188,125,766,0,0,0,116.9
2026-06-20T02:01:29+07:00,ok,188,125,766,0,0,0,103.8
2026-06-20T02:01:40+07:00,ok,188,125,766,0,0,0,126.0
2026-06-20T02:01:51+07:00,ok,188,125,766,0,0,0,128.6
2026-06-20T02:02:02+07:00,ok,201,132,809,13,7,43,92.3
2026-06-20T02:02:13+07:00,ok,201,132,809,0,0,0,94.5
2026-06-20T02:02:24+07:00,ok,201,132,809,0,0,0,112.8
2026-06-20T02:02:35+07:00,ok,201,132,809,0,0,0,96.5
2026-06-20T02:02:46+07:00,ok,201,132,809,0,0,0,96.3
2026-06-20T02:02:57+07:00,ok,201,132,809,0,0,0,111.7
2026-06-20T02:03:08+07:00,ok,214,141,872,13,9,63,113.3
2026-06-20T02:03:19+07:00,ok,214,141,872,0,0,0,104.8
2026-06-20T02:03:30+07:00,ok,214,141,872,0,0,0,117.1
2026-06-20T02:03:41+07:00,ok,214,141,872,0,0,0,110.4
2026-06-20T02:03:52+07:00,ok,214,141,872,0,0,0,124.7
2026-06-20T02:04:03+07:00,ok,221,145,920,7,4,48,234.4
2026-06-20T02:04:14+07:00,ok,221,145,920,0,0,0,105.6
2026-06-20T02:04:25+07:00,ok,221,145,920,0,0,0,110.3
2026-06-20T02:04:36+07:00,ok,221,145,920,0,0,0,123.5
2026-06-20T02:04:47+07:00,ok,221,145,920,0,0,0,126.8
2026-06-20T02:04:58+07:00,ok,221,145,920,0,0,0,111.1
2026-06-20T02:05:10+07:00,ok,233,148,950,12,3,30,227.1
2026-06-20T02:05:21+07:00,ok,233,148,950,0,0,0,171.4
2026-06-20T02:05:33+07:00,ok,233,148,950,0,0,0,149.7
2026-06-20T02:05:44+07:00,ok,233,148,950,0,0,0,153.1
2026-06-20T02:05:55+07:00,ok,233,148,950,0,0,0,134.7
2026-06-20T02:06:06+07:00,ok,244,153,991,11,5,41,171.1
2026-06-20T02:06:18+07:00,ok,244,153,991,0,0,0,103.5
2026-06-20T02:06:29+07:00,ok,244,153,991,0,0,0,106.0
2026-06-20T02:06:40+07:00,ok,244,153,991,0,0,0,99.3
2026-06-20T02:06:51+07:00,ok,244,153,991,0,0,0,101.7
2026-06-20T02:07:03+07:00,ok,249,162,1020,5,9,29,105.6
2026-06-20T02:07:14+07:00,ok,249,162,1020,0,0,0,98.0
2026-06-20T02:07:25+07:00,ok,249,162,1020,0,0,0,106.3
2026-06-20T02:07:36+07:00,ok,249,162,1020,0,0,0,106.8
2026-06-20T02:07:47+07:00,ok,249,162,1020,0,0,0,98.3
2026-06-20T02:07:58+07:00,ok,249,162,1020,0,0,0,110.9
2026-06-20T02:08:09+07:00,ok,264,170,1077,15,8,57,132.4
2026-06-20T02:08:21+07:00,ok,264,170,1077,0,0,0,110.4
2026-06-20T02:08:32+07:00,ok,264,170,1077,0,0,0,103.1
2026-06-20T02:08:43+07:00,ok,264,170,1077,0,0,0,102.3
2026-06-20T02:08:54+07:00,ok,264,170,1077,0,0,0,111.8
2026-06-20T02:09:05+07:00,ok,271,175,1109,7,5,32,107.6
2026-06-20T02:09:16+07:00,ok,271,175,1109,0,0,0,115.7
2026-06-20T02:09:28+07:00,ok,271,175,1109,0,0,0,114.8
2026-06-20T02:09:39+07:00,ok,271,175,1109,0,0,0,110.9
2026-06-20T02:09:50+07:00,ok,271,175,1109,0,0,0,159.2
2026-06-20T02:10:01+07:00,ok,282,180,1153,11,5,44,135.3
2026-06-20T02:10:12+07:00,ok,282,180,1153,0,0,0,96.7
2026-06-20T02:10:23+07:00,ok,282,180,1153,0,0,0,108.7
2026-06-20T02:10:34+07:00,ok,282,180,1153,0,0,0,138.1
2026-06-20T02:10:45+07:00,ok,282,180,1153,0,0,0,120.8
2026-06-20T02:10:56+07:00,ok,282,180,1153,0,0,0,101.7
2026-06-20T02:11:07+07:00,ok,287,188,1218,5,8,65,100.4
2026-06-20T02:11:18+07:00,ok,287,188,1218,0,0,0,99.0
2026-06-20T02:11:29+07:00,ok,287,188,1218,0,0,0,115.7
2026-06-20T02:11:40+07:00,ok,287,188,1218,0,0,0,112.3
2026-06-20T02:11:51+07:00,ok,287,188,1218,0,0,0,140.3
2026-06-20T02:12:03+07:00,ok,297,193,1257,10,5,39,102.2
2026-06-20T02:12:14+07:00,ok,297,193,1257,0,0,0,113.7
2026-06-20T02:12:25+07:00,ok,297,193,1257,0,0,0,109.6
2026-06-20T02:12:36+07:00,ok,297,193,1257,0,0,0,113.0
2026-06-20T02:12:47+07:00,ok,297,193,1257,0,0,0,92.0
2026-06-20T02:12:58+07:00,ok,297,193,1257,0,0,0,120.4
2026-06-20T02:13:09+07:00,ok,304,201,1305,7,8,48,101.7
2026-06-20T02:13:20+07:00,ok,304,201,1305,0,0,0,215.6
2026-06-20T02:13:31+07:00,ok,304,201,1305,0,0,0,93.3
2026-06-20T02:13:42+07:00,ok,304,201,1305,0,0,0,91.0
2026-06-20T02:13:53+07:00,ok,304,201,1305,0,0,0,93.0
2026-06-20T02:14:04+07:00,ok,309,205,1340,5,4,35,92.0
2026-06-20T02:14:15+07:00,ok,309,205,1340,0,0,0,96.6
2026-06-20T02:14:26+07:00,ok,309,205,1340,0,0,0,95.6
2026-06-20T02:14:37+07:00,ok,309,205,1340,0,0,0,100.5
2026-06-20T02:14:48+07:00,ok,309,205,1340,0,0,0,107.7
2026-06-20T02:14:59+07:00,ok,309,205,1340,0,0,0,182.9
2026-06-20T02:15:10+07:00,ok,321,208,1406,12,3,66,94.1
2026-06-20T02:15:21+07:00,ok,321,208,1406,0,0,0,105.1
2026-06-20T02:15:32+07:00,ok,321,208,1406,0,0,0,97.9
2026-06-20T02:15:43+07:00,ok,321,208,1406,0,0,0,100.8
2026-06-20T02:15:54+07:00,ok,321,208,1406,0,0,0,95.0
2026-06-20T02:16:05+07:00,ok,329,214,1453,8,6,47,94.1
2026-06-20T02:16:16+07:00,ok,329,214,1453,0,0,0,98.2
2026-06-20T02:16:27+07:00,ok,329,214,1453,0,0,0,134.3
2026-06-20T02:16:38+07:00,ok,329,214,1453,0,0,0,117.4
2026-06-20T02:16:49+07:00,ok,329,214,1453,0,0,0,174.8
2026-06-20T02:17:00+07:00,ok,329,214,1453,0,0,0,114.8
2026-06-20T02:17:11+07:00,ok,338,220,1506,9,6,53,122.1
2026-06-20T02:17:23+07:00,ok,338,220,1506,0,0,0,335.3
2026-06-20T02:17:34+07:00,ok,338,220,1506,0,0,0,108.3
2026-06-20T02:17:45+07:00,ok,338,220,1506,0,0,0,96.1
2026-06-20T02:17:56+07:00,ok,338,220,1506,0,0,0,121.9
2026-06-20T02:18:07+07:00,ok,345,226,1551,7,6,45,98.8
2026-06-20T02:18:18+07:00,ok,345,226,1551,0,0,0,146.8
2026-06-20T02:18:30+07:00,ok,345,226,1551,0,0,0,136.9
2026-06-20T02:18:41+07:00,ok,345,226,1551,0,0,0,98.2
2026-06-20T02:18:52+07:00,ok,345,226,1551,0,0,0,106.5
2026-06-20T02:19:03+07:00,ok,356,231,1585,11,5,34,202.4
2026-06-20T02:19:15+07:00,ok,356,231,1585,0,0,0,135.8
2026-06-20T02:19:27+07:00,ok,356,231,1585,0,0,0,136.4
2026-06-20T02:19:38+07:00,ok,356,231,1585,0,0,0,146.5
2026-06-20T02:19:49+07:00,ok,356,231,1585,0,0,0,98.3
2026-06-20T02:20:00+07:00,ok,356,231,1585,0,0,0,101.8
2026-06-20T02:20:11+07:00,ok,367,236,1632,11,5,47,104.8
2026-06-20T02:20:22+07:00,ok,367,236,1632,0,0,0,108.9
2026-06-20T02:20:34+07:00,ok,367,236,1632,0,0,0,178.8
2026-06-20T02:20:45+07:00,ok,367,236,1632,0,0,0,122.4
2026-06-20T02:20:56+07:00,ok,367,236,1632,0,0,0,133.8
2026-06-20T02:21:07+07:00,ok,380,241,1694,13,5,62,114.4
2026-06-20T02:21:18+07:00,ok,380,241,1694,0,0,0,120.1
2026-06-20T02:21:29+07:00,ok,380,241,1694,0,0,0,128.6
2026-06-20T02:21:40+07:00,ok,380,241,1694,0,0,0,145.2
2026-06-20T02:21:52+07:00,ok,380,241,1694,0,0,0,106.5
2026-06-20T02:22:03+07:00,ok,386,244,1748,6,3,54,107.0
2026-06-20T02:22:14+07:00,ok,386,244,1748,0,0,0,111.6
2026-06-20T02:22:25+07:00,ok,386,244,1748,0,0,0,172.4
2026-06-20T02:22:36+07:00,ok,386,244,1748,0,0,0,132.1
2026-06-20T02:22:47+07:00,ok,386,244,1748,0,0,0,108.1
2026-06-20T02:22:58+07:00,ok,386,244,1748,0,0,0,96.1
2026-06-20T02:23:09+07:00,ok,393,254,1798,7,10,50,111.4
2026-06-20T02:23:20+07:00,ok,393,254,1798,0,0,0,99.9
2026-06-20T02:23:31+07:00,ok,393,254,1798,0,0,0,101.2
2026-06-20T02:23:42+07:00,ok,393,254,1798,0,0,0,106.0
2026-06-20T02:23:53+07:00,ok,393,254,1798,0,0,0,103.1
2026-06-20T02:24:04+07:00,ok,399,264,1846,6,10,48,110.0
2026-06-20T02:24:15+07:00,ok,399,264,1846,0,0,0,104.7
2026-06-20T02:24:26+07:00,ok,399,264,1846,0,0,0,137.4
2026-06-20T02:24:37+07:00,ok,399,264,1846,0,0,0,105.2
2026-06-20T02:24:48+07:00,ok,399,264,1846,0,0,0,106.7
2026-06-20T02:24:59+07:00,ok,399,264,1846,0,0,0,106.3
2026-06-20T02:25:10+07:00,ok,409,271,1884,10,7,38,109.8
2026-06-20T02:25:21+07:00,ok,409,271,1884,0,0,0,111.9
2026-06-20T02:25:32+07:00,ok,409,271,1884,0,0,0,110.5
2026-06-20T02:25:43+07:00,ok,409,271,1884,0,0,0,100.1
2026-06-20T02:25:54+07:00,ok,409,271,1884,0,0,0,127.7
2026-06-20T02:26:05+07:00,ok,423,282,1925,14,11,41,112.3
2026-06-20T02:26:16+07:00,ok,423,282,1925,0,0,0,95.4
2026-06-20T02:26:27+07:00,ok,423,282,1925,0,0,0,108.1
2026-06-20T02:26:38+07:00,ok,423,282,1925,0,0,0,107.0
2026-06-20T02:26:49+07:00,ok,423,282,1925,0,0,0,101.7
2026-06-20T02:27:00+07:00,ok,423,282,1925,0,0,0,99.1
2026-06-20T02:27:11+07:00,ok,431,293,1973,8,11,48,103.6
2026-06-20T02:27:22+07:00,ok,431,293,1973,0,0,0,111.4
2026-06-20T02:27:33+07:00,ok,431,293,1973,0,0,0,106.4
2026-06-20T02:27:44+07:00,ok,431,293,1973,0,0,0,107.3
2026-06-20T02:27:55+07:00,ok,431,293,1973,0,0,0,116.5
2026-06-20T02:28:06+07:00,ok,439,302,2020,8,9,47,110.1
2026-06-20T02:28:17+07:00,ok,439,302,2020,0,0,0,120.9
2026-06-20T02:28:28+07:00,ok,439,302,2020,0,0,0,107.9
2026-06-20T02:28:39+07:00,ok,439,302,2020,0,0,0,116.9
2026-06-20T02:28:50+07:00,ok,439,302,2020,0,0,0,100.3
2026-06-20T02:29:01+07:00,ok,439,302,2020,0,0,0,99.9
2026-06-20T02:29:12+07:00,ok,445,306,2069,6,4,49,110.1
2026-06-20T02:29:23+07:00,ok,445,306,2069,0,0,0,115.4
2026-06-20T02:29:34+07:00,ok,445,306,2069,0,0,0,102.5
2026-06-20T02:29:45+07:00,ok,445,306,2069,0,0,0,103.8
2026-06-20T02:29:56+07:00,ok,445,306,2069,0,0,0,110.2
2026-06-20T02:30:07+07:00,ok,454,310,2108,9,4,39,116.9
2026-06-20T02:30:18+07:00,ok,454,310,2108,0,0,0,99.4
2026-06-20T02:30:29+07:00,ok,454,310,2108,0,0,0,99.6
2026-06-20T02:30:40+07:00,ok,454,310,2108,0,0,0,116.8
2026-06-20T02:30:51+07:00,ok,454,310,2108,0,0,0,100.5
2026-06-20T02:31:02+07:00,ok,454,310,2108,0,0,0,97.9
2026-06-20T02:31:13+07:00,ok,466,320,2177,12,10,69,100.5
2026-06-20T02:31:24+07:00,ok,466,320,2177,0,0,0,114.3
2026-06-20T02:31:35+07:00,ok,466,320,2177,0,0,0,124.5
2026-06-20T02:31:46+07:00,ok,466,320,2177,0,0,0,122.9
2026-06-20T02:31:57+07:00,ok,466,320,2177,0,0,0,110.8
2026-06-20T02:32:08+07:00,ok,479,331,2238,13,11,61,131.0
2026-06-20T02:32:19+07:00,ok,479,331,2238,0,0,0,102.2
2026-06-20T02:32:30+07:00,ok,479,331,2238,0,0,0,115.4
2026-06-20T02:32:41+07:00,ok,479,331,2238,0,0,0,142.0
2026-06-20T02:32:52+07:00,ok,479,331,2238,0,0,0,107.5
2026-06-20T02:33:03+07:00,ok,490,339,2308,11,8,70,100.5
2026-06-20T02:33:14+07:00,ok,490,339,2308,0,0,0,99.1
2026-06-20T02:33:25+07:00,ok,490,339,2308,0,0,0,97.8
2026-06-20T02:33:36+07:00,ok,490,339,2308,0,0,0,91.2
2026-06-20T02:33:47+07:00,ok,490,339,2308,0,0,0,103.1
2026-06-20T02:33:58+07:00,ok,490,339,2308,0,0,0,95.0
2026-06-20T02:34:09+07:00,ok,504,346,2363,14,7,55,94.2
2026-06-20T02:34:20+07:00,ok,504,346,2363,0,0,0,93.0
2026-06-20T02:34:31+07:00,ok,504,346,2363,0,0,0,120.3
2026-06-20T02:34:42+07:00,ok,504,346,2363,0,0,0,93.5
2026-06-20T02:34:53+07:00,ok,504,346,2363,0,0,0,98.8
2026-06-20T02:35:04+07:00,ok,511,355,2407,7,9,44,98.2
2026-06-20T02:35:15+07:00,ok,511,355,2407,0,0,0,94.8
2026-06-20T02:35:26+07:00,ok,511,355,2407,0,0,0,96.4
2026-06-20T02:35:37+07:00,ok,511,355,2407,0,0,0,97.4
2026-06-20T02:35:48+07:00,ok,511,355,2407,0,0,0,99.1
2026-06-20T02:35:59+07:00,ok,511,355,2407,0,0,0,92.3
2026-06-20T02:36:10+07:00,ok,523,366,2453,12,11,46,131.1
2026-06-20T02:36:20+07:00,ok,523,366,2453,0,0,0,100.2
2026-06-20T02:36:31+07:00,ok,523,366,2453,0,0,0,101.1
2026-06-20T02:36:42+07:00,ok,523,366,2453,0,0,0,97.6
2026-06-20T02:36:53+07:00,ok,523,366,2453,0,0,0,96.3
2026-06-20T02:37:04+07:00,ok,537,375,2507,14,9,54,94.9
2026-06-20T02:37:15+07:00,ok,537,375,2507,0,0,0,97.9
2026-06-20T02:37:26+07:00,ok,537,375,2507,0,0,0,94.2
2026-06-20T02:37:37+07:00,ok,537,375,2507,0,0,0,113.2
2026-06-20T02:37:48+07:00,ok,537,375,2507,0,0,0,99.1
2026-06-20T02:37:59+07:00,ok,537,375,2507,0,0,0,125.5
2026-06-20T02:38:10+07:00,ok,547,379,2568,10,4,61,105.2
2026-06-20T02:38:21+07:00,ok,547,379,2568,0,0,0,101.4
2026-06-20T02:38:32+07:00,ok,547,379,2568,0,0,0,107.1
2026-06-20T02:38:43+07:00,ok,547,379,2568,0,0,0,152.7
2026-06-20T02:38:54+07:00,ok,547,379,2568,0,0,0,117.3
2026-06-20T02:39:06+07:00,ok,557,383,2634,10,4,66,128.2
2026-06-20T02:39:17+07:00,ok,557,383,2634,0,0,0,106.5
2026-06-20T02:39:28+07:00,ok,557,383,2634,0,0,0,107.8
2026-06-20T02:39:39+07:00,ok,557,383,2634,0,0,0,109.5
2026-06-20T02:39:50+07:00,ok,557,383,2634,0,0,0,109.1
2026-06-20T02:40:01+07:00,ok,557,383,2634,0,0,0,113.7
2026-06-20T02:40:12+07:00,ok,564,394,2700,7,11,66,105.3
2026-06-20T02:40:23+07:00,ok,564,394,2700,0,0,0,105.6
2026-06-20T02:40:34+07:00,ok,564,394,2700,0,0,0,100.2
2026-06-20T02:40:45+07:00,ok,564,394,2700,0,0,0,113.0
2026-06-20T02:40:56+07:00,ok,564,394,2700,0,0,0,135.5
2026-06-20T02:41:08+07:00,ok,574,400,2742,10,6,42,108.1
2026-06-20T02:41:19+07:00,ok,574,400,2742,0,0,0,110.8
2026-06-20T02:41:30+07:00,ok,574,400,2742,0,0,0,102.7
2026-06-20T02:41:41+07:00,ok,574,400,2742,0,0,0,109.3
2026-06-20T02:41:52+07:00,ok,574,400,2742,0,0,0,107.7
2026-06-20T02:42:03+07:00,ok,574,400,2742,0,0,0,101.9
2026-06-20T02:42:14+07:00,ok,580,411,2791,6,11,49,106.4
2026-06-20T02:42:25+07:00,ok,580,411,2791,0,0,0,114.9
2026-06-20T02:42:36+07:00,ok,580,411,2791,0,0,0,103.4
2026-06-20T02:42:47+07:00,ok,580,411,2791,0,0,0,99.7
2026-06-20T02:42:58+07:00,ok,580,411,2791,0,0,0,119.8
2026-06-20T02:43:09+07:00,ok,589,414,2836,9,3,45,161.9
2026-06-20T02:43:20+07:00,ok,589,414,2836,0,0,0,129.1
2026-06-20T02:43:32+07:00,ok,589,414,2836,0,0,0,104.9
2026-06-20T02:43:43+07:00,ok,589,414,2836,0,0,0,109.9
2026-06-20T02:43:54+07:00,ok,589,414,2836,0,0,0,106.1
2026-06-20T02:44:05+07:00,ok,594,423,2901,5,9,65,108.5
2026-06-20T02:44:16+07:00,ok,594,423,2901,0,0,0,131.5
2026-06-20T02:44:27+07:00,ok,594,423,2901,0,0,0,111.6
2026-06-20T02:44:38+07:00,ok,594,423,2901,0,0,0,107.4
2026-06-20T02:44:49+07:00,ok,594,423,2901,0,0,0,107.9
2026-06-20T02:45:00+07:00,ok,594,423,2901,0,0,0,113.9
2026-06-20T02:45:11+07:00,ok,601,430,2951,7,7,50,99.5
2026-06-20T02:45:22+07:00,ok,601,430,2951,0,0,0,108.8
2026-06-20T02:45:33+07:00,ok,601,430,2951,0,0,0,109.2
2026-06-20T02:45:44+07:00,ok,601,430,2951,0,0,0,109.9
2026-06-20T02:45:55+07:00,ok,601,430,2951,0,0,0,125.0
2026-06-20T02:46:06+07:00,ok,612,438,2982,11,8,31,106.0
2026-06-20T02:46:17+07:00,ok,612,438,2982,0,0,0,121.6
2026-06-20T02:46:28+07:00,ok,612,438,2982,0,0,0,108.7
2026-06-20T02:46:39+07:00,ok,612,438,2982,0,0,0,101.2
2026-06-20T02:46:50+07:00,ok,612,438,2982,0,0,0,102.8
2026-06-20T02:47:01+07:00,ok,612,438,2982,0,0,0,106.1
2026-06-20T02:47:12+07:00,ok,618,449,3033,6,11,51,104.9
2026-06-20T02:47:23+07:00,ok,618,449,3033,0,0,0,105.8
2026-06-20T02:47:34+07:00,ok,618,449,3033,0,0,0,101.2
2026-06-20T02:47:45+07:00,ok,618,449,3033,0,0,0,103.2
2026-06-20T02:47:56+07:00,ok,618,449,3033,0,0,0,104.2
2026-06-20T02:48:07+07:00,ok,632,459,3094,14,10,61,103.6
2026-06-20T02:48:18+07:00,ok,632,459,3094,0,0,0,160.3
2026-06-20T02:48:30+07:00,ok,632,459,3094,0,0,0,112.7
2026-06-20T02:48:41+07:00,ok,632,459,3094,0,0,0,116.3
2026-06-20T02:48:52+07:00,ok,632,459,3094,0,0,0,109.4
2026-06-20T02:49:03+07:00,ok,632,459,3094,0,0,0,101.7
2026-06-20T02:49:14+07:00,ok,648,467,3158,16,8,64,109.0
2026-06-20T02:49:25+07:00,ok,648,467,3158,0,0,0,104.2
2026-06-20T02:49:36+07:00,ok,648,467,3158,0,0,0,103.1
2026-06-20T02:49:47+07:00,ok,648,467,3158,0,0,0,107.0
2026-06-20T02:49:58+07:00,ok,648,467,3158,0,0,0,105.5
2026-06-20T02:50:09+07:00,ok,656,474,3224,8,7,66,111.1
2026-06-20T02:50:20+07:00,ok,656,474,3224,0,0,0,103.4
2026-06-20T02:50:31+07:00,ok,656,474,3224,0,0,0,102.9
2026-06-20T02:50:42+07:00,ok,656,474,3224,0,0,0,99.9
2026-06-20T02:50:53+07:00,ok,656,474,3224,0,0,0,102.8
2026-06-20T02:51:04+07:00,ok,668,481,3290,12,7,66,102.4
2026-06-20T02:51:15+07:00,ok,668,481,3290,0,0,0,120.2
2026-06-20T02:51:26+07:00,ok,668,481,3290,0,0,0,123.5
2026-06-20T02:51:38+07:00,ok,668,481,3290,0,0,0,113.8
2026-06-20T02:51:49+07:00,ok,668,481,3290,0,0,0,111.3
2026-06-20T02:52:00+07:00,ok,668,481,3290,0,0,0,106.4
2026-06-20T02:52:11+07:00,ok,679,492,3337,11,11,47,105.3
2026-06-20T02:52:22+07:00,ok,679,492,3337,0,0,0,108.9
2026-06-20T02:52:33+07:00,ok,679,492,3337,0,0,0,104.0
2026-06-20T02:52:44+07:00,ok,679,492,3337,0,0,0,100.8
2026-06-20T02:52:55+07:00,ok,679,492,3337,0,0,0,109.0
2026-06-20T02:53:06+07:00,ok,690,500,3382,11,8,45,123.8
2026-06-20T02:53:17+07:00,ok,690,500,3382,0,0,0,99.4
2026-06-20T02:53:28+07:00,ok,690,500,3382,0,0,0,107.7
2026-06-20T02:53:39+07:00,ok,690,500,3382,0,0,0,113.7
2026-06-20T02:53:50+07:00,ok,690,500,3382,0,0,0,119.9
2026-06-20T02:54:01+07:00,ok,690,500,3382,0,0,0,108.2
2026-06-20T02:54:12+07:00,ok,705,509,3418,15,9,36,111.9
2026-06-20T02:54:23+07:00,ok,705,509,3418,0,0,0,132.0
2026-06-20T02:54:34+07:00,ok,705,509,3418,0,0,0,104.9
2026-06-20T02:54:45+07:00,ok,705,509,3418,0,0,0,100.1
2026-06-20T02:54:56+07:00,ok,705,509,3418,0,0,0,102.9
2026-06-20T02:55:07+07:00,ok,720,515,3474,15,6,56,104.0
2026-06-20T02:55:18+07:00,ok,720,515,3474,0,0,0,108.8
2026-06-20T02:55:29+07:00,ok,720,515,3474,0,0,0,110.1
2026-06-20T02:55:40+07:00,ok,720,515,3474,0,0,0,123.4
2026-06-20T02:55:52+07:00,ok,720,515,3474,0,0,0,148.1
2026-06-20T02:56:03+07:00,ok,720,515,3474,0,0,0,111.9
2026-06-20T02:56:14+07:00,ok,733,520,3537,13,5,63,107.1
2026-06-20T02:56:25+07:00,ok,733,520,3537,0,0,0,105.6
2026-06-20T02:56:36+07:00,ok,733,520,3537,0,0,0,107.9
2026-06-20T02:56:47+07:00,ok,733,520,3537,0,0,0,121.6
2026-06-20T02:56:58+07:00,ok,733,520,3537,0,0,0,106.5
2026-06-20T02:57:09+07:00,ok,744,528,3571,11,8,34,130.3
2026-06-20T02:57:20+07:00,ok,744,528,3571,0,0,0,114.0
2026-06-20T02:57:31+07:00,ok,744,528,3571,0,0,0,107.9
2026-06-20T02:57:42+07:00,ok,744,528,3571,0,0,0,106.4
2026-06-20T02:57:53+07:00,ok,744,528,3571,0,0,0,102.5
2026-06-20T02:58:04+07:00,ok,744,528,3571,0,0,0,116.4
2026-06-20T02:58:15+07:00,ok,751,538,3622,7,10,51,113.2
2026-06-20T02:58:26+07:00,ok,751,538,3622,0,0,0,110.5
2026-06-20T02:58:37+07:00,ok,751,538,3622,0,0,0,108.4
2026-06-20T02:58:48+07:00,ok,751,538,3622,0,0,0,106.2
2026-06-20T02:58:59+07:00,ok,751,538,3622,0,0,0,104.7
2026-06-20T02:59:10+07:00,ok,757,543,3670,6,5,48,111.4
2026-06-20T02:59:21+07:00,ok,757,543,3670,0,0,0,138.3
2026-06-20T02:59:32+07:00,ok,757,543,3670,0,0,0,122.0
2026-06-20T02:59:43+07:00,ok,757,543,3670,0,0,0,123.7
2026-06-20T02:59:55+07:00,ok,757,543,3670,0,0,0,129.5
2026-06-20T03:00:06+07:00,ok,770,552,3713,13,9,43,114.0
2026-06-20T03:00:17+07:00,ok,770,552,3713,0,0,0,116.1
2026-06-20T03:00:28+07:00,ok,770,552,3713,0,0,0,99.5
2026-06-20T03:00:39+07:00,ok,770,552,3713,0,0,0,137.7
2026-06-20T03:00:51+07:00,ok,770,552,3713,0,0,0,105.3
2026-06-20T03:01:02+07:00,ok,770,552,3713,0,0,0,110.5
2026-06-20T03:01:13+07:00,ok,778,562,3753,8,10,40,108.0
2026-06-20T03:01:24+07:00,ok,778,562,3753,0,0,0,112.8
2026-06-20T03:01:35+07:00,ok,778,562,3753,0,0,0,114.2
2026-06-20T03:01:46+07:00,ok,778,562,3753,0,0,0,127.8
2026-06-20T03:01:57+07:00,ok,778,562,3753,0,0,0,124.4
2026-06-20T03:02:08+07:00,ok,784,570,3801,6,8,48,110.3
2026-06-20T03:02:19+07:00,ok,784,570,3801,0,0,0,102.1
2026-06-20T03:02:30+07:00,ok,784,570,3801,0,0,0,103.9
2026-06-20T03:02:41+07:00,ok,784,570,3801,0,0,0,104.4
2026-06-20T03:02:52+07:00,ok,784,570,3801,0,0,0,112.8
2026-06-20T03:03:03+07:00,ok,784,570,3801,0,0,0,110.3
2026-06-20T03:03:14+07:00,ok,790,578,3864,6,8,63,112.6
2026-06-20T03:03:25+07:00,ok,790,578,3864,0,0,0,108.6
2026-06-20T03:03:36+07:00,ok,790,578,3864,0,0,0,118.8
2026-06-20T03:03:47+07:00,ok,790,578,3864,0,0,0,102.3
2026-06-20T03:03:58+07:00,ok,790,578,3864,0,0,0,103.9
2026-06-20T03:04:09+07:00,ok,796,586,3924,6,8,60,108.7
2026-06-20T03:04:20+07:00,ok,796,586,3924,0,0,0,108.4
2026-06-20T03:04:31+07:00,ok,796,586,3924,0,0,0,117.4
2026-06-20T03:04:42+07:00,ok,796,586,3924,0,0,0,115.4
2026-06-20T03:04:53+07:00,ok,796,586,3924,0,0,0,106.3
2026-06-20T03:05:04+07:00,ok,796,586,3924,0,0,0,105.1
2026-06-20T03:05:15+07:00,ok,807,594,3975,11,8,51,102.1
2026-06-20T03:05:26+07:00,ok,807,594,3975,0,0,0,101.3
2026-06-20T03:05:37+07:00,ok,807,594,3975,0,0,0,103.0
2026-06-20T03:05:48+07:00,ok,807,594,3975,0,0,0,139.3
2026-06-20T03:06:00+07:00,ok,807,594,3975,0,0,0,105.5
2026-06-20T03:06:11+07:00,ok,813,602,4036,6,8,61,106.0
2026-06-20T03:06:22+07:00,ok,813,602,4036,0,0,0,105.6
2026-06-20T03:06:33+07:00,ok,813,602,4036,0,0,0,106.4
2026-06-20T03:06:44+07:00,ok,813,602,4036,0,0,0,106.4
2026-06-20T03:06:55+07:00,ok,813,602,4036,0,0,0,107.4
2026-06-20T03:07:06+07:00,ok,826,611,4102,13,9,66,112.3
2026-06-20T03:07:17+07:00,ok,826,611,4102,0,0,0,108.3
2026-06-20T03:07:28+07:00,ok,826,611,4102,0,0,0,102.4
2026-06-20T03:07:39+07:00,ok,826,611,4102,0,0,0,107.2
2026-06-20T03:07:50+07:00,ok,826,611,4102,0,0,0,105.0
2026-06-20T03:08:01+07:00,ok,826,611,4102,0,0,0,120.4
2026-06-20T03:08:12+07:00,ok,838,619,4142,12,8,40,108.6
2026-06-20T03:08:23+07:00,ok,838,619,4142,0,0,0,152.0
2026-06-20T03:08:35+07:00,ok,838,619,4142,0,0,0,110.5
2026-06-20T03:08:46+07:00,ok,838,619,4142,0,0,0,111.2
2026-06-20T03:08:57+07:00,ok,838,619,4142,0,0,0,113.0
2026-06-20T03:09:08+07:00,ok,850,623,4196,12,4,54,115.7
2026-06-20T03:09:19+07:00,ok,850,623,4196,0,0,0,113.8
2026-06-20T03:09:30+07:00,ok,850,623,4196,0,0,0,110.0
2026-06-20T03:09:41+07:00,ok,850,623,4196,0,0,0,110.9
2026-06-20T03:09:52+07:00,ok,850,623,4196,0,0,0,123.7
2026-06-20T03:10:03+07:00,ok,850,623,4196,0,0,0,111.4
2026-06-20T03:10:14+07:00,ok,857,626,4252,7,3,56,105.3
2026-06-20T03:10:25+07:00,ok,857,626,4252,0,0,0,105.3
2026-06-20T03:10:36+07:00,ok,857,626,4252,0,0,0,104.7
2026-06-20T03:10:47+07:00,ok,857,626,4252,0,0,0,104.4
2026-06-20T03:10:58+07:00,ok,857,626,4252,0,0,0,143.5
2026-06-20T03:11:09+07:00,ok,865,637,4302,8,11,50,123.7
2026-06-20T03:11:20+07:00,ok,865,637,4302,0,0,0,123.0
2026-06-20T03:11:31+07:00,ok,865,637,4302,0,0,0,120.4
2026-06-20T03:11:43+07:00,ok,865,637,4302,0,0,0,105.3
2026-06-20T03:11:54+07:00,ok,865,637,4302,0,0,0,113.2
2026-06-20T03:12:05+07:00,ok,865,637,4302,0,0,0,112.2
2026-06-20T03:12:16+07:00,ok,870,641,4355,5,4,53,110.8
2026-06-20T03:12:27+07:00,ok,870,641,4355,0,0,0,101.4
2026-06-20T03:12:38+07:00,ok,870,641,4355,0,0,0,108.1
2026-06-20T03:12:49+07:00,ok,870,641,4355,0,0,0,107.3
2026-06-20T03:13:00+07:00,ok,870,641,4355,0,0,0,110.3
2026-06-20T03:13:11+07:00,ok,884,650,4422,14,9,67,106.8
2026-06-20T03:13:22+07:00,ok,884,650,4422,0,0,0,110.1
2026-06-20T03:13:33+07:00,ok,884,650,4422,0,0,0,103.2
2026-06-20T03:13:44+07:00,ok,884,650,4422,0,0,0,98.9
2026-06-20T03:13:55+07:00,ok,884,650,4422,0,0,0,104.8
2026-06-20T03:14:06+07:00,ok,884,650,4422,0,0,0,112.4
2026-06-20T03:14:17+07:00,ok,891,658,4458,7,8,36,104.9
2026-06-20T03:14:28+07:00,ok,891,658,4458,0,0,0,137.1
2026-06-20T03:14:39+07:00,ok,891,658,4458,0,0,0,122.5
2026-06-20T03:14:50+07:00,ok,891,658,4458,0,0,0,108.0
2026-06-20T03:15:01+07:00,ok,891,658,4458,0,0,0,102.8
2026-06-20T03:15:12+07:00,ok,901,668,4521,10,10,63,107.5
2026-06-20T03:15:23+07:00,ok,901,668,4521,0,0,0,101.3
2026-06-20T03:15:34+07:00,ok,901,668,4521,0,0,0,110.9
2026-06-20T03:15:45+07:00,ok,901,668,4521,0,0,0,112.3
2026-06-20T03:15:56+07:00,ok,901,668,4521,0,0,0,114.8
2026-06-20T03:16:07+07:00,ok,909,677,4563,8,9,42,191.6
2026-06-20T03:16:19+07:00,ok,909,677,4563,0,0,0,107.2
2026-06-20T03:16:30+07:00,ok,909,677,4563,0,0,0,116.9
2026-06-20T03:16:41+07:00,ok,909,677,4563,0,0,0,144.0
2026-06-20T03:16:52+07:00,ok,909,677,4563,0,0,0,119.9
2026-06-20T03:17:03+07:00,ok,909,677,4563,0,0,0,106.0
2026-06-20T03:17:14+07:00,ok,919,680,4611,10,3,48,113.1
2026-06-20T03:17:25+07:00,ok,919,680,4611,0,0,0,109.9
2026-06-20T03:17:36+07:00,ok,919,680,4611,0,0,0,111.2
2026-06-20T03:17:47+07:00,ok,919,680,4611,0,0,0,122.1
2026-06-20T03:17:58+07:00,ok,919,680,4611,0,0,0,100.5
2026-06-20T03:18:09+07:00,ok,928,690,4660,9,10,49,106.4
2026-06-20T03:18:21+07:00,ok,928,690,4660,0,0,0,113.8
2026-06-20T03:18:32+07:00,ok,928,690,4660,0,0,0,107.1
2026-06-20T03:18:43+07:00,ok,928,690,4660,0,0,0,107.9
2026-06-20T03:18:54+07:00,ok,928,690,4660,0,0,0,177.8
2026-06-20T03:19:05+07:00,ok,928,690,4660,0,0,0,106.5
2026-06-20T03:19:16+07:00,ok,941,698,4711,13,8,51,108.8
2026-06-20T03:19:27+07:00,ok,941,698,4711,0,0,0,105.7
2026-06-20T03:19:38+07:00,ok,941,698,4711,0,0,0,133.2
2026-06-20T03:19:49+07:00,ok,941,698,4711,0,0,0,98.7
2026-06-20T03:20:00+07:00,ok,941,698,4711,0,0,0,138.5
2026-06-20T03:20:11+07:00,ok,954,702,4777,13,4,66,123.3
2026-06-20T03:20:22+07:00,ok,954,702,4777,0,0,0,112.6
2026-06-20T03:20:33+07:00,ok,954,702,4777,0,0,0,129.8
2026-06-20T03:20:45+07:00,ok,954,702,4777,0,0,0,105.5
2026-06-20T03:20:56+07:00,ok,954,702,4777,0,0,0,128.2
2026-06-20T03:21:07+07:00,ok,954,702,4777,0,0,0,131.5
2026-06-20T03:21:18+07:00,ok,967,706,4824,13,4,47,136.7
2026-06-20T03:21:29+07:00,ok,967,706,4824,0,0,0,102.9
2026-06-20T03:21:40+07:00,ok,967,706,4824,0,0,0,143.7
2026-06-20T03:21:51+07:00,ok,967,706,4824,0,0,0,102.2
2026-06-20T03:22:02+07:00,ok,967,706,4824,0,0,0,110.9
2026-06-20T03:22:13+07:00,ok,981,710,4885,14,4,61,115.4
2026-06-20T03:22:24+07:00,ok,981,710,4885,0,0,0,101.2
2026-06-20T03:22:35+07:00,ok,981,710,4885,0,0,0,116.8
2026-06-20T03:22:46+07:00,ok,981,710,4885,0,0,0,105.1
2026-06-20T03:22:57+07:00,ok,981,710,4885,0,0,0,110.8
2026-06-20T03:23:08+07:00,ok,996,718,4937,15,8,52,101.6
2026-06-20T03:23:19+07:00,ok,996,718,4937,0,0,0,127.0
2026-06-20T03:23:31+07:00,ok,996,718,4937,0,0,0,103.8
2026-06-20T03:23:42+07:00,ok,996,718,4937,0,0,0,107.2
2026-06-20T03:23:53+07:00,ok,996,718,4937,0,0,0,131.2
2026-06-20T03:24:04+07:00,ok,996,718,4937,0,0,0,115.6
2026-06-20T03:24:15+07:00,ok,1011,726,4977,15,8,40,116.1
2026-06-20T03:24:26+07:00,ok,1011,726,4977,0,0,0,105.7
2026-06-20T03:24:37+07:00,ok,1011,726,4977,0,0,0,108.0
2026-06-20T03:24:48+07:00,ok,1011,726,4977,0,0,0,115.9
2026-06-20T03:24:59+07:00,ok,1011,726,4977,0,0,0,104.5
2026-06-20T03:25:10+07:00,ok,1025,734,5020,14,8,43,105.1
2026-06-20T03:25:21+07:00,ok,1025,734,5020,0,0,0,105.4
2026-06-20T03:25:32+07:00,ok,1025,734,5020,0,0,0,115.1
2026-06-20T03:25:43+07:00,ok,1025,734,5020,0,0,0,102.3
2026-06-20T03:25:54+07:00,ok,1025,734,5020,0,0,0,107.0
2026-06-20T03:26:05+07:00,ok,1025,734,5020,0,0,0,100.5
2026-06-20T03:26:16+07:00,ok,1034,737,5069,9,3,49,101.0
2026-06-20T03:26:27+07:00,ok,1034,737,5069,0,0,0,103.0
2026-06-20T03:26:38+07:00,ok,1034,737,5069,0,0,0,104.3
2026-06-20T03:26:49+07:00,ok,1034,737,5069,0,0,0,106.9
2026-06-20T03:27:00+07:00,ok,1034,737,5069,0,0,0,111.4
2026-06-20T03:27:11+07:00,ok,1046,742,5128,12,5,59,132.8
2026-06-20T03:27:23+07:00,ok,1046,742,5128,0,0,0,105.6
2026-06-20T03:27:33+07:00,ok,1046,742,5128,0,0,0,119.7
2026-06-20T03:27:45+07:00,ok,1046,742,5128,0,0,0,106.6
2026-06-20T03:27:56+07:00,ok,1046,742,5128,0,0,0,104.8
2026-06-20T03:28:07+07:00,ok,1046,742,5128,0,0,0,113.3
2026-06-20T03:28:18+07:00,ok,1056,748,5165,10,6,37,125.4
2026-06-20T03:28:29+07:00,ok,1056,748,5165,0,0,0,163.7
2026-06-20T03:28:40+07:00,ok,1056,748,5165,0,0,0,107.5
2026-06-20T03:28:51+07:00,ok,1056,748,5165,0,0,0,110.3
2026-06-20T03:29:02+07:00,ok,1056,748,5165,0,0,0,114.9
2026-06-20T03:29:13+07:00,ok,1071,756,5207,15,8,42,111.1
2026-06-20T03:29:24+07:00,ok,1071,756,5207,0,0,0,107.8
2026-06-20T03:29:35+07:00,ok,1071,756,5207,0,0,0,105.2
2026-06-20T03:29:46+07:00,ok,1071,756,5207,0,0,0,116.9
2026-06-20T03:29:57+07:00,ok,1071,756,5207,0,0,0,109.2
2026-06-20T03:30:08+07:00,ok,1071,756,5207,0,0,0,119.6
2026-06-20T03:30:19+07:00,ok,1077,761,5261,6,5,54,111.6
2026-06-20T03:30:30+07:00,ok,1077,761,5261,0,0,0,111.5
2026-06-20T03:30:41+07:00,ok,1077,761,5261,0,0,0,102.3
2026-06-20T03:30:52+07:00,ok,1077,761,5261,0,0,0,116.1
2026-06-20T03:31:03+07:00,ok,1077,761,5261,0,0,0,131.8
2026-06-20T03:31:14+07:00,ok,1091,770,5321,14,9,60,125.4
2026-06-20T03:31:26+07:00,ok,1091,770,5321,0,0,0,102.3
2026-06-20T03:31:37+07:00,ok,1091,770,5321,0,0,0,109.4
2026-06-20T03:31:48+07:00,ok,1091,770,5321,0,0,0,104.8
2026-06-20T03:31:59+07:00,ok,1091,770,5321,0,0,0,106.8
2026-06-20T03:32:10+07:00,ok,1106,773,5376,15,3,55,107.5
2026-06-20T03:32:21+07:00,ok,1106,773,5376,0,0,0,119.9
2026-06-20T03:32:32+07:00,ok,1106,773,5376,0,0,0,106.2
2026-06-20T03:32:43+07:00,ok,1106,773,5376,0,0,0,103.5
2026-06-20T03:32:54+07:00,ok,1106,773,5376,0,0,0,120.9
2026-06-20T03:33:05+07:00,ok,1106,773,5376,0,0,0,103.1
2026-06-20T03:33:16+07:00,ok,1121,784,5417,15,11,41,107.0
2026-06-20T03:33:27+07:00,ok,1121,784,5417,0,0,0,106.4
2026-06-20T03:33:38+07:00,ok,1121,784,5417,0,0,0,143.9
2026-06-20T03:33:49+07:00,ok,1121,784,5417,0,0,0,110.0
2026-06-20T03:34:00+07:00,ok,1121,784,5417,0,0,0,105.7
2026-06-20T03:34:11+07:00,ok,1134,790,5486,13,6,69,106.3
2026-06-20T03:34:22+07:00,ok,1134,790,5486,0,0,0,105.6
2026-06-20T03:34:33+07:00,ok,1134,790,5486,0,0,0,105.4
2026-06-20T03:34:44+07:00,ok,1134,790,5486,0,0,0,151.3
2026-06-20T03:34:56+07:00,ok,1134,790,5486,0,0,0,106.9
2026-06-20T03:35:07+07:00,ok,1134,790,5486,0,0,0,108.2
2026-06-20T03:35:18+07:00,ok,1144,797,5516,10,7,30,114.6
2026-06-20T03:35:29+07:00,ok,1144,797,5516,0,0,0,131.6
2026-06-20T03:35:40+07:00,ok,1144,797,5516,0,0,0,109.6
2026-06-20T03:35:51+07:00,ok,1144,797,5516,0,0,0,102.4
2026-06-20T03:36:02+07:00,ok,1144,797,5516,0,0,0,109.6
2026-06-20T03:36:13+07:00,ok,1154,805,5554,10,8,38,100.4
2026-06-20T03:36:24+07:00,ok,1154,805,5554,0,0,0,107.2
2026-06-20T03:36:35+07:00,ok,1154,805,5554,0,0,0,112.6
2026-06-20T03:36:46+07:00,ok,1154,805,5554,0,0,0,117.4
2026-06-20T03:36:57+07:00,ok,1154,805,5554,0,0,0,108.5
2026-06-20T03:37:08+07:00,ok,1154,805,5554,0,0,0,102.4
2026-06-20T03:37:19+07:00,ok,1167,816,5604,13,11,50,101.8
2026-06-20T03:37:30+07:00,ok,1167,816,5604,0,0,0,107.6
2026-06-20T03:37:41+07:00,ok,1167,816,5604,0,0,0,106.3
2026-06-20T03:37:52+07:00,ok,1167,816,5604,0,0,0,105.7
2026-06-20T03:38:03+07:00,ok,1167,816,5604,0,0,0,117.5
2026-06-20T03:38:14+07:00,ok,1175,819,5652,8,3,48,110.2
2026-06-20T03:38:25+07:00,ok,1175,819,5652,0,0,0,111.2
2026-06-20T03:38:36+07:00,ok,1175,819,5652,0,0,0,105.9
2026-06-20T03:38:47+07:00,ok,1175,819,5652,0,0,0,136.0
2026-06-20T03:38:58+07:00,ok,1175,819,5652,0,0,0,129.8
2026-06-20T03:39:09+07:00,ok,1175,819,5652,0,0,0,115.7
2026-06-20T03:39:20+07:00,ok,1185,822,5690,10,3,38,105.9
2026-06-20T03:39:31+07:00,ok,1185,822,5690,0,0,0,101.3
2026-06-20T03:39:42+07:00,ok,1185,822,5690,0,0,0,103.6
2026-06-20T03:39:54+07:00,ok,1185,822,5690,0,0,0,107.9
2026-06-20T03:40:05+07:00,ok,1185,822,5690,0,0,0,194.1
2026-06-20T03:40:16+07:00,ok,1191,827,5752,6,5,62,114.4
2026-06-20T03:40:27+07:00,ok,1191,827,5752,0,0,0,102.1
2026-06-20T03:40:38+07:00,ok,1191,827,5752,0,0,0,105.4
2026-06-20T03:40:49+07:00,ok,1191,827,5752,0,0,0,144.0
2026-06-20T03:41:00+07:00,ok,1191,827,5752,0,0,0,130.9
2026-06-20T03:41:12+07:00,ok,1195,831,5795,4,4,43,100.6
2026-06-20T03:41:23+07:00,ok,1195,831,5795,0,0,0,142.0
2026-06-20T03:41:34+07:00,ok,1195,831,5795,0,0,0,117.9
2026-06-20T03:41:45+07:00,ok,1195,831,5795,0,0,0,117.3
2026-06-20T03:41:56+07:00,ok,1195,831,5795,0,0,0,107.8
2026-06-20T03:42:07+07:00,ok,1195,831,5795,0,0,0,121.2
2026-06-20T03:42:18+07:00,ok,1202,836,5825,7,5,30,112.5
2026-06-20T03:42:29+07:00,ok,1202,836,5825,0,0,0,103.2
2026-06-20T03:42:40+07:00,ok,1202,836,5825,0,0,0,107.7
2026-06-20T03:42:51+07:00,ok,1202,836,5825,0,0,0,107.7
2026-06-20T03:43:02+07:00,ok,1202,836,5825,0,0,0,107.2
2026-06-20T03:43:13+07:00,ok,1215,841,5884,13,5,59,97.8
2026-06-20T03:43:24+07:00,ok,1215,841,5884,0,0,0,211.6
2026-06-20T03:43:35+07:00,ok,1215,841,5884,0,0,0,110.5
2026-06-20T03:43:46+07:00,ok,1215,841,5884,0,0,0,107.1
2026-06-20T03:43:57+07:00,ok,1215,841,5884,0,0,0,115.0
2026-06-20T03:44:09+07:00,ok,1215,841,5884,0,0,0,109.9
2026-06-20T03:44:19+07:00,ok,1225,848,5936,10,7,52,123.5
2026-06-20T03:44:31+07:00,ok,1225,848,5936,0,0,0,99.0
2026-06-20T03:44:42+07:00,ok,1225,848,5936,0,0,0,108.5
2026-06-20T03:44:53+07:00,ok,1225,848,5936,0,0,0,104.8
2026-06-20T03:45:04+07:00,ok,1225,848,5936,0,0,0,119.7
2026-06-20T03:45:15+07:00,ok,1233,853,5965,8,5,29,100.7
2026-06-20T03:45:26+07:00,ok,1233,853,5965,0,0,0,130.7
2026-06-20T03:45:37+07:00,ok,1233,853,5965,0,0,0,108.5
2026-06-20T03:45:48+07:00,ok,1233,853,5965,0,0,0,114.5
2026-06-20T03:45:59+07:00,ok,1233,853,5965,0,0,0,157.5
2026-06-20T03:46:10+07:00,ok,1233,853,5965,0,0,0,100.0
2026-06-20T03:46:21+07:00,ok,1245,864,6012,12,11,47,98.3
2026-06-20T03:46:32+07:00,ok,1245,864,6012,0,0,0,105.3
2026-06-20T03:46:43+07:00,ok,1245,864,6012,0,0,0,101.4
2026-06-20T03:46:54+07:00,ok,1245,864,6012,0,0,0,109.3
2026-06-20T03:47:05+07:00,ok,1245,864,6012,0,0,0,105.1
2026-06-20T03:47:16+07:00,ok,1257,868,6080,12,4,68,112.3
2026-06-20T03:47:27+07:00,ok,1257,868,6080,0,0,0,102.1
2026-06-20T03:47:38+07:00,ok,1257,868,6080,0,0,0,115.3
2026-06-20T03:47:49+07:00,ok,1257,868,6080,0,0,0,111.2
2026-06-20T03:48:00+07:00,ok,1257,868,6080,0,0,0,109.6
2026-06-20T03:48:11+07:00,ok,1262,872,6119,5,4,39,119.4
2026-06-20T03:48:22+07:00,ok,1262,872,6119,0,0,0,118.8
2026-06-20T03:48:34+07:00,ok,1262,872,6119,0,0,0,112.7
2026-06-20T03:48:45+07:00,ok,1262,872,6119,0,0,0,115.1
2026-06-20T03:48:56+07:00,ok,1262,872,6119,0,0,0,123.2
2026-06-20T03:49:07+07:00,ok,1262,872,6119,0,0,0,104.8
2026-06-20T03:49:18+07:00,ok,1268,881,6177,6,9,58,104.6
2026-06-20T03:49:29+07:00,ok,1268,881,6177,0,0,0,98.1
2026-06-20T03:49:40+07:00,ok,1268,881,6177,0,0,0,111.5
2026-06-20T03:49:51+07:00,ok,1268,881,6177,0,0,0,111.4
2026-06-20T03:50:02+07:00,ok,1268,881,6177,0,0,0,102.0
2026-06-20T03:50:13+07:00,ok,1279,889,6231,11,8,54,101.2
2026-06-20T03:50:24+07:00,ok,1279,889,6231,0,0,0,104.8
2026-06-20T03:50:35+07:00,ok,1279,889,6231,0,0,0,113.9
2026-06-20T03:50:46+07:00,ok,1279,889,6231,0,0,0,107.7
2026-06-20T03:50:57+07:00,ok,1279,889,6231,0,0,0,99.0
2026-06-20T03:51:08+07:00,ok,1279,889,6231,0,0,0,150.1
2026-06-20T03:51:19+07:00,ok,1290,897,6283,11,8,52,130.2
2026-06-20T03:51:30+07:00,ok,1290,897,6283,0,0,0,124.3
2026-06-20T03:51:41+07:00,ok,1290,897,6283,0,0,0,123.9
2026-06-20T03:51:52+07:00,ok,1290,897,6283,0,0,0,122.8
2026-06-20T03:52:03+07:00,ok,1290,897,6283,0,0,0,141.3
2026-06-20T03:52:15+07:00,ok,1296,906,6343,6,9,60,99.0
2026-06-20T03:52:26+07:00,ok,1296,906,6343,0,0,0,90.9
2026-06-20T03:52:37+07:00,ok,1296,906,6343,0,0,0,100.8
2026-06-20T03:52:48+07:00,ok,1296,906,6343,0,0,0,102.0
2026-06-20T03:52:59+07:00,ok,1296,906,6343,0,0,0,95.6
2026-06-20T03:53:10+07:00,ok,1296,906,6343,0,0,0,98.4
2026-06-20T03:53:21+07:00,ok,1307,913,6400,11,7,57,193.1
2026-06-20T03:53:32+07:00,ok,1307,913,6400,0,0,0,103.9
2026-06-20T03:53:43+07:00,ok,1307,913,6400,0,0,0,90.4
2026-06-20T03:53:54+07:00,ok,1307,913,6400,0,0,0,97.0
2026-06-20T03:54:05+07:00,ok,1307,913,6400,0,0,0,103.0
2026-06-20T03:54:16+07:00,ok,1318,918,6461,11,5,61,99.7
2026-06-20T03:54:27+07:00,ok,1318,918,6461,0,0,0,97.6
2026-06-20T03:54:38+07:00,ok,1318,918,6461,0,0,0,98.6
2026-06-20T03:54:49+07:00,ok,1318,918,6461,0,0,0,99.8
2026-06-20T03:54:59+07:00,ok,1318,918,6461,0,0,0,102.1
2026-06-20T03:55:10+07:00,ok,1318,918,6461,0,0,0,91.7
2026-06-20T03:55:21+07:00,ok,1322,927,6507,4,9,46,91.4
2026-06-20T03:55:32+07:00,ok,1322,927,6507,0,0,0,98.4
2026-06-20T03:55:43+07:00,ok,1322,927,6507,0,0,0,100.8
2026-06-20T03:55:54+07:00,ok,1322,927,6507,0,0,0,94.2
2026-06-20T03:56:05+07:00,ok,1322,927,6507,0,0,0,91.5
2026-06-20T03:56:16+07:00,ok,1337,932,6540,15,5,33,97.0
2026-06-20T03:56:27+07:00,ok,1337,932,6540,0,0,0,97.0
2026-06-20T03:56:38+07:00,ok,1337,932,6540,0,0,0,96.0
2026-06-20T03:56:49+07:00,ok,1337,932,6540,0,0,0,114.0
2026-06-20T03:57:00+07:00,ok,1337,932,6540,0,0,0,97.2
2026-06-20T03:57:11+07:00,ok,1337,932,6540,0,0,0,108.8
2026-06-20T03:57:21+07:00,ok,1346,942,6593,9,10,53,99.5
2026-06-20T03:57:32+07:00,ok,1346,942,6593,0,0,0,95.2
2026-06-20T03:57:43+07:00,ok,1346,942,6593,0,0,0,107.1
2026-06-20T03:57:54+07:00,ok,1346,942,6593,0,0,0,99.6
2026-06-20T03:58:05+07:00,ok,1346,942,6593,0,0,0,95.4
2026-06-20T03:58:16+07:00,ok,1356,948,6656,10,6,63,104.7
2026-06-20T03:58:27+07:00,ok,1356,948,6656,0,0,0,95.3
2026-06-20T03:58:38+07:00,ok,1356,948,6656,0,0,0,95.8
2026-06-20T03:58:49+07:00,ok,1356,948,6656,0,0,0,95.2
2026-06-20T03:59:00+07:00,ok,1356,948,6656,0,0,0,105.3
2026-06-20T03:59:11+07:00,ok,1356,948,6656,0,0,0,97.2
2026-06-20T03:59:22+07:00,ok,1366,955,6685,10,7,29,129.9
2026-06-20T03:59:33+07:00,ok,1366,955,6685,0,0,0,93.5
2026-06-20T03:59:44+07:00,ok,1366,955,6685,0,0,0,100.5
2026-06-20T03:59:55+07:00,ok,1366,955,6685,0,0,0,97.8
2026-06-20T04:00:06+07:00,ok,1366,955,6685,0,0,0,93.0
2026-06-20T04:00:16+07:00,ok,1376,963,6753,10,8,68,185.3
2026-06-20T04:00:28+07:00,ok,1376,963,6753,0,0,0,121.6
2026-06-20T04:00:39+07:00,ok,1376,963,6753,0,0,0,100.8
2026-06-20T04:00:50+07:00,ok,1376,963,6753,0,0,0,97.7
2026-06-20T04:01:01+07:00,ok,1376,963,6753,0,0,0,102.6
2026-06-20T04:01:12+07:00,ok,1376,963,6753,0,0,0,103.6
2026-06-20T04:01:23+07:00,ok,1380,972,6781,4,9,28,92.0
2026-06-20T04:01:34+07:00,ok,1380,972,6781,0,0,0,96.8
2026-06-20T04:01:45+07:00,ok,1380,972,6781,0,0,0,101.9
2026-06-20T04:01:56+07:00,ok,1380,972,6781,0,0,0,103.1
2026-06-20T04:02:07+07:00,ok,1380,972,6781,0,0,0,99.0
2026-06-20T04:02:18+07:00,ok,1395,978,6826,15,6,45,98.8
2026-06-20T04:02:29+07:00,ok,1395,978,6826,0,0,0,95.2
2026-06-20T04:02:40+07:00,ok,1395,978,6826,0,0,0,119.6
2026-06-20T04:02:51+07:00,ok,1395,978,6826,0,0,0,98.5
2026-06-20T04:03:02+07:00,ok,1395,978,6826,0,0,0,204.3
2026-06-20T04:03:13+07:00,ok,1410,981,6864,15,3,38,95.1
2026-06-20T04:03:24+07:00,ok,1410,981,6864,0,0,0,116.1
2026-06-20T04:03:34+07:00,ok,1410,981,6864,0,0,0,120.4
2026-06-20T04:03:45+07:00,ok,1410,981,6864,0,0,0,107.0
2026-06-20T04:03:56+07:00,ok,1410,981,6864,0,0,0,106.4
2026-06-20T04:04:07+07:00,ok,1410,981,6864,0,0,0,95.1
2026-06-20T04:04:18+07:00,ok,1425,985,6922,15,4,58,99.2
2026-06-20T04:04:29+07:00,ok,1425,985,6922,0,0,0,118.0
2026-06-20T04:04:40+07:00,ok,1425,985,6922,0,0,0,106.8
2026-06-20T04:04:51+07:00,ok,1425,985,6922,0,0,0,99.6
2026-06-20T04:05:02+07:00,ok,1425,985,6922,0,0,0,94.1
2026-06-20T04:05:13+07:00,ok,1433,988,6984,8,3,62,90.2
2026-06-20T04:05:24+07:00,ok,1433,988,6984,0,0,0,100.1
2026-06-20T04:05:35+07:00,ok,1433,988,6984,0,0,0,92.3
2026-06-20T04:05:46+07:00,ok,1433,988,6984,0,0,0,106.5
2026-06-20T04:05:57+07:00,ok,1433,988,6984,0,0,0,93.8
2026-06-20T04:06:08+07:00,ok,1433,988,6984,0,0,0,92.9
2026-06-20T04:06:18+07:00,ok,1438,999,7046,5,11,62,138.2
2026-06-20T04:06:30+07:00,ok,1438,999,7046,0,0,0,95.1
2026-06-20T04:06:40+07:00,ok,1438,999,7046,0,0,0,108.8
2026-06-20T04:06:51+07:00,ok,1438,999,7046,0,0,0,96.2
2026-06-20T04:07:02+07:00,ok,1438,999,7046,0,0,0,100.7
2026-06-20T04:07:13+07:00,ok,1443,1010,7100,5,11,54,93.2
2026-06-20T04:07:24+07:00,ok,1443,1010,7100,0,0,0,94.8
2026-06-20T04:07:35+07:00,ok,1443,1010,7100,0,0,0,96.1
2026-06-20T04:07:46+07:00,ok,1443,1010,7100,0,0,0,96.9
2026-06-20T04:07:57+07:00,ok,1443,1010,7100,0,0,0,137.0
2026-06-20T04:08:08+07:00,ok,1443,1010,7100,0,0,0,107.1
2026-06-20T04:08:19+07:00,ok,1449,1020,7144,6,10,44,106.3
2026-06-20T04:08:30+07:00,ok,1449,1020,7144,0,0,0,106.5
2026-06-20T04:08:41+07:00,ok,1449,1020,7144,0,0,0,96.1
2026-06-20T04:08:52+07:00,ok,1449,1020,7144,0,0,0,93.6
2026-06-20T04:09:02+07:00,ok,1449,1020,7144,0,0,0,118.1
2026-06-20T04:09:13+07:00,ok,1465,1024,7211,16,4,67,119.3
2026-06-20T04:09:24+07:00,ok,1465,1024,7211,0,0,0,98.8
2026-06-20T04:09:35+07:00,ok,1465,1024,7211,0,0,0,90.7
2026-06-20T04:09:46+07:00,ok,1465,1024,7211,0,0,0,92.5
2026-06-20T04:09:57+07:00,ok,1465,1024,7211,0,0,0,108.0
2026-06-20T04:10:08+07:00,ok,1465,1024,7211,0,0,0,95.3
2026-06-20T04:10:19+07:00,ok,1474,1031,7250,9,7,39,102.4
2026-06-20T04:10:30+07:00,ok,1474,1031,7250,0,0,0,96.5
2026-06-20T04:10:41+07:00,ok,1474,1031,7250,0,0,0,104.1
2026-06-20T04:10:52+07:00,ok,1474,1031,7250,0,0,0,94.1
2026-06-20T04:11:03+07:00,ok,1474,1031,7250,0,0,0,97.3
2026-06-20T04:11:14+07:00,ok,1488,1037,7299,14,6,49,98.1
2026-06-20T04:11:25+07:00,ok,1488,1037,7299,0,0,0,100.4
2026-06-20T04:11:36+07:00,ok,1488,1037,7299,0,0,0,99.9
2026-06-20T04:11:47+07:00,ok,1488,1037,7299,0,0,0,104.3
2026-06-20T04:11:58+07:00,ok,1488,1037,7299,0,0,0,105.2
2026-06-20T04:12:09+07:00,ok,1488,1037,7299,0,0,0,98.2
2026-06-20T04:12:19+07:00,ok,1495,1044,7344,7,7,45,111.5
2026-06-20T04:12:30+07:00,ok,1495,1044,7344,0,0,0,91.9
2026-06-20T04:12:41+07:00,ok,1495,1044,7344,0,0,0,112.3
2026-06-20T04:12:52+07:00,ok,1495,1044,7344,0,0,0,100.1
2026-06-20T04:13:03+07:00,ok,1495,1044,7344,0,0,0,97.1
2026-06-20T04:13:14+07:00,ok,1504,1050,7412,9,6,68,99.5
2026-06-20T04:13:25+07:00,ok,1504,1050,7412,0,0,0,95.8
2026-06-20T04:13:36+07:00,ok,1504,1050,7412,0,0,0,104.5
2026-06-20T04:13:47+07:00,ok,1504,1050,7412,0,0,0,95.2
2026-06-20T04:13:58+07:00,ok,1504,1050,7412,0,0,0,97.0
2026-06-20T04:14:08+07:00,ok,1504,1050,7412,0,0,0,108.3
2026-06-20T04:14:19+07:00,ok,1516,1057,7443,12,7,31,95.2
2026-06-20T04:14:30+07:00,ok,1516,1057,7443,0,0,0,95.9
2026-06-20T04:14:41+07:00,ok,1516,1057,7443,0,0,0,94.4
2026-06-20T04:14:52+07:00,ok,1516,1057,7443,0,0,0,90.0
2026-06-20T04:15:03+07:00,ok,1516,1057,7443,0,0,0,96.1
2026-06-20T04:15:14+07:00,ok,1522,1064,7484,6,7,41,104.8
2026-06-20T04:15:25+07:00,ok,1522,1064,7484,0,0,0,100.0
2026-06-20T04:15:36+07:00,ok,1522,1064,7484,0,0,0,108.5
2026-06-20T04:15:47+07:00,ok,1522,1064,7484,0,0,0,105.5
2026-06-20T04:15:58+07:00,ok,1522,1064,7484,0,0,0,98.0
2026-06-20T04:16:09+07:00,ok,1522,1064,7484,0,0,0,94.2
2026-06-20T04:16:19+07:00,ok,1534,1069,7538,12,5,54,109.7
2026-06-20T04:16:30+07:00,ok,1534,1069,7538,0,0,0,104.6
2026-06-20T04:16:41+07:00,ok,1534,1069,7538,0,0,0,97.6
2026-06-20T04:16:52+07:00,ok,1534,1069,7538,0,0,0,112.0
2026-06-20T04:17:03+07:00,ok,1534,1069,7538,0,0,0,95.1
2026-06-20T04:17:14+07:00,ok,1541,1078,7572,7,9,34,91.5
2026-06-20T04:17:25+07:00,ok,1541,1078,7572,0,0,0,101.3
2026-06-20T04:17:36+07:00,ok,1541,1078,7572,0,0,0,92.8
2026-06-20T04:17:47+07:00,ok,1541,1078,7572,0,0,0,106.3
2026-06-20T04:17:58+07:00,ok,1541,1078,7572,0,0,0,104.3
2026-06-20T04:18:09+07:00,ok,1541,1078,7572,0,0,0,91.9
2026-06-20T04:18:20+07:00,ok,1552,1083,7642,11,5,70,96.2
2026-06-20T04:18:31+07:00,ok,1552,1083,7642,0,0,0,92.2
2026-06-20T04:18:41+07:00,ok,1552,1083,7642,0,0,0,94.8
2026-06-20T04:18:52+07:00,ok,1552,1083,7642,0,0,0,105.3
2026-06-20T04:19:03+07:00,ok,1552,1083,7642,0,0,0,92.9
2026-06-20T04:19:14+07:00,ok,1552,1083,7642,0,0,0,140.1
2026-06-20T04:19:25+07:00,ok,1568,1088,7674,16,5,32,95.4
2026-06-20T04:19:36+07:00,ok,1568,1088,7674,0,0,0,90.4
2026-06-20T04:19:47+07:00,ok,1568,1088,7674,0,0,0,95.8
2026-06-20T04:19:58+07:00,ok,1568,1088,7674,0,0,0,105.1
2026-06-20T04:20:09+07:00,ok,1568,1088,7674,0,0,0,95.6
2026-06-20T04:20:20+07:00,ok,1575,1093,7745,7,5,71,102.3
2026-06-20T04:20:31+07:00,ok,1575,1093,7745,0,0,0,95.5
2026-06-20T04:20:42+07:00,ok,1575,1093,7745,0,0,0,129.2
2026-06-20T04:20:53+07:00,ok,1575,1093,7745,0,0,0,362.4
2026-06-20T04:21:05+07:00,ok,1575,1093,7745,0,0,0,134.9
2026-06-20T04:21:16+07:00,ok,1591,1102,7779,16,9,34,113.6
2026-06-20T04:21:27+07:00,ok,1591,1102,7779,0,0,0,96.0
2026-06-20T04:21:38+07:00,ok,1591,1102,7779,0,0,0,113.5
2026-06-20T04:21:49+07:00,ok,1591,1102,7779,0,0,0,112.5
2026-06-20T04:22:00+07:00,ok,1591,1102,7779,0,0,0,118.7
2026-06-20T04:22:11+07:00,ok,1591,1102,7779,0,0,0,110.6
2026-06-20T04:22:22+07:00,ok,1603,1110,7833,12,8,54,114.6
2026-06-20T04:22:34+07:00,ok,1603,1110,7833,0,0,0,104.2
2026-06-20T04:22:45+07:00,ok,1603,1110,7833,0,0,0,111.3
2026-06-20T04:22:56+07:00,ok,1603,1110,7833,0,0,0,112.6
2026-06-20T04:23:07+07:00,ok,1603,1110,7833,0,0,0,101.0
2026-06-20T04:23:18+07:00,ok,1618,1117,7886,15,7,53,102.9
2026-06-20T04:23:29+07:00,ok,1618,1117,7886,0,0,0,103.1
2026-06-20T04:23:40+07:00,ok,1618,1117,7886,0,0,0,102.9
2026-06-20T04:23:51+07:00,ok,1618,1117,7886,0,0,0,104.5
2026-06-20T04:24:02+07:00,ok,1618,1117,7886,0,0,0,134.3
2026-06-20T04:24:13+07:00,ok,1618,1117,7886,0,0,0,100.9
2026-06-20T04:24:24+07:00,ok,1632,1125,7920,14,8,34,105.6
2026-06-20T04:24:35+07:00,ok,1632,1125,7920,0,0,0,101.9
2026-06-20T04:24:46+07:00,ok,1632,1125,7920,0,0,0,97.7
2026-06-20T04:24:57+07:00,ok,1632,1125,7920,0,0,0,103.3
2026-06-20T04:25:08+07:00,ok,1632,1125,7920,0,0,0,104.5
2026-06-20T04:25:19+07:00,ok,1641,1129,7976,9,4,56,113.3
2026-06-20T04:25:30+07:00,ok,1641,1129,7976,0,0,0,100.1
2026-06-20T04:25:41+07:00,ok,1641,1129,7976,0,0,0,105.9
2026-06-20T04:25:52+07:00,ok,1641,1129,7976,0,0,0,96.4
2026-06-20T04:26:03+07:00,ok,1641,1129,7976,0,0,0,97.2
2026-06-20T04:26:14+07:00,ok,1641,1129,7976,0,0,0,95.3
2026-06-20T04:26:25+07:00,ok,1649,1133,8035,8,4,59,103.8
2026-06-20T04:26:36+07:00,ok,1649,1133,8035,0,0,0,104.2
2026-06-20T04:26:47+07:00,ok,1649,1133,8035,0,0,0,95.4
2026-06-20T04:26:58+07:00,ok,1649,1133,8035,0,0,0,96.6
2026-06-20T04:27:09+07:00,ok,1649,1133,8035,0,0,0,130.0
2026-06-20T04:27:20+07:00,ok,1658,1138,8075,9,5,40,101.5
2026-06-20T04:27:31+07:00,ok,1658,1138,8075,0,0,0,117.4
2026-06-20T04:27:42+07:00,ok,1658,1138,8075,0,0,0,127.3
2026-06-20T04:27:53+07:00,ok,1658,1138,8075,0,0,0,106.8
2026-06-20T04:28:04+07:00,ok,1658,1138,8075,0,0,0,95.3
2026-06-20T04:28:15+07:00,ok,1658,1138,8075,0,0,0,102.6
2026-06-20T04:28:26+07:00,ok,1672,1142,8113,14,4,38,95.5
2026-06-20T04:28:36+07:00,ok,1672,1142,8113,0,0,0,107.8
2026-06-20T04:28:47+07:00,ok,1672,1142,8113,0,0,0,96.6
2026-06-20T04:28:58+07:00,ok,1672,1142,8113,0,0,0,96.0
2026-06-20T04:29:09+07:00,ok,1672,1142,8113,0,0,0,127.8
2026-06-20T04:29:20+07:00,ok,1678,1152,8174,6,10,61,149.7
2026-06-20T04:29:31+07:00,ok,1678,1152,8174,0,0,0,108.4
2026-06-20T04:29:42+07:00,ok,1678,1152,8174,0,0,0,89.2
2026-06-20T04:29:53+07:00,ok,1678,1152,8174,0,0,0,118.9
2026-06-20T04:30:04+07:00,ok,1678,1152,8174,0,0,0,91.4
2026-06-20T04:30:15+07:00,ok,1678,1152,8174,0,0,0,94.9
2026-06-20T04:30:26+07:00,ok,1689,1161,8210,11,9,36,121.7
2026-06-20T04:30:37+07:00,ok,1689,1161,8210,0,0,0,93.9
2026-06-20T04:30:48+07:00,ok,1689,1161,8210,0,0,0,99.2
2026-06-20T04:30:59+07:00,ok,1689,1161,8210,0,0,0,110.6
2026-06-20T04:31:10+07:00,ok,1689,1161,8210,0,0,0,96.9
2026-06-20T04:31:21+07:00,ok,1697,1172,8256,8,11,46,95.2
2026-06-20T04:31:32+07:00,ok,1697,1172,8256,0,0,0,114.0
2026-06-20T04:31:42+07:00,ok,1697,1172,8256,0,0,0,113.0
2026-06-20T04:31:53+07:00,ok,1697,1172,8256,0,0,0,98.5
2026-06-20T04:32:04+07:00,ok,1697,1172,8256,0,0,0,95.1
2026-06-20T04:32:15+07:00,ok,1697,1172,8256,0,0,0,145.6
2026-06-20T04:32:26+07:00,ok,1708,1183,8316,11,11,60,89.6
2026-06-20T04:32:37+07:00,ok,1708,1183,8316,0,0,0,96.9
2026-06-20T04:32:48+07:00,ok,1708,1183,8316,0,0,0,90.4
2026-06-20T04:32:59+07:00,ok,1708,1183,8316,0,0,0,94.0
2026-06-20T04:33:10+07:00,ok,1708,1183,8316,0,0,0,91.5
2026-06-20T04:33:21+07:00,ok,1714,1189,8351,6,6,35,96.1
2026-06-20T04:33:32+07:00,ok,1714,1189,8351,0,0,0,92.3
2026-06-20T04:33:43+07:00,ok,1714,1189,8351,0,0,0,93.1
2026-06-20T04:33:54+07:00,ok,1714,1189,8351,0,0,0,99.3
2026-06-20T04:34:05+07:00,ok,1714,1189,8351,0,0,0,96.4
2026-06-20T04:34:16+07:00,ok,1714,1189,8351,0,0,0,99.7
2026-06-20T04:34:27+07:00,ok,1724,1193,8388,10,4,37,100.3
2026-06-20T04:34:38+07:00,ok,1724,1193,8388,0,0,0,95.0
2026-06-20T04:34:48+07:00,ok,1724,1193,8388,0,0,0,111.9
2026-06-20T04:34:59+07:00,ok,1724,1193,8388,0,0,0,97.9
2026-06-20T04:35:10+07:00,ok,1724,1193,8388,0,0,0,95.3
2026-06-20T04:35:21+07:00,ok,1732,1199,8447,8,6,59,92.5
2026-06-20T04:35:32+07:00,ok,1732,1199,8447,0,0,0,114.7
2026-06-20T04:35:43+07:00,ok,1732,1199,8447,0,0,0,93.7
2026-06-20T04:35:54+07:00,ok,1732,1199,8447,0,0,0,93.4
2026-06-20T04:36:05+07:00,ok,1732,1199,8447,0,0,0,97.0
2026-06-20T04:36:16+07:00,ok,1732,1199,8447,0,0,0,93.3
2026-06-20T04:36:27+07:00,ok,1742,1207,8492,10,8,45,91.8
2026-06-20T04:36:37+07:00,ok,1742,1207,8492,0,0,0,110.9
2026-06-20T04:36:48+07:00,ok,1742,1207,8492,0,0,0,112.7
2026-06-20T04:36:59+07:00,ok,1742,1207,8492,0,0,0,109.3
2026-06-20T04:37:10+07:00,ok,1742,1207,8492,0,0,0,96.7
2026-06-20T04:37:21+07:00,ok,1750,1214,8557,8,7,65,89.8
2026-06-20T04:37:32+07:00,ok,1750,1214,8557,0,0,0,94.7
2026-06-20T04:37:43+07:00,ok,1750,1214,8557,0,0,0,103.5
2026-06-20T04:37:54+07:00,ok,1750,1214,8557,0,0,0,120.9
2026-06-20T04:38:05+07:00,ok,1750,1214,8557,0,0,0,110.4
2026-06-20T04:38:16+07:00,ok,1750,1214,8557,0,0,0,112.3
2026-06-20T04:38:27+07:00,ok,1766,1219,8597,16,5,40,104.3
2026-06-20T04:38:38+07:00,ok,1766,1219,8597,0,0,0,125.1
2026-06-20T04:38:49+07:00,ok,1766,1219,8597,0,0,0,102.9
2026-06-20T04:39:00+07:00,ok,1766,1219,8597,0,0,0,115.1
2026-06-20T04:39:11+07:00,ok,1766,1219,8597,0,0,0,132.0
2026-06-20T04:39:22+07:00,ok,1774,1229,8633,8,10,36,102.0
2026-06-20T04:39:33+07:00,ok,1774,1229,8633,0,0,0,106.0
2026-06-20T04:39:44+07:00,ok,1774,1229,8633,0,0,0,105.9
2026-06-20T04:39:55+07:00,ok,1774,1229,8633,0,0,0,108.8
2026-06-20T04:40:06+07:00,ok,1774,1229,8633,0,0,0,106.1
2026-06-20T04:40:17+07:00,ok,1782,1240,8676,8,11,43,106.7
2026-06-20T04:40:28+07:00,ok,1782,1240,8676,0,0,0,284.0
2026-06-20T04:40:40+07:00,ok,1782,1240,8676,0,0,0,99.7
2026-06-20T04:40:51+07:00,ok,1782,1240,8676,0,0,0,103.1
2026-06-20T04:41:02+07:00,ok,1782,1240,8676,0,0,0,110.3
2026-06-20T04:41:13+07:00,ok,1782,1240,8676,0,0,0,166.3
2026-06-20T04:41:25+07:00,ok,1785,1247,8702,3,7,26,104.7
2026-06-20T04:41:36+07:00,ok,1785,1247,8702,0,0,0,120.8
2026-06-20T04:41:47+07:00,ok,1785,1247,8702,0,0,0,111.6
2026-06-20T04:41:58+07:00,ok,1785,1247,8702,0,0,0,108.6
2026-06-20T04:42:09+07:00,ok,1785,1247,8702,0,0,0,103.1
2026-06-20T04:42:20+07:00,ok,1794,1254,8744,9,7,42,100.9
2026-06-20T04:42:31+07:00,ok,1794,1254,8744,0,0,0,101.2
2026-06-20T04:42:42+07:00,ok,1794,1254,8744,0,0,0,110.5
2026-06-20T04:42:53+07:00,ok,1794,1254,8744,0,0,0,105.0
2026-06-20T04:43:04+07:00,ok,1794,1254,8744,0,0,0,111.2
2026-06-20T04:43:15+07:00,ok,1794,1254,8744,0,0,0,109.0
2026-06-20T04:43:26+07:00,ok,1801,1261,8809,7,7,65,125.4
2026-06-20T04:43:37+07:00,ok,1801,1261,8809,0,0,0,150.8
2026-06-20T04:43:48+07:00,ok,1801,1261,8809,0,0,0,132.2
2026-06-20T04:44:00+07:00,ok,1801,1261,8809,0,0,0,113.0
2026-06-20T04:44:11+07:00,ok,1801,1261,8809,0,0,0,118.4
2026-06-20T04:44:22+07:00,ok,1809,1269,8868,8,8,59,123.3
2026-06-20T04:44:33+07:00,ok,1809,1269,8868,0,0,0,113.7
2026-06-20T04:44:44+07:00,ok,1809,1269,8868,0,0,0,123.0
2026-06-20T04:44:55+07:00,ok,1809,1269,8868,0,0,0,104.9
2026-06-20T04:45:06+07:00,ok,1809,1269,8868,0,0,0,107.6
2026-06-20T04:45:17+07:00,ok,1809,1269,8868,0,0,0,104.9
2026-06-20T04:45:28+07:00,ok,1814,1277,8904,5,8,36,118.0
2026-06-20T04:45:39+07:00,ok,1814,1277,8904,0,0,0,148.2
2026-06-20T04:45:50+07:00,ok,1814,1277,8904,0,0,0,103.0
2026-06-20T04:46:01+07:00,ok,1814,1277,8904,0,0,0,103.1
2026-06-20T04:46:12+07:00,ok,1814,1277,8904,0,0,0,109.0
2026-06-20T04:46:23+07:00,ok,1825,1283,8943,11,6,39,103.6
2026-06-20T04:46:34+07:00,ok,1825,1283,8943,0,0,0,102.1
2026-06-20T04:46:45+07:00,ok,1825,1283,8943,0,0,0,105.4
2026-06-20T04:46:56+07:00,ok,1825,1283,8943,0,0,0,139.0
2026-06-20T04:47:08+07:00,ok,1825,1283,8943,0,0,0,103.1
2026-06-20T04:47:19+07:00,ok,1838,1290,8975,13,7,32,103.5
2026-06-20T04:47:30+07:00,ok,1838,1290,8975,0,0,0,137.6
2026-06-20T04:47:41+07:00,ok,1838,1290,8975,0,0,0,109.5
2026-06-20T04:47:52+07:00,ok,1838,1290,8975,0,0,0,117.7
2026-06-20T04:48:03+07:00,ok,1838,1290,8975,0,0,0,106.5
2026-06-20T04:48:14+07:00,ok,1838,1290,8975,0,0,0,109.1
2026-06-20T04:48:25+07:00,ok,1849,1293,9034,11,3,59,106.5
2026-06-20T04:48:36+07:00,ok,1849,1293,9034,0,0,0,107.8
2026-06-20T04:48:47+07:00,ok,1849,1293,9034,0,0,0,108.0
2026-06-20T04:48:58+07:00,ok,1849,1293,9034,0,0,0,103.7
2026-06-20T04:49:09+07:00,ok,1849,1293,9034,0,0,0,111.8
2026-06-20T04:49:20+07:00,ok,1865,1299,9097,16,6,63,111.8
2026-06-20T04:49:31+07:00,ok,1865,1299,9097,0,0,0,128.6
2026-06-20T04:49:43+07:00,ok,1865,1299,9097,0,0,0,103.5
2026-06-20T04:49:54+07:00,ok,1865,1299,9097,0,0,0,107.0
2026-06-20T04:50:05+07:00,ok,1865,1299,9097,0,0,0,113.5
2026-06-20T04:50:16+07:00,ok,1865,1299,9097,0,0,0,137.7
2026-06-20T04:50:27+07:00,ok,1879,1310,9151,14,11,54,122.5
2026-06-20T04:50:38+07:00,ok,1879,1310,9151,0,0,0,111.4
2026-06-20T04:50:49+07:00,ok,1879,1310,9151,0,0,0,109.2
2026-06-20T04:51:00+07:00,ok,1879,1310,9151,0,0,0,109.3
2026-06-20T04:51:11+07:00,ok,1879,1310,9151,0,0,0,104.1
2026-06-20T04:51:22+07:00,ok,1893,1316,9193,14,6,42,103.5
2026-06-20T04:51:33+07:00,ok,1893,1316,9193,0,0,0,106.2
2026-06-20T04:51:44+07:00,ok,1893,1316,9193,0,0,0,109.5
2026-06-20T04:51:55+07:00,ok,1893,1316,9193,0,0,0,109.6
2026-06-20T04:52:06+07:00,ok,1893,1316,9193,0,0,0,107.0
2026-06-20T04:52:17+07:00,ok,1893,1316,9193,0,0,0,126.3
2026-06-20T04:52:29+07:00,ok,1908,1325,9223,15,9,30,114.6
2026-06-20T04:52:40+07:00,ok,1908,1325,9223,0,0,0,113.7
2026-06-20T04:52:51+07:00,ok,1908,1325,9223,0,0,0,105.1
2026-06-20T04:53:02+07:00,ok,1908,1325,9223,0,0,0,110.5
2026-06-20T04:53:13+07:00,ok,1908,1325,9223,0,0,0,114.4
2026-06-20T04:53:24+07:00,ok,1918,1335,9267,10,10,44,108.2
2026-06-20T04:53:35+07:00,ok,1918,1335,9267,0,0,0,151.6
2026-06-20T04:53:46+07:00,ok,1918,1335,9267,0,0,0,118.5
2026-06-20T04:53:57+07:00,ok,1918,1335,9267,0,0,0,125.5
2026-06-20T04:54:08+07:00,ok,1918,1335,9267,0,0,0,139.8
2026-06-20T04:54:20+07:00,ok,1929,1345,9331,11,10,64,147.2
2026-06-20T04:54:31+07:00,ok,1929,1345,9331,0,0,0,111.5
2026-06-20T04:54:42+07:00,ok,1929,1345,9331,0,0,0,115.2
2026-06-20T04:54:53+07:00,ok,1929,1345,9331,0,0,0,122.4
2026-06-20T04:55:04+07:00,ok,1929,1345,9331,0,0,0,107.5
2026-06-20T04:55:15+07:00,ok,1929,1345,9331,0,0,0,100.8
2026-06-20T04:55:26+07:00,ok,1938,1349,9378,9,4,47,113.3
2026-06-20T04:55:37+07:00,ok,1938,1349,9378,0,0,0,108.1
2026-06-20T04:55:48+07:00,ok,1938,1349,9378,0,0,0,116.6
2026-06-20T04:55:59+07:00,ok,1938,1349,9378,0,0,0,139.0
2026-06-20T04:56:10+07:00,ok,1938,1349,9378,0,0,0,126.8
2026-06-20T04:56:21+07:00,ok,1952,1358,9438,14,9,60,122.0
2026-06-20T04:56:32+07:00,ok,1952,1358,9438,0,0,0,126.7
2026-06-20T04:56:44+07:00,ok,1952,1358,9438,0,0,0,109.2
2026-06-20T04:56:55+07:00,ok,1952,1358,9438,0,0,0,103.9
2026-06-20T04:57:06+07:00,ok,1952,1358,9438,0,0,0,106.7
2026-06-20T04:57:17+07:00,ok,1952,1358,9438,0,0,0,110.9
2026-06-20T04:57:28+07:00,ok,1962,1368,9492,10,10,54,129.5
2026-06-20T04:57:39+07:00,ok,1962,1368,9492,0,0,0,117.5
2026-06-20T04:57:50+07:00,ok,1962,1368,9492,0,0,0,131.5
2026-06-20T04:58:01+07:00,ok,1962,1368,9492,0,0,0,106.8
2026-06-20T04:58:12+07:00,ok,1962,1368,9492,0,0,0,140.0
2026-06-20T04:58:23+07:00,ok,1967,1378,9542,5,10,50,109.6
2026-06-20T04:58:34+07:00,ok,1967,1378,9542,0,0,0,105.5
2026-06-20T04:58:45+07:00,ok,1967,1378,9542,0,0,0,104.9
2026-06-20T04:58:56+07:00,ok,1967,1378,9542,0,0,0,139.0
2026-06-20T04:59:07+07:00,ok,1967,1378,9542,0,0,0,100.6
2026-06-20T04:59:18+07:00,ok,1967,1378,9542,0,0,0,109.7
2026-06-20T04:59:29+07:00,ok,1976,1381,9575,9,3,33,135.8
2026-06-20T04:59:41+07:00,ok,1976,1381,9575,0,0,0,114.1
2026-06-20T04:59:52+07:00,ok,1976,1381,9575,0,0,0,110.3
2026-06-20T05:00:03+07:00,ok,1976,1381,9575,0,0,0,108.7
2026-06-20T05:00:14+07:00,ok,1976,1381,9575,0,0,0,110.9
2026-06-20T05:00:25+07:00,ok,1984,1389,9601,8,8,26,108.8
2026-06-20T05:00:36+07:00,ok,1984,1389,9601,0,0,0,120.5
2026-06-20T05:00:47+07:00,ok,1984,1389,9601,0,0,0,118.9
2026-06-20T05:00:58+07:00,ok,1984,1389,9601,0,0,0,106.8
2026-06-20T05:01:09+07:00,ok,1984,1389,9601,0,0,0,104.5
2026-06-20T05:01:20+07:00,ok,1996,1394,9661,12,5,60,120.1
2026-06-20T05:01:31+07:00,ok,1996,1394,9661,0,0,0,101.3
2026-06-20T05:01:42+07:00,ok,1996,1394,9661,0,0,0,123.7
2026-06-20T05:01:53+07:00,ok,1996,1394,9661,0,0,0,127.9
2026-06-20T05:02:05+07:00,ok,1996,1394,9661,0,0,0,134.5
2026-06-20T05:02:16+07:00,ok,1996,1394,9661,0,0,0,118.9
2026-06-20T05:02:27+07:00,ok,2007,1405,9713,11,11,52,115.9
2026-06-20T05:02:38+07:00,ok,2007,1405,9713,0,0,0,122.7
2026-06-20T05:02:49+07:00,ok,2007,1405,9713,0,0,0,110.6
2026-06-20T05:03:00+07:00,ok,2007,1405,9713,0,0,0,116.5
2026-06-20T05:03:11+07:00,ok,2007,1405,9713,0,0,0,141.7
2026-06-20T05:03:22+07:00,ok,2017,1414,9772,10,9,59,121.8
2026-06-20T05:03:33+07:00,ok,2017,1414,9772,0,0,0,104.3
2026-06-20T05:03:44+07:00,ok,2017,1414,9772,0,0,0,103.4
2026-06-20T05:03:55+07:00,ok,2017,1414,9772,0,0,0,102.2
2026-06-20T05:04:06+07:00,ok,2017,1414,9772,0,0,0,106.5
2026-06-20T05:04:17+07:00,ok,2017,1414,9772,0,0,0,124.6
2026-06-20T05:04:28+07:00,ok,2031,1423,9839,14,9,67,159.4
2026-06-20T05:04:40+07:00,ok,2031,1423,9839,0,0,0,110.3
2026-06-20T05:04:51+07:00,ok,2031,1423,9839,0,0,0,126.2
2026-06-20T05:05:02+07:00,ok,2031,1423,9839,0,0,0,123.2
2026-06-20T05:05:13+07:00,ok,2031,1423,9839,0,0,0,113.1
2026-06-20T05:05:24+07:00,ok,2038,1430,9872,7,7,33,114.3
2026-06-20T05:05:35+07:00,ok,2038,1430,9872,0,0,0,127.9
2026-06-20T05:05:46+07:00,ok,2038,1430,9872,0,0,0,131.6
2026-06-20T05:05:57+07:00,ok,2038,1430,9872,0,0,0,107.7
2026-06-20T05:06:08+07:00,ok,2038,1430,9872,0,0,0,101.1
2026-06-20T05:06:19+07:00,ok,2038,1430,9872,0,0,0,103.7
2026-06-20T05:06:30+07:00,ok,2045,1438,9906,7,8,34,104.7
2026-06-20T05:06:41+07:00,ok,2045,1438,9906,0,0,0,116.2
2026-06-20T05:06:52+07:00,ok,2045,1438,9906,0,0,0,102.5
2026-06-20T05:07:03+07:00,ok,2045,1438,9906,0,0,0,106.5
2026-06-20T05:07:14+07:00,ok,2045,1438,9906,0,0,0,104.7
2026-06-20T05:07:25+07:00,ok,2051,1443,9938,6,5,32,107.9
2026-06-20T05:07:36+07:00,ok,2051,1443,9938,0,0,0,130.4
2026-06-20T05:07:47+07:00,ok,2051,1443,9938,0,0,0,105.1
2026-06-20T05:07:58+07:00,ok,2051,1443,9938,0,0,0,113.2
2026-06-20T05:08:09+07:00,ok,2051,1443,9938,0,0,0,128.7
2026-06-20T05:08:21+07:00,ok,2051,1443,9938,0,0,0,108.6
2026-06-20T05:08:32+07:00,ok,2058,1452,9970,7,9,32,148.9
2026-06-20T05:08:43+07:00,ok,2058,1452,9970,0,0,0,102.0
2026-06-20T05:08:54+07:00,ok,2058,1452,9970,0,0,0,106.6
2026-06-20T05:09:05+07:00,ok,2058,1452,9970,0,0,0,104.3
2026-06-20T05:09:16+07:00,ok,2058,1452,9970,0,0,0,107.2
2026-06-20T05:09:27+07:00,ok,2067,1461,10003,9,9,33,102.4
2026-06-20T05:09:38+07:00,ok,2067,1461,10003,0,0,0,113.9
2026-06-20T05:09:49+07:00,ok,2067,1461,10003,0,0,0,111.7
2026-06-20T05:10:00+07:00,ok,2067,1461,10003,0,0,0,158.1
2026-06-20T05:10:12+07:00,ok,2067,1461,10003,0,0,0,139.6
2026-06-20T05:10:23+07:00,ok,2076,1469,10046,9,8,43,116.6
2026-06-20T05:10:34+07:00,ok,2076,1469,10046,0,0,0,127.2
2026-06-20T05:10:45+07:00,ok,2076,1469,10046,0,0,0,128.5
2026-06-20T05:10:56+07:00,ok,2076,1469,10046,0,0,0,125.1
2026-06-20T05:11:07+07:00,ok,2076,1469,10046,0,0,0,112.7
2026-06-20T05:11:18+07:00,ok,2076,1469,10046,0,0,0,108.7
2026-06-20T05:11:29+07:00,ok,2090,1477,10103,14,8,57,111.5
2026-06-20T05:11:40+07:00,ok,2090,1477,10103,0,0,0,109.5
2026-06-20T05:11:51+07:00,ok,2090,1477,10103,0,0,0,131.1
2026-06-20T05:12:02+07:00,ok,2090,1477,10103,0,0,0,108.0
2026-06-20T05:12:13+07:00,ok,2090,1477,10103,0,0,0,116.1
2026-06-20T05:12:24+07:00,ok,2093,1480,10170,3,3,67,103.2
2026-06-20T05:12:35+07:00,ok,2093,1480,10170,0,0,0,132.3
2026-06-20T05:12:46+07:00,ok,2093,1480,10170,0,0,0,160.4
2026-06-20T05:12:58+07:00,ok,2093,1480,10170,0,0,0,108.2
2026-06-20T05:13:09+07:00,ok,2093,1480,10170,0,0,0,113.1
2026-06-20T05:13:20+07:00,ok,2093,1480,10170,0,0,0,120.3
2026-06-20T05:13:31+07:00,ok,2104,1485,10209,11,5,39,165.4
2026-06-20T05:13:43+07:00,ok,2104,1485,10209,0,0,0,111.2
2026-06-20T05:13:54+07:00,ok,2104,1485,10209,0,0,0,107.7
2026-06-20T05:14:05+07:00,ok,2104,1485,10209,0,0,0,108.5
2026-06-20T05:14:16+07:00,ok,2104,1485,10209,0,0,0,111.4
2026-06-20T05:14:27+07:00,ok,2112,1492,10265,8,7,56,107.8
2026-06-20T05:14:38+07:00,ok,2112,1492,10265,0,0,0,117.8
2026-06-20T05:14:49+07:00,ok,2112,1492,10265,0,0,0,119.6
2026-06-20T05:15:00+07:00,ok,2112,1492,10265,0,0,0,113.6
2026-06-20T05:15:11+07:00,ok,2112,1492,10265,0,0,0,101.2
2026-06-20T05:15:22+07:00,ok,2112,1492,10265,0,0,0,121.1
2026-06-20T05:15:33+07:00,ok,2124,1500,10293,12,8,28,119.7
2026-06-20T05:15:44+07:00,ok,2124,1500,10293,0,0,0,108.4
2026-06-20T05:15:55+07:00,ok,2124,1500,10293,0,0,0,115.9
2026-06-20T05:16:06+07:00,ok,2124,1500,10293,0,0,0,106.2
2026-06-20T05:16:17+07:00,ok,2124,1500,10293,0,0,0,107.6
2026-06-20T05:16:28+07:00,ok,2130,1508,10339,6,8,46,114.6
2026-06-20T05:16:39+07:00,ok,2130,1508,10339,0,0,0,110.4
2026-06-20T05:16:50+07:00,ok,2130,1508,10339,0,0,0,104.9
2026-06-20T05:17:01+07:00,ok,2130,1508,10339,0,0,0,110.1
2026-06-20T05:17:12+07:00,ok,2130,1508,10339,0,0,0,154.5
2026-06-20T05:17:23+07:00,ok,2136,1516,10392,6,8,53,103.0
2026-06-20T05:17:34+07:00,ok,2136,1516,10392,0,0,0,106.1
2026-06-20T05:17:45+07:00,ok,2136,1516,10392,0,0,0,109.1
2026-06-20T05:17:56+07:00,ok,2136,1516,10392,0,0,0,109.1
2026-06-20T05:18:07+07:00,ok,2136,1516,10392,0,0,0,106.1
2026-06-20T05:18:18+07:00,ok,2136,1516,10392,0,0,0,111.8
2026-06-20T05:18:29+07:00,ok,2148,1523,10436,12,7,44,142.7
2026-06-20T05:18:41+07:00,ok,2148,1523,10436,0,0,0,107.8
2026-06-20T05:18:52+07:00,ok,2148,1523,10436,0,0,0,119.8
2026-06-20T05:19:03+07:00,ok,2148,1523,10436,0,0,0,105.4
2026-06-20T05:19:14+07:00,ok,2148,1523,10436,0,0,0,105.8
2026-06-20T05:19:25+07:00,ok,2159,1532,10465,11,9,29,112.6
2026-06-20T05:19:36+07:00,ok,2159,1532,10465,0,0,0,104.5
2026-06-20T05:19:47+07:00,ok,2159,1532,10465,0,0,0,115.5
2026-06-20T05:19:58+07:00,ok,2159,1532,10465,0,0,0,103.4
2026-06-20T05:20:09+07:00,ok,2159,1532,10465,0,0,0,109.6
2026-06-20T05:20:20+07:00,ok,2159,1532,10465,0,0,0,115.8
2026-06-20T05:20:31+07:00,ok,2175,1536,10532,16,4,67,95.6
2026-06-20T05:20:42+07:00,ok,2175,1536,10532,0,0,0,110.8
2026-06-20T05:20:53+07:00,ok,2175,1536,10532,0,0,0,104.2
2026-06-20T05:21:04+07:00,ok,2175,1536,10532,0,0,0,122.2
2026-06-20T05:21:15+07:00,ok,2175,1536,10532,0,0,0,112.0
2026-06-20T05:21:26+07:00,ok,2184,1546,10587,9,10,55,112.2
2026-06-20T05:21:37+07:00,ok,2184,1546,10587,0,0,0,213.3
2026-06-20T05:21:48+07:00,ok,2184,1546,10587,0,0,0,151.7
2026-06-20T05:22:00+07:00,ok,2184,1546,10587,0,0,0,112.3
2026-06-20T05:22:11+07:00,ok,2184,1546,10587,0,0,0,110.9
2026-06-20T05:22:22+07:00,ok,2184,1546,10587,0,0,0,117.7
2026-06-20T05:22:33+07:00,ok,2197,1554,10635,13,8,48,108.5
2026-06-20T05:22:44+07:00,ok,2197,1554,10635,0,0,0,105.4
2026-06-20T05:22:55+07:00,ok,2197,1554,10635,0,0,0,107.4
2026-06-20T05:23:06+07:00,ok,2197,1554,10635,0,0,0,103.3
2026-06-20T05:23:17+07:00,ok,2197,1554,10635,0,0,0,104.2
2026-06-20T05:23:28+07:00,ok,2208,1563,10694,11,9,59,111.8
2026-06-20T05:23:39+07:00,ok,2208,1563,10694,0,0,0,112.3
2026-06-20T05:23:50+07:00,ok,2208,1563,10694,0,0,0,121.1
2026-06-20T05:24:02+07:00,ok,2208,1563,10694,0,0,0,113.4
2026-06-20T05:24:13+07:00,ok,2208,1563,10694,0,0,0,119.5
2026-06-20T05:24:24+07:00,ok,2213,1566,10741,5,3,47,114.8
2026-06-20T05:24:35+07:00,ok,2213,1566,10741,0,0,0,113.5
2026-06-20T05:24:46+07:00,ok,2213,1566,10741,0,0,0,150.8
2026-06-20T05:24:57+07:00,ok,2213,1566,10741,0,0,0,108.5
2026-06-20T05:25:08+07:00,ok,2213,1566,10741,0,0,0,107.6
2026-06-20T05:25:19+07:00,ok,2213,1566,10741,0,0,0,109.5
2026-06-20T05:25:30+07:00,ok,2228,1570,10792,15,4,51,105.2
2026-06-20T05:25:41+07:00,ok,2228,1570,10792,0,0,0,105.0
2026-06-20T05:25:52+07:00,ok,2228,1570,10792,0,0,0,118.4
2026-06-20T05:26:03+07:00,ok,2228,1570,10792,0,0,0,128.4
2026-06-20T05:26:14+07:00,ok,2228,1570,10792,0,0,0,102.7
2026-06-20T05:26:25+07:00,ok,2237,1580,10854,9,10,62,108.0
2026-06-20T05:26:36+07:00,ok,2237,1580,10854,0,0,0,113.2
2026-06-20T05:26:47+07:00,ok,2237,1580,10854,0,0,0,124.7
2026-06-20T05:26:59+07:00,ok,2237,1580,10854,0,0,0,157.0
2026-06-20T05:27:10+07:00,ok,2237,1580,10854,0,0,0,109.6
2026-06-20T05:27:21+07:00,ok,2237,1580,10854,0,0,0,131.8
2026-06-20T05:27:32+07:00,ok,2251,1585,10897,14,5,43,102.4
2026-06-20T05:27:43+07:00,ok,2251,1585,10897,0,0,0,100.3
2026-06-20T05:27:54+07:00,ok,2251,1585,10897,0,0,0,107.4
2026-06-20T05:28:05+07:00,ok,2251,1585,10897,0,0,0,102.4
2026-06-20T05:28:16+07:00,ok,2251,1585,10897,0,0,0,105.9
2026-06-20T05:28:27+07:00,ok,2258,1596,10931,7,11,34,105.8
2026-06-20T05:28:39+07:00,ok,2258,1596,10931,0,0,0,112.8
2026-06-20T05:28:50+07:00,ok,2258,1596,10931,0,0,0,115.5
2026-06-20T05:29:01+07:00,ok,2258,1596,10931,0,0,0,108.3
2026-06-20T05:29:12+07:00,ok,2258,1596,10931,0,0,0,128.3
2026-06-20T05:29:23+07:00,ok,2258,1596,10931,0,0,0,126.1
2026-06-20T05:29:34+07:00,ok,2271,1606,10974,13,10,43,107.4
2026-06-20T05:29:45+07:00,ok,2271,1606,10974,0,0,0,126.4
2026-06-20T05:29:56+07:00,ok,2271,1606,10974,0,0,0,121.8
2026-06-20T05:30:07+07:00,ok,2271,1606,10974,0,0,0,112.1
2026-06-20T05:30:18+07:00,ok,2271,1606,10974,0,0,0,104.3
2026-06-20T05:30:29+07:00,ok,2285,1616,11042,14,10,68,102.3
2026-06-20T05:30:40+07:00,ok,2285,1616,11042,0,0,0,106.6
2026-06-20T05:30:51+07:00,ok,2285,1616,11042,0,0,0,105.4
2026-06-20T05:31:02+07:00,ok,2285,1616,11042,0,0,0,124.3
2026-06-20T05:31:13+07:00,ok,2285,1616,11042,0,0,0,107.2
2026-06-20T05:31:24+07:00,ok,2299,1625,11086,14,9,44,105.4
2026-06-20T05:31:35+07:00,ok,2299,1625,11086,0,0,0,106.1
2026-06-20T05:31:46+07:00,ok,2299,1625,11086,0,0,0,108.8
2026-06-20T05:31:57+07:00,ok,2299,1625,11086,0,0,0,107.6
2026-06-20T05:32:08+07:00,ok,2299,1625,11086,0,0,0,150.3
2026-06-20T05:32:20+07:00,ok,2299,1625,11086,0,0,0,128.0
2026-06-20T05:32:31+07:00,ok,2308,1629,11123,9,4,37,106.7
2026-06-20T05:32:42+07:00,ok,2308,1629,11123,0,0,0,107.8
2026-06-20T05:32:53+07:00,ok,2308,1629,11123,0,0,0,108.8
2026-06-20T05:33:04+07:00,ok,2308,1629,11123,0,0,0,103.6
2026-06-20T05:33:15+07:00,ok,2308,1629,11123,0,0,0,105.1
2026-06-20T05:33:26+07:00,ok,2322,1640,11180,14,11,57,104.3
2026-06-20T05:33:37+07:00,ok,2322,1640,11180,0,0,0,103.3
2026-06-20T05:33:48+07:00,ok,2322,1640,11180,0,0,0,108.3
2026-06-20T05:33:59+07:00,ok,2322,1640,11180,0,0,0,101.6
2026-06-20T05:34:10+07:00,ok,2322,1640,11180,0,0,0,101.1
2026-06-20T05:34:21+07:00,ok,2322,1640,11180,0,0,0,111.9
2026-06-20T05:34:32+07:00,ok,2334,1649,11245,12,9,65,133.6
2026-06-20T05:34:44+07:00,ok,2334,1649,11245,0,0,0,117.7
2026-06-20T05:34:55+07:00,ok,2334,1649,11245,0,0,0,106.6
2026-06-20T05:35:06+07:00,ok,2334,1649,11245,0,0,0,122.7
2026-06-20T05:35:17+07:00,ok,2334,1649,11245,0,0,0,107.9
2026-06-20T05:35:28+07:00,ok,2344,1659,11303,10,10,58,114.1
2026-06-20T05:35:39+07:00,ok,2344,1659,11303,0,0,0,109.5
2026-06-20T05:35:50+07:00,ok,2344,1659,11303,0,0,0,103.2
2026-06-20T05:36:01+07:00,ok,2344,1659,11303,0,0,0,120.2
2026-06-20T05:36:12+07:00,ok,2344,1659,11303,0,0,0,107.7
2026-06-20T05:36:23+07:00,ok,2344,1659,11303,0,0,0,104.6
2026-06-20T05:36:34+07:00,ok,2358,1663,11339,14,4,36,102.5
2026-06-20T05:36:45+07:00,ok,2358,1663,11339,0,0,0,115.8
2026-06-20T05:36:56+07:00,ok,2358,1663,11339,0,0,0,103.3
2026-06-20T05:37:07+07:00,ok,2358,1663,11339,0,0,0,109.6
2026-06-20T05:37:18+07:00,ok,2358,1663,11339,0,0,0,116.5
2026-06-20T05:37:29+07:00,ok,2366,1667,11375,8,4,36,139.5
2026-06-20T05:37:41+07:00,ok,2366,1667,11375,0,0,0,109.6
2026-06-20T05:37:52+07:00,ok,2366,1667,11375,0,0,0,128.0
2026-06-20T05:38:03+07:00,ok,2366,1667,11375,0,0,0,118.0
2026-06-20T05:38:14+07:00,ok,2366,1667,11375,0,0,0,134.8
2026-06-20T05:38:25+07:00,ok,2366,1667,11375,0,0,0,118.2
2026-06-20T05:38:36+07:00,ok,2378,1673,11408,12,6,33,111.1
2026-06-20T05:38:47+07:00,ok,2378,1673,11408,0,0,0,110.5
2026-06-20T05:38:58+07:00,ok,2378,1673,11408,0,0,0,105.6
2026-06-20T05:39:09+07:00,ok,2378,1673,11408,0,0,0,105.2
2026-06-20T05:39:20+07:00,ok,2378,1673,11408,0,0,0,118.6
2026-06-20T05:39:31+07:00,ok,2387,1679,11451,9,6,43,103.2
2026-06-20T05:39:42+07:00,ok,2387,1679,11451,0,0,0,107.2
2026-06-20T05:39:53+07:00,ok,2387,1679,11451,0,0,0,127.1
2026-06-20T05:40:04+07:00,ok,2387,1679,11451,0,0,0,106.2
2026-06-20T05:40:15+07:00,ok,2387,1679,11451,0,0,0,110.0
2026-06-20T05:40:26+07:00,ok,2399,1690,11517,12,11,66,173.3
2026-06-20T05:40:38+07:00,ok,2399,1690,11517,0,0,0,105.8
2026-06-20T05:40:49+07:00,ok,2399,1690,11517,0,0,0,118.2
2026-06-20T05:41:00+07:00,ok,2399,1690,11517,0,0,0,112.2
2026-06-20T05:41:11+07:00,ok,2399,1690,11517,0,0,0,113.6
2026-06-20T05:41:22+07:00,ok,2399,1690,11517,0,0,0,102.2
2026-06-20T05:41:33+07:00,ok,2405,1698,11582,6,8,65,106.9
2026-06-20T05:41:44+07:00,ok,2405,1698,11582,0,0,0,148.3
2026-06-20T05:41:55+07:00,ok,2405,1698,11582,0,0,0,132.1
2026-06-20T05:42:07+07:00,ok,2405,1698,11582,0,0,0,131.9
2026-06-20T05:42:18+07:00,ok,2405,1698,11582,0,0,0,119.7
2026-06-20T05:42:29+07:00,ok,2415,1703,11611,10,5,29,170.9
2026-06-20T05:42:41+07:00,ok,2415,1703,11611,0,0,0,114.5
2026-06-20T05:42:52+07:00,ok,2415,1703,11611,0,0,0,123.2
2026-06-20T05:43:03+07:00,ok,2415,1703,11611,0,0,0,113.5
2026-06-20T05:43:14+07:00,ok,2415,1703,11611,0,0,0,118.4
2026-06-20T05:43:25+07:00,ok,2415,1703,11611,0,0,0,107.0
2026-06-20T05:43:36+07:00,ok,2418,1712,11655,3,9,44,116.3
2026-06-20T05:43:47+07:00,ok,2418,1712,11655,0,0,0,108.1
2026-06-20T05:43:58+07:00,ok,2418,1712,11655,0,0,0,115.8
2026-06-20T05:44:09+07:00,ok,2418,1712,11655,0,0,0,111.0
2026-06-20T05:44:20+07:00,ok,2418,1712,11655,0,0,0,132.2
2026-06-20T05:44:31+07:00,ok,2430,1719,11690,12,7,35,105.7
2026-06-20T05:44:42+07:00,ok,2430,1719,11690,0,0,0,106.6
2026-06-20T05:44:53+07:00,ok,2430,1719,11690,0,0,0,128.9
2026-06-20T05:45:04+07:00,ok,2430,1719,11690,0,0,0,125.5
2026-06-20T05:45:16+07:00,ok,2430,1719,11690,0,0,0,121.1
2026-06-20T05:45:27+07:00,ok,2440,1727,11728,10,8,38,107.7
2026-06-20T05:45:38+07:00,ok,2440,1727,11728,0,0,0,148.7
2026-06-20T05:45:49+07:00,ok,2440,1727,11728,0,0,0,103.8
2026-06-20T05:46:00+07:00,ok,2440,1727,11728,0,0,0,114.0
2026-06-20T05:46:11+07:00,ok,2440,1727,11728,0,0,0,118.1
2026-06-20T05:46:22+07:00,ok,2440,1727,11728,0,0,0,108.6
2026-06-20T05:46:33+07:00,ok,2447,1730,11796,7,3,68,107.1
2026-06-20T05:46:44+07:00,ok,2447,1730,11796,0,0,0,110.9
2026-06-20T05:46:55+07:00,ok,2447,1730,11796,0,0,0,117.8
2026-06-20T05:47:06+07:00,ok,2447,1730,11796,0,0,0,110.4
2026-06-20T05:47:17+07:00,ok,2447,1730,11796,0,0,0,105.2
2026-06-20T05:47:28+07:00,ok,2454,1738,11858,7,8,62,106.2
2026-06-20T05:47:39+07:00,ok,2454,1738,11858,0,0,0,115.7
2026-06-20T05:47:50+07:00,ok,2454,1738,11858,0,0,0,113.6
2026-06-20T05:48:02+07:00,ok,2454,1738,11858,0,0,0,100.8
2026-06-20T05:48:13+07:00,ok,2454,1738,11858,0,0,0,98.1
2026-06-20T05:48:24+07:00,ok,2454,1738,11858,0,0,0,100.6
2026-06-20T05:48:35+07:00,ok,2464,1743,11895,10,5,37,96.9
2026-06-20T05:48:46+07:00,ok,2464,1743,11895,0,0,0,94.3
2026-06-20T05:48:57+07:00,ok,2464,1743,11895,0,0,0,93.1
2026-06-20T05:49:08+07:00,ok,2464,1743,11895,0,0,0,101.5
2026-06-20T05:49:19+07:00,ok,2464,1743,11895,0,0,0,103.8
2026-06-20T05:49:30+07:00,ok,2473,1754,11939,9,11,44,95.7
2026-06-20T05:49:41+07:00,ok,2473,1754,11939,0,0,0,119.8
2026-06-20T05:49:52+07:00,ok,2473,1754,11939,0,0,0,97.0
2026-06-20T05:50:03+07:00,ok,2473,1754,11939,0,0,0,96.7
2026-06-20T05:50:14+07:00,ok,2473,1754,11939,0,0,0,108.1
2026-06-20T05:50:25+07:00,ok,2473,1754,11939,0,0,0,94.6
2026-06-20T05:50:35+07:00,ok,2484,1764,11997,11,10,58,119.3
2026-06-20T05:50:46+07:00,ok,2484,1764,11997,0,0,0,154.1
2026-06-20T05:50:57+07:00,ok,2484,1764,11997,0,0,0,114.6
2026-06-20T05:51:08+07:00,ok,2484,1764,11997,0,0,0,113.8
2026-06-20T05:51:19+07:00,ok,2484,1764,11997,0,0,0,93.7
2026-06-20T05:51:30+07:00,ok,2494,1772,12030,10,8,33,91.3
2026-06-20T05:51:41+07:00,ok,2494,1772,12030,0,0,0,94.8
2026-06-20T05:51:52+07:00,ok,2494,1772,12030,0,0,0,97.2
2026-06-20T05:52:03+07:00,ok,2494,1772,12030,0,0,0,95.7
2026-06-20T05:52:14+07:00,ok,2494,1772,12030,0,0,0,99.2
2026-06-20T05:52:25+07:00,ok,2494,1772,12030,0,0,0,102.9
2026-06-20T05:52:36+07:00,ok,2507,1776,12058,13,4,28,104.0
2026-06-20T05:52:47+07:00,ok,2507,1776,12058,0,0,0,99.9
2026-06-20T05:52:58+07:00,ok,2507,1776,12058,0,0,0,100.4
2026-06-20T05:53:09+07:00,ok,2507,1776,12058,0,0,0,99.1
2026-06-20T05:53:20+07:00,ok,2507,1776,12058,0,0,0,100.5
2026-06-20T05:53:31+07:00,ok,2522,1782,12123,15,6,65,93.2
2026-06-20T05:53:41+07:00,ok,2522,1782,12123,0,0,0,123.4
2026-06-20T05:53:52+07:00,ok,2522,1782,12123,0,0,0,108.8
2026-06-20T05:54:03+07:00,ok,2522,1782,12123,0,0,0,105.0
2026-06-20T05:54:14+07:00,ok,2522,1782,12123,0,0,0,94.9
2026-06-20T05:54:25+07:00,ok,2522,1782,12123,0,0,0,96.5
2026-06-20T05:54:36+07:00,ok,2533,1786,12174,11,4,51,98.1
2026-06-20T05:54:47+07:00,ok,2533,1786,12174,0,0,0,124.5
2026-06-20T05:54:58+07:00,ok,2533,1786,12174,0,0,0,96.4
2026-06-20T05:55:09+07:00,ok,2533,1786,12174,0,0,0,96.1
2026-06-20T05:55:20+07:00,ok,2533,1786,12174,0,0,0,106.6
2026-06-20T05:55:31+07:00,ok,2538,1793,12225,5,7,51,98.9
2026-06-20T05:55:42+07:00,ok,2538,1793,12225,0,0,0,93.2
2026-06-20T05:55:53+07:00,ok,2538,1793,12225,0,0,0,97.2
2026-06-20T05:56:04+07:00,ok,2538,1793,12225,0,0,0,97.0
2026-06-20T05:56:15+07:00,ok,2538,1793,12225,0,0,0,115.5
2026-06-20T05:56:26+07:00,ok,2538,1793,12225,0,0,0,104.0
2026-06-20T05:56:37+07:00,ok,2546,1801,12293,8,8,68,100.2
2026-06-20T05:56:48+07:00,ok,2546,1801,12293,0,0,0,95.3
2026-06-20T05:56:59+07:00,ok,2546,1801,12293,0,0,0,96.6
2026-06-20T05:57:10+07:00,ok,2546,1801,12293,0,0,0,96.9
2026-06-20T05:57:21+07:00,ok,2546,1801,12293,0,0,0,103.5
2026-06-20T05:57:32+07:00,ok,2550,1809,12353,4,8,60,103.0
2026-06-20T05:57:43+07:00,ok,2550,1809,12353,0,0,0,93.0
2026-06-20T05:57:53+07:00,ok,2550,1809,12353,0,0,0,113.2
2026-06-20T05:58:04+07:00,ok,2550,1809,12353,0,0,0,107.0
2026-06-20T05:58:15+07:00,ok,2550,1809,12353,0,0,0,95.7
2026-06-20T05:58:26+07:00,ok,2550,1809,12353,0,0,0,115.1
2026-06-20T05:58:37+07:00,ok,2555,1812,12398,5,3,45,105.8
2026-06-20T05:58:48+07:00,ok,2555,1812,12398,0,0,0,97.5
2026-06-20T05:58:59+07:00,ok,2555,1812,12398,0,0,0,94.1
2026-06-20T05:59:10+07:00,ok,2555,1812,12398,0,0,0,96.9
2026-06-20T05:59:21+07:00,ok,2555,1812,12398,0,0,0,98.2
2026-06-20T05:59:32+07:00,ok,2560,1818,12459,5,6,61,106.9
2026-06-20T05:59:43+07:00,ok,2560,1818,12459,0,0,0,94.4
2026-06-20T05:59:54+07:00,ok,2560,1818,12459,0,0,0,99.8
2026-06-20T06:00:05+07:00,ok,2560,1818,12459,0,0,0,94.0
2026-06-20T06:00:16+07:00,ok,2560,1818,12459,0,0,0,103.2
2026-06-20T06:00:27+07:00,ok,2560,1818,12459,0,0,0,112.2
2026-06-20T06:00:38+07:00,ok,2573,1821,12488,13,3,29,100.1
2026-06-20T06:00:49+07:00,ok,2573,1821,12488,0,0,0,92.6
2026-06-20T06:01:00+07:00,ok,2573,1821,12488,0,0,0,99.3
2026-06-20T06:01:10+07:00,ok,2573,1821,12488,0,0,0,108.5
2026-06-20T06:01:21+07:00,ok,2573,1821,12488,0,0,0,109.5
2026-06-20T06:01:32+07:00,ok,2578,1830,12519,5,9,31,96.7
2026-06-20T06:01:43+07:00,ok,2578,1830,12519,0,0,0,94.6
2026-06-20T06:01:54+07:00,ok,2578,1830,12519,0,0,0,93.9
2026-06-20T06:02:05+07:00,ok,2578,1830,12519,0,0,0,170.3
2026-06-20T06:02:16+07:00,ok,2578,1830,12519,0,0,0,108.6
2026-06-20T06:02:27+07:00,ok,2578,1830,12519,0,0,0,93.2
2026-06-20T06:02:38+07:00,ok,2593,1834,12566,15,4,47,93.9
2026-06-20T06:02:49+07:00,ok,2593,1834,12566,0,0,0,119.6
2026-06-20T06:03:00+07:00,ok,2593,1834,12566,0,0,0,97.9
2026-06-20T06:03:11+07:00,ok,2593,1834,12566,0,0,0,101.3
2026-06-20T06:03:22+07:00,ok,2593,1834,12566,0,0,0,93.3
2026-06-20T06:03:33+07:00,ok,2600,1841,12619,7,7,53,96.6
2026-06-20T06:03:44+07:00,ok,2600,1841,12619,0,0,0,100.8
2026-06-20T06:03:55+07:00,ok,2600,1841,12619,0,0,0,106.7
2026-06-20T06:04:06+07:00,ok,2600,1841,12619,0,0,0,118.5
2026-06-20T06:04:17+07:00,ok,2600,1841,12619,0,0,0,105.7
2026-06-20T06:04:28+07:00,ok,2600,1841,12619,0,0,0,101.7
2026-06-20T06:04:39+07:00,ok,2610,1849,12672,10,8,53,95.8
2026-06-20T06:04:50+07:00,ok,2610,1849,12672,0,0,0,100.7
2026-06-20T06:05:01+07:00,ok,2610,1849,12672,0,0,0,96.3
2026-06-20T06:05:11+07:00,ok,2610,1849,12672,0,0,0,109.4
2026-06-20T06:05:22+07:00,ok,2610,1849,12672,0,0,0,101.2
2026-06-20T06:05:33+07:00,ok,2619,1857,12712,9,8,40,101.4
2026-06-20T06:05:44+07:00,ok,2619,1857,12712,0,0,0,96.8
2026-06-20T06:05:55+07:00,ok,2619,1857,12712,0,0,0,97.5
2026-06-20T06:06:06+07:00,ok,2619,1857,12712,0,0,0,96.7
2026-06-20T06:06:17+07:00,ok,2619,1857,12712,0,0,0,93.8
2026-06-20T06:06:28+07:00,ok,2619,1857,12712,0,0,0,99.9
2026-06-20T06:06:39+07:00,ok,2634,1866,12744,15,9,32,97.1
2026-06-20T06:06:50+07:00,ok,2634,1866,12744,0,0,0,99.3
2026-06-20T06:07:01+07:00,ok,2634,1866,12744,0,0,0,91.6
2026-06-20T06:07:12+07:00,ok,2634,1866,12744,0,0,0,115.4
2026-06-20T06:07:23+07:00,ok,2634,1866,12744,0,0,0,103.2
2026-06-20T06:07:34+07:00,ok,2645,1872,12810,11,6,66,97.8
2026-06-20T06:07:45+07:00,ok,2645,1872,12810,0,0,0,99.1
2026-06-20T06:07:56+07:00,ok,2645,1872,12810,0,0,0,95.9
2026-06-20T06:08:07+07:00,ok,2645,1872,12810,0,0,0,96.9
2026-06-20T06:08:17+07:00,ok,2645,1872,12810,0,0,0,117.8
2026-06-20T06:08:28+07:00,ok,2645,1872,12810,0,0,0,98.8
2026-06-20T06:08:39+07:00,ok,2658,1882,12842,13,10,32,100.2
2026-06-20T06:08:50+07:00,ok,2658,1882,12842,0,0,0,93.8
2026-06-20T06:09:01+07:00,ok,2658,1882,12842,0,0,0,101.6
2026-06-20T06:09:12+07:00,ok,2658,1882,12842,0,0,0,96.4
2026-06-20T06:09:23+07:00,ok,2658,1882,12842,0,0,0,96.2
2026-06-20T06:09:34+07:00,ok,2665,1891,12875,7,9,33,97.8
2026-06-20T06:09:45+07:00,ok,2665,1891,12875,0,0,0,101.5
2026-06-20T06:09:56+07:00,ok,2665,1891,12875,0,0,0,106.8
2026-06-20T06:10:07+07:00,ok,2665,1891,12875,0,0,0,125.2
2026-06-20T06:10:18+07:00,ok,2665,1891,12875,0,0,0,205.8
2026-06-20T06:10:29+07:00,ok,2665,1891,12875,0,0,0,99.1
2026-06-20T06:10:40+07:00,ok,2678,1897,12930,13,6,55,101.8
2026-06-20T06:10:51+07:00,ok,2678,1897,12930,0,0,0,93.6
2026-06-20T06:11:02+07:00,ok,2678,1897,12930,0,0,0,94.3
2026-06-20T06:11:13+07:00,ok,2678,1897,12930,0,0,0,102.0
2026-06-20T06:11:24+07:00,ok,2678,1897,12930,0,0,0,99.0
2026-06-20T06:11:35+07:00,ok,2688,1904,12969,10,7,39,100.0
2026-06-20T06:11:46+07:00,ok,2688,1904,12969,0,0,0,113.3
2026-06-20T06:11:57+07:00,ok,2688,1904,12969,0,0,0,99.8
2026-06-20T06:12:08+07:00,ok,2688,1904,12969,0,0,0,101.9
2026-06-20T06:12:19+07:00,ok,2688,1904,12969,0,0,0,93.1
2026-06-20T06:12:30+07:00,ok,2703,1911,13029,15,7,60,117.8
2026-06-20T06:12:40+07:00,ok,2703,1911,13029,0,0,0,115.7
2026-06-20T06:12:51+07:00,ok,2703,1911,13029,0,0,0,108.4
2026-06-20T06:13:02+07:00,ok,2703,1911,13029,0,0,0,96.1
2026-06-20T06:13:13+07:00,ok,2703,1911,13029,0,0,0,92.6
2026-06-20T06:13:24+07:00,ok,2703,1911,13029,0,0,0,152.4
2026-06-20T06:13:35+07:00,ok,2716,1919,13090,13,8,61,102.2
2026-06-20T06:13:46+07:00,ok,2716,1919,13090,0,0,0,94.7
2026-06-20T06:13:57+07:00,ok,2716,1919,13090,0,0,0,94.7
2026-06-20T06:14:08+07:00,ok,2716,1919,13090,0,0,0,95.5
2026-06-20T06:14:19+07:00,ok,2716,1919,13090,0,0,0,95.3
2026-06-20T06:14:30+07:00,ok,2726,1928,13141,10,9,51,92.5
2026-06-20T06:14:41+07:00,ok,2726,1928,13141,0,0,0,104.4
2026-06-20T06:14:52+07:00,ok,2726,1928,13141,0,0,0,98.0
2026-06-20T06:15:03+07:00,ok,2726,1928,13141,0,0,0,101.9
2026-06-20T06:15:14+07:00,ok,2726,1928,13141,0,0,0,106.8
2026-06-20T06:15:25+07:00,ok,2726,1928,13141,0,0,0,99.5
2026-06-20T06:15:36+07:00,ok,2735,1936,13205,9,8,64,241.3
2026-06-20T06:15:47+07:00,ok,2735,1936,13205,0,0,0,101.4
2026-06-20T06:15:58+07:00,ok,2735,1936,13205,0,0,0,100.9
2026-06-20T06:16:09+07:00,ok,2735,1936,13205,0,0,0,106.0
2026-06-20T06:16:20+07:00,ok,2735,1936,13205,0,0,0,117.1
2026-06-20T06:16:31+07:00,ok,2742,1941,13257,7,5,52,98.5
2026-06-20T06:16:42+07:00,ok,2742,1941,13257,0,0,0,96.2
2026-06-20T06:16:53+07:00,ok,2742,1941,13257,0,0,0,102.2
2026-06-20T06:17:04+07:00,ok,2742,1941,13257,0,0,0,97.0
2026-06-20T06:17:14+07:00,ok,2742,1941,13257,0,0,0,105.1
2026-06-20T06:17:25+07:00,ok,2742,1941,13257,0,0,0,97.2
2026-06-20T06:17:36+07:00,ok,2757,1948,13307,15,7,50,96.1
2026-06-20T06:17:47+07:00,ok,2757,1948,13307,0,0,0,88.7
2026-06-20T06:17:58+07:00,ok,2757,1948,13307,0,0,0,97.1
2026-06-20T06:18:09+07:00,ok,2757,1948,13307,0,0,0,95.7
2026-06-20T06:18:20+07:00,ok,2757,1948,13307,0,0,0,100.3
2026-06-20T06:18:31+07:00,ok,2765,1954,13374,8,6,67,99.8
2026-06-20T06:18:42+07:00,ok,2765,1954,13374,0,0,0,95.2
2026-06-20T06:18:53+07:00,ok,2765,1954,13374,0,0,0,102.4
2026-06-20T06:19:04+07:00,ok,2765,1954,13374,0,0,0,98.5
2026-06-20T06:19:15+07:00,ok,2765,1954,13374,0,0,0,98.6
2026-06-20T06:19:26+07:00,ok,2765,1954,13374,0,0,0,97.0
2026-06-20T06:19:37+07:00,ok,2775,1964,13422,10,10,48,102.4
2026-06-20T06:19:48+07:00,ok,2775,1964,13422,0,0,0,100.8
2026-06-20T06:19:59+07:00,ok,2775,1964,13422,0,0,0,99.5
2026-06-20T06:20:10+07:00,ok,2775,1964,13422,0,0,0,96.4
2026-06-20T06:20:21+07:00,ok,2775,1964,13422,0,0,0,106.6
2026-06-20T06:20:32+07:00,ok,2786,1968,13460,11,4,38,96.6
2026-06-20T06:20:43+07:00,ok,2786,1968,13460,0,0,0,96.8
2026-06-20T06:20:54+07:00,ok,2786,1968,13460,0,0,0,98.7
2026-06-20T06:21:05+07:00,ok,2786,1968,13460,0,0,0,97.0
2026-06-20T06:21:16+07:00,ok,2786,1968,13460,0,0,0,94.2
2026-06-20T06:21:27+07:00,ok,2786,1968,13460,0,0,0,104.4
2026-06-20T06:21:37+07:00,ok,2792,1973,13490,6,5,30,124.6
2026-06-20T06:21:48+07:00,ok,2792,1973,13490,0,0,0,104.1
2026-06-20T06:21:59+07:00,ok,2792,1973,13490,0,0,0,105.4
2026-06-20T06:22:10+07:00,ok,2792,1973,13490,0,0,0,97.4
2026-06-20T06:22:21+07:00,ok,2792,1973,13490,0,0,0,105.2
2026-06-20T06:22:32+07:00,ok,2799,1979,13522,7,6,32,93.4
2026-06-20T06:22:43+07:00,ok,2799,1979,13522,0,0,0,95.8
2026-06-20T06:22:54+07:00,ok,2799,1979,13522,0,0,0,93.0
2026-06-20T06:23:05+07:00,ok,2799,1979,13522,0,0,0,99.4
2026-06-20T06:23:16+07:00,ok,2799,1979,13522,0,0,0,108.6
2026-06-20T06:23:27+07:00,ok,2799,1979,13522,0,0,0,96.4
2026-06-20T06:23:38+07:00,ok,2810,1983,13553,11,4,31,97.4
2026-06-20T06:23:49+07:00,ok,2810,1983,13553,0,0,0,121.9
2026-06-20T06:24:00+07:00,ok,2810,1983,13553,0,0,0,102.9
2026-06-20T06:24:11+07:00,ok,2810,1983,13553,0,0,0,90.8
2026-06-20T06:24:22+07:00,ok,2810,1983,13553,0,0,0,104.7
2026-06-20T06:24:33+07:00,ok,2822,1988,13585,12,5,32,99.9
2026-06-20T06:24:44+07:00,ok,2822,1988,13585,0,0,0,141.0
2026-06-20T06:24:55+07:00,ok,2822,1988,13585,0,0,0,94.1
2026-06-20T06:25:06+07:00,ok,2822,1988,13585,0,0,0,104.8
2026-06-20T06:25:17+07:00,ok,2822,1988,13585,0,0,0,99.1
2026-06-20T06:25:27+07:00,ok,2822,1988,13585,0,0,0,135.9
2026-06-20T06:25:38+07:00,ok,2835,1997,13642,13,9,57,134.5
2026-06-20T06:25:50+07:00,ok,2835,1997,13642,0,0,0,108.7
2026-06-20T06:26:00+07:00,ok,2835,1997,13642,0,0,0,129.0
2026-06-20T06:26:12+07:00,ok,2835,1997,13642,0,0,0,100.6
2026-06-20T06:26:23+07:00,ok,2835,1997,13642,0,0,0,237.0
2026-06-20T06:26:34+07:00,ok,2845,2001,13699,10,4,57,92.4
2026-06-20T06:26:45+07:00,ok,2845,2001,13699,0,0,0,105.6
2026-06-20T06:26:56+07:00,ok,2845,2001,13699,0,0,0,94.4
2026-06-20T06:27:07+07:00,ok,2845,2001,13699,0,0,0,98.7
2026-06-20T06:27:18+07:00,ok,2845,2001,13699,0,0,0,97.1
2026-06-20T06:27:29+07:00,ok,2845,2001,13699,0,0,0,113.4
2026-06-20T06:27:40+07:00,ok,2850,2005,13750,5,4,51,109.3
2026-06-20T06:27:51+07:00,ok,2850,2005,13750,0,0,0,109.6
2026-06-20T06:28:02+07:00,ok,2850,2005,13750,0,0,0,114.8
2026-06-20T06:28:13+07:00,ok,2850,2005,13750,0,0,0,118.0
2026-06-20T06:28:24+07:00,ok,2850,2005,13750,0,0,0,98.7
2026-06-20T06:28:35+07:00,ok,2859,2016,13783,9,11,33,133.4
2026-06-20T06:28:46+07:00,ok,2859,2016,13783,0,0,0,94.7
2026-06-20T06:28:57+07:00,ok,2859,2016,13783,0,0,0,94.8
2026-06-20T06:29:08+07:00,ok,2859,2016,13783,0,0,0,136.1
2026-06-20T06:29:19+07:00,ok,2859,2016,13783,0,0,0,93.3
2026-06-20T06:29:30+07:00,ok,2859,2016,13783,0,0,0,94.6
2026-06-20T06:29:41+07:00,ok,2874,2025,13820,15,9,37,117.6
2026-06-20T06:29:52+07:00,ok,2874,2025,13820,0,0,0,124.0
2026-06-20T06:30:03+07:00,ok,2874,2025,13820,0,0,0,101.2
2026-06-20T06:30:15+07:00,ok,2874,2025,13820,0,0,0,213.9
2026-06-20T06:30:26+07:00,ok,2874,2025,13820,0,0,0,96.7
2026-06-20T06:30:37+07:00,ok,2881,2036,13873,7,11,53,130.7
2026-06-20T06:30:48+07:00,ok,2881,2036,13873,0,0,0,115.6
2026-06-20T06:30:59+07:00,ok,2881,2036,13873,0,0,0,174.9
2026-06-20T06:31:10+07:00,ok,2881,2036,13873,0,0,0,110.1
2026-06-20T06:31:21+07:00,ok,2881,2036,13873,0,0,0,106.8
2026-06-20T06:31:32+07:00,ok,2887,2040,13936,6,4,63,103.1
2026-06-20T06:31:43+07:00,ok,2887,2040,13936,0,0,0,107.6
2026-06-20T06:31:54+07:00,ok,2887,2040,13936,0,0,0,101.0
2026-06-20T06:32:05+07:00,ok,2887,2040,13936,0,0,0,93.1
2026-06-20T06:32:16+07:00,ok,2887,2040,13936,0,0,0,185.5
2026-06-20T06:32:27+07:00,ok,2887,2040,13936,0,0,0,116.2
2026-06-20T06:32:38+07:00,ok,2899,2043,13977,12,3,41,195.4
2026-06-20T06:32:50+07:00,ok,2899,2043,13977,0,0,0,124.5
2026-06-20T06:33:02+07:00,ok,2899,2043,13977,0,0,0,345.6
2026-06-20T06:33:13+07:00,ok,2899,2043,13977,0,0,0,138.5
2026-06-20T06:33:25+07:00,ok,2899,2043,13977,0,0,0,140.4
2026-06-20T06:33:36+07:00,ok,2912,2050,14034,13,7,57,204.9
2026-06-20T06:33:47+07:00,ok,2912,2050,14034,0,0,0,155.7
2026-06-20T06:33:59+07:00,ok,2912,2050,14034,0,0,0,188.5
2026-06-20T06:34:10+07:00,ok,2912,2050,14034,0,0,0,120.0
2026-06-20T06:34:21+07:00,ok,2912,2050,14034,0,0,0,205.1
2026-06-20T06:34:33+07:00,ok,2917,2054,14067,5,4,33,413.0
2026-06-20T06:34:48+07:00,ok,2917,2054,14067,0,0,0,188.2
2026-06-20T06:35:00+07:00,ok,2917,2054,14067,0,0,0,130.4
2026-06-20T06:35:12+07:00,ok,2917,2054,14067,0,0,0,110.8
2026-06-20T06:35:23+07:00,ok,2917,2054,14067,0,0,0,108.9
2026-06-20T06:35:34+07:00,ok,2926,2061,14127,9,7,60,118.1
2026-06-20T06:35:45+07:00,ok,2926,2061,14127,0,0,0,99.2
2026-06-20T06:35:56+07:00,ok,2926,2061,14127,0,0,0,114.4
2026-06-20T06:36:07+07:00,ok,2926,2061,14127,0,0,0,157.8
2026-06-20T06:36:18+07:00,ok,2926,2061,14127,0,0,0,102.4
2026-06-20T06:36:29+07:00,ok,2926,2061,14127,0,0,0,101.7
2026-06-20T06:36:40+07:00,ok,2942,2072,14175,16,11,48,108.6
2026-06-20T06:36:51+07:00,ok,2942,2072,14175,0,0,0,99.3
2026-06-20T06:37:02+07:00,ok,2942,2072,14175,0,0,0,92.7
2026-06-20T06:37:13+07:00,ok,2942,2072,14175,0,0,0,99.1
2026-06-20T06:37:24+07:00,ok,2942,2072,14175,0,0,0,88.9
2026-06-20T06:37:35+07:00,ok,2953,2081,14238,11,9,63,109.8
2026-06-20T06:37:46+07:00,ok,2953,2081,14238,0,0,0,108.5
2026-06-20T06:37:57+07:00,ok,2953,2081,14238,0,0,0,110.4
2026-06-20T06:38:08+07:00,ok,2953,2081,14238,0,0,0,107.6
2026-06-20T06:38:19+07:00,ok,2953,2081,14238,0,0,0,106.0
2026-06-20T06:38:30+07:00,ok,2953,2081,14238,0,0,0,122.1
2026-06-20T06:38:41+07:00,ok,2965,2087,14294,12,6,56,98.0
2026-06-20T06:38:52+07:00,ok,2965,2087,14294,0,0,0,99.0
2026-06-20T06:39:03+07:00,ok,2965,2087,14294,0,0,0,96.1
2026-06-20T06:39:14+07:00,ok,2965,2087,14294,0,0,0,107.1
2026-06-20T06:39:25+07:00,ok,2965,2087,14294,0,0,0,106.9
2026-06-20T06:39:36+07:00,ok,2978,2092,14329,13,5,35,126.3
2026-06-20T06:39:47+07:00,ok,2978,2092,14329,0,0,0,99.7
2026-06-20T06:39:58+07:00,ok,2978,2092,14329,0,0,0,113.5
2026-06-20T06:40:09+07:00,ok,2978,2092,14329,0,0,0,108.5
2026-06-20T06:40:20+07:00,ok,2978,2092,14329,0,0,0,110.7
2026-06-20T06:40:31+07:00,ok,2978,2092,14329,0,0,0,98.9
2026-06-20T06:40:42+07:00,ok,2985,2101,14385,7,9,56,122.6
2026-06-20T06:40:53+07:00,ok,2985,2101,14385,0,0,0,110.2
2026-06-20T06:41:04+07:00,ok,2985,2101,14385,0,0,0,105.8
2026-06-20T06:41:15+07:00,ok,2985,2101,14385,0,0,0,126.0
2026-06-20T06:41:26+07:00,ok,2985,2101,14385,0,0,0,117.2
2026-06-20T06:41:37+07:00,ok,2993,2106,14437,8,5,52,96.0
2026-06-20T06:41:48+07:00,ok,2993,2106,14437,0,0,0,98.7
2026-06-20T06:41:59+07:00,ok,2993,2106,14437,0,0,0,122.3
2026-06-20T06:42:10+07:00,ok,2993,2106,14437,0,0,0,90.7
2026-06-20T06:42:21+07:00,ok,2993,2106,14437,0,0,0,118.5
2026-06-20T06:42:32+07:00,ok,2993,2106,14437,0,0,0,153.1
2026-06-20T06:42:44+07:00,ok,3004,2114,14469,11,8,32,243.6
2026-06-20T06:42:56+07:00,ok,3004,2114,14469,0,0,0,142.5
2026-06-20T06:43:07+07:00,ok,3004,2114,14469,0,0,0,126.3
2026-06-20T06:43:19+07:00,ok,3004,2114,14469,0,0,0,150.0
2026-06-20T06:43:30+07:00,ok,3004,2114,14469,0,0,0,105.7
2026-06-20T06:43:41+07:00,ok,3015,2118,14517,11,4,48,121.2
2026-06-20T06:43:52+07:00,ok,3015,2118,14517,0,0,0,119.0
2026-06-20T06:44:03+07:00,ok,3015,2118,14517,0,0,0,113.9
2026-06-20T06:44:14+07:00,ok,3015,2118,14517,0,0,0,128.1
2026-06-20T06:44:25+07:00,ok,3015,2118,14517,0,0,0,111.3
2026-06-20T06:44:36+07:00,ok,3027,2126,14582,12,8,65,112.4
2026-06-20T06:44:47+07:00,ok,3027,2126,14582,0,0,0,138.2
2026-06-20T06:44:59+07:00,ok,3027,2126,14582,0,0,0,114.7
2026-06-20T06:45:10+07:00,ok,3027,2126,14582,0,0,0,113.4
2026-06-20T06:45:21+07:00,ok,3027,2126,14582,0,0,0,118.5
2026-06-20T06:45:32+07:00,ok,3027,2126,14582,0,0,0,114.8
2026-06-20T06:45:43+07:00,ok,3039,2133,14636,12,7,54,118.9
2026-06-20T06:45:54+07:00,ok,3039,2133,14636,0,0,0,129.4
2026-06-20T06:46:05+07:00,ok,3039,2133,14636,0,0,0,102.6
2026-06-20T06:46:16+07:00,ok,3039,2133,14636,0,0,0,98.5
2026-06-20T06:46:27+07:00,ok,3039,2133,14636,0,0,0,141.0
2026-06-20T06:46:38+07:00,ok,3046,2141,14681,7,8,45,130.2
2026-06-20T06:46:49+07:00,ok,3046,2141,14681,0,0,0,103.0
2026-06-20T06:47:00+07:00,ok,3046,2141,14681,0,0,0,96.9
2026-06-20T06:47:11+07:00,ok,3046,2141,14681,0,0,0,104.2
2026-06-20T06:47:22+07:00,ok,3046,2141,14681,0,0,0,114.3
2026-06-20T06:47:33+07:00,ok,3046,2141,14681,0,0,0,104.1
2026-06-20T06:47:44+07:00,ok,3055,2148,14735,9,7,54,106.3
2026-06-20T06:47:55+07:00,ok,3055,2148,14735,0,0,0,103.0
2026-06-20T06:48:06+07:00,ok,3055,2148,14735,0,0,0,103.3
2026-06-20T06:48:17+07:00,ok,3055,2148,14735,0,0,0,117.3
2026-06-20T06:48:28+07:00,ok,3055,2148,14735,0,0,0,98.7
2026-06-20T06:48:39+07:00,ok,3069,2157,14796,14,9,61,105.3
2026-06-20T06:48:50+07:00,ok,3069,2157,14796,0,0,0,100.4
2026-06-20T06:49:01+07:00,ok,3069,2157,14796,0,0,0,96.6
2026-06-20T06:49:12+07:00,ok,3069,2157,14796,0,0,0,96.1
2026-06-20T06:49:23+07:00,ok,3069,2157,14796,0,0,0,115.0
2026-06-20T06:49:34+07:00,ok,3069,2157,14796,0,0,0,93.9
2026-06-20T06:49:45+07:00,ok,3084,2166,14845,15,9,49,97.5
2026-06-20T06:49:56+07:00,ok,3084,2166,14845,0,0,0,97.3
2026-06-20T06:50:07+07:00,ok,3084,2166,14845,0,0,0,116.2
2026-06-20T06:50:18+07:00,ok,3084,2166,14845,0,0,0,102.4
2026-06-20T06:50:29+07:00,ok,3084,2166,14845,0,0,0,97.7
2026-06-20T06:50:40+07:00,ok,3091,2174,14908,7,8,63,98.2
2026-06-20T06:50:51+07:00,ok,3091,2174,14908,0,0,0,92.9
2026-06-20T06:51:01+07:00,ok,3091,2174,14908,0,0,0,125.9
2026-06-20T06:51:12+07:00,ok,3091,2174,14908,0,0,0,105.4
2026-06-20T06:51:23+07:00,ok,3091,2174,14908,0,0,0,110.0
2026-06-20T06:51:34+07:00,ok,3091,2174,14908,0,0,0,91.6
2026-06-20T06:51:45+07:00,ok,3103,2185,14940,12,11,32,97.5
2026-06-20T06:51:56+07:00,ok,3103,2185,14940,0,0,0,100.3
2026-06-20T06:52:07+07:00,ok,3103,2185,14940,0,0,0,100.2
2026-06-20T06:52:18+07:00,ok,3103,2185,14940,0,0,0,97.2
2026-06-20T06:52:29+07:00,ok,3103,2185,14940,0,0,0,100.6
2026-06-20T06:52:40+07:00,ok,3114,2194,15007,11,9,67,100.6
2026-06-20T06:52:51+07:00,ok,3114,2194,15007,0,0,0,111.3
2026-06-20T06:53:02+07:00,ok,3114,2194,15007,0,0,0,104.9
2026-06-20T06:53:13+07:00,ok,3114,2194,15007,0,0,0,97.3
2026-06-20T06:53:24+07:00,ok,3114,2194,15007,0,0,0,93.4
2026-06-20T06:53:35+07:00,ok,3114,2194,15007,0,0,0,105.3
2026-06-20T06:53:46+07:00,ok,3122,2201,15046,8,7,39,110.0
2026-06-20T06:53:57+07:00,ok,3122,2201,15046,0,0,0,105.7
2026-06-20T06:54:08+07:00,ok,3122,2201,15046,0,0,0,99.2
2026-06-20T06:54:19+07:00,ok,3122,2201,15046,0,0,0,95.9
2026-06-20T06:54:30+07:00,ok,3122,2201,15046,0,0,0,89.1
2026-06-20T06:54:40+07:00,ok,3129,2204,15108,7,3,62,113.2
2026-06-20T06:54:51+07:00,ok,3129,2204,15108,0,0,0,102.3
2026-06-20T06:55:02+07:00,ok,3129,2204,15108,0,0,0,114.2
2026-06-20T06:55:13+07:00,ok,3129,2204,15108,0,0,0,119.3
2026-06-20T06:55:24+07:00,ok,3129,2204,15108,0,0,0,96.4
2026-06-20T06:55:35+07:00,ok,3129,2204,15108,0,0,0,104.8
2026-06-20T06:55:46+07:00,ok,3138,2209,15141,9,5,33,99.8
2026-06-20T06:55:57+07:00,ok,3138,2209,15141,0,0,0,137.6
2026-06-20T06:56:08+07:00,ok,3138,2209,15141,0,0,0,91.1
2026-06-20T06:56:19+07:00,ok,3138,2209,15141,0,0,0,92.7
2026-06-20T06:56:30+07:00,ok,3138,2209,15141,0,0,0,97.3
2026-06-20T06:56:41+07:00,ok,3154,2219,15173,16,10,32,101.6
2026-06-20T06:56:52+07:00,ok,3154,2219,15173,0,0,0,100.0
2026-06-20T06:57:03+07:00,ok,3154,2219,15173,0,0,0,98.0
2026-06-20T06:57:14+07:00,ok,3154,2219,15173,0,0,0,94.5
2026-06-20T06:57:25+07:00,ok,3154,2219,15173,0,0,0,95.4
2026-06-20T06:57:36+07:00,ok,3154,2219,15173,0,0,0,95.5
2026-06-20T06:57:46+07:00,ok,3159,2227,15209,5,8,36,164.4
2026-06-20T06:57:58+07:00,ok,3159,2227,15209,0,0,0,114.8
2026-06-20T06:58:08+07:00,ok,3159,2227,15209,0,0,0,97.0
2026-06-20T06:58:19+07:00,ok,3159,2227,15209,0,0,0,96.7
2026-06-20T06:58:30+07:00,ok,3159,2227,15209,0,0,0,103.2
2026-06-20T06:58:41+07:00,ok,3175,2232,15256,16,5,47,92.5
2026-06-20T06:58:52+07:00,ok,3175,2232,15256,0,0,0,96.8
2026-06-20T06:59:03+07:00,ok,3175,2232,15256,0,0,0,96.1
2026-06-20T06:59:14+07:00,ok,3175,2232,15256,0,0,0,96.8
2026-06-20T06:59:25+07:00,ok,3175,2232,15256,0,0,0,108.9
2026-06-20T06:59:36+07:00,ok,3175,2232,15256,0,0,0,132.8
2026-06-20T06:59:47+07:00,ok,3186,2237,15320,11,5,64,96.5
2026-06-20T06:59:58+07:00,ok,3186,2237,15320,0,0,0,97.8
2026-06-20T07:00:09+07:00,ok,3186,2237,15320,0,0,0,103.7
2026-06-20T07:00:20+07:00,ok,3186,2237,15320,0,0,0,98.9
2026-06-20T07:00:31+07:00,ok,3186,2237,15320,0,0,0,96.1
2026-06-20T07:00:41+07:00,ok,3192,2240,15348,6,3,28,102.2
2026-06-20T07:00:52+07:00,ok,3192,2240,15348,0,0,0,120.6
2026-06-20T07:01:03+07:00,ok,3192,2240,15348,0,0,0,110.6
2026-06-20T07:01:14+07:00,ok,3192,2240,15348,0,0,0,89.6
2026-06-20T07:01:25+07:00,ok,3192,2240,15348,0,0,0,100.3
2026-06-20T07:01:36+07:00,ok,3192,2240,15348,0,0,0,97.7
2026-06-20T07:01:47+07:00,ok,3201,2245,15410,9,5,62,97.1
2026-06-20T07:01:58+07:00,ok,3201,2245,15410,0,0,0,102.2
2026-06-20T07:02:09+07:00,ok,3201,2245,15410,0,0,0,99.1
2026-06-20T07:02:20+07:00,ok,3201,2245,15410,0,0,0,95.1
2026-06-20T07:02:31+07:00,ok,3201,2245,15410,0,0,0,112.0
2026-06-20T07:02:42+07:00,ok,3207,2254,15478,6,9,68,116.6
2026-06-20T07:02:53+07:00,ok,3207,2254,15478,0,0,0,97.4
2026-06-20T07:03:04+07:00,ok,3207,2254,15478,0,0,0,140.9
2026-06-20T07:03:15+07:00,ok,3207,2254,15478,0,0,0,94.5
2026-06-20T07:03:26+07:00,ok,3207,2254,15478,0,0,0,106.8
2026-06-20T07:03:37+07:00,ok,3217,2257,15547,10,3,69,99.9
2026-06-20T07:03:48+07:00,ok,3217,2257,15547,0,0,0,100.2
2026-06-20T07:03:59+07:00,ok,3217,2257,15547,0,0,0,101.3
2026-06-20T07:04:10+07:00,ok,3217,2257,15547,0,0,0,98.7
2026-06-20T07:04:21+07:00,ok,3217,2257,15547,0,0,0,111.1
2026-06-20T07:04:32+07:00,ok,3217,2257,15547,0,0,0,100.0
2026-06-20T07:04:43+07:00,ok,3223,2263,15589,6,6,42,93.7
2026-06-20T07:04:54+07:00,ok,3223,2263,15589,0,0,0,94.5
2026-06-20T07:05:05+07:00,ok,3223,2263,15589,0,0,0,108.1
2026-06-20T07:05:16+07:00,ok,3223,2263,15589,0,0,0,96.9
2026-06-20T07:05:27+07:00,ok,3223,2263,15589,0,0,0,96.7
2026-06-20T07:05:38+07:00,ok,3236,2270,15620,13,7,31,95.7
2026-06-20T07:05:49+07:00,ok,3236,2270,15620,0,0,0,92.6
2026-06-20T07:06:00+07:00,ok,3236,2270,15620,0,0,0,97.4
2026-06-20T07:06:11+07:00,ok,3236,2270,15620,0,0,0,90.9
2026-06-20T07:06:22+07:00,ok,3236,2270,15620,0,0,0,101.6
2026-06-20T07:06:33+07:00,ok,3236,2270,15620,0,0,0,100.1
2026-06-20T07:06:44+07:00,ok,3252,2279,15654,16,9,34,96.5
2026-06-20T07:06:54+07:00,ok,3252,2279,15654,0,0,0,114.4
2026-06-20T07:07:05+07:00,ok,3252,2279,15654,0,0,0,110.0
2026-06-20T07:07:16+07:00,ok,3252,2279,15654,0,0,0,109.1
2026-06-20T07:07:27+07:00,ok,3252,2279,15654,0,0,0,116.6
2026-06-20T07:07:38+07:00,ok,3258,2288,15707,6,9,53,96.0
2026-06-20T07:07:49+07:00,ok,3258,2288,15707,0,0,0,95.5
2026-06-20T07:08:00+07:00,ok,3258,2288,15707,0,0,0,98.8
2026-06-20T07:08:11+07:00,ok,3258,2288,15707,0,0,0,98.5
2026-06-20T07:08:22+07:00,ok,3258,2288,15707,0,0,0,102.4
2026-06-20T07:08:33+07:00,ok,3258,2288,15707,0,0,0,99.6
2026-06-20T07:08:44+07:00,ok,3271,2292,15758,13,4,51,99.3
2026-06-20T07:08:55+07:00,ok,3271,2292,15758,0,0,0,101.6
2026-06-20T07:09:06+07:00,ok,3271,2292,15758,0,0,0,125.4
2026-06-20T07:09:17+07:00,ok,3271,2292,15758,0,0,0,101.9
2026-06-20T07:09:28+07:00,ok,3271,2292,15758,0,0,0,101.7
2026-06-20T07:09:39+07:00,ok,3278,2299,15816,7,7,58,94.4
2026-06-20T07:09:50+07:00,ok,3278,2299,15816,0,0,0,104.9
2026-06-20T07:10:00+07:00,ok,3278,2299,15816,0,0,0,148.4
2026-06-20T07:10:12+07:00,ok,3278,2299,15816,0,0,0,87.5
2026-06-20T07:10:22+07:00,ok,3278,2299,15816,0,0,0,111.1
2026-06-20T07:10:33+07:00,ok,3278,2299,15816,0,0,0,92.7
2026-06-20T07:10:44+07:00,ok,3289,2310,15884,11,11,68,98.1
2026-06-20T07:10:55+07:00,ok,3289,2310,15884,0,0,0,93.4
2026-06-20T07:11:06+07:00,ok,3289,2310,15884,0,0,0,96.0
2026-06-20T07:11:17+07:00,ok,3289,2310,15884,0,0,0,94.7
2026-06-20T07:11:28+07:00,ok,3289,2310,15884,0,0,0,93.7
2026-06-20T07:11:39+07:00,ok,3295,2316,15929,6,6,45,94.1
2026-06-20T07:11:50+07:00,ok,3295,2316,15929,0,0,0,107.9
2026-06-20T07:12:01+07:00,ok,3295,2316,15929,0,0,0,93.5
2026-06-20T07:12:12+07:00,ok,3295,2316,15929,0,0,0,244.3
2026-06-20T07:12:23+07:00,ok,3295,2316,15929,0,0,0,135.7
2026-06-20T07:12:34+07:00,ok,3295,2316,15929,0,0,0,106.3
2026-06-20T07:12:45+07:00,ok,3302,2321,15988,7,5,59,98.5
2026-06-20T07:12:56+07:00,ok,3302,2321,15988,0,0,0,98.9
2026-06-20T07:13:07+07:00,ok,3302,2321,15988,0,0,0,99.7
2026-06-20T07:13:18+07:00,ok,3302,2321,15988,0,0,0,95.1
2026-06-20T07:13:29+07:00,ok,3302,2321,15988,0,0,0,91.3
2026-06-20T07:13:39+07:00,ok,3307,2324,16044,5,3,56,97.6
2026-06-20T07:13:50+07:00,ok,3307,2324,16044,0,0,0,100.4
2026-06-20T07:14:01+07:00,ok,3307,2324,16044,0,0,0,103.9
2026-06-20T07:14:12+07:00,ok,3307,2324,16044,0,0,0,92.6
2026-06-20T07:14:23+07:00,ok,3307,2324,16044,0,0,0,98.6
2026-06-20T07:14:34+07:00,ok,3307,2324,16044,0,0,0,96.5
2026-06-20T07:14:45+07:00,ok,3313,2333,16094,6,9,50,107.5
2026-06-20T07:14:56+07:00,ok,3313,2333,16094,0,0,0,104.5
2026-06-20T07:15:07+07:00,ok,3313,2333,16094,0,0,0,102.4
2026-06-20T07:15:18+07:00,ok,3313,2333,16094,0,0,0,99.9
2026-06-20T07:15:29+07:00,ok,3313,2333,16094,0,0,0,104.7
2026-06-20T07:15:40+07:00,ok,3324,2344,16141,11,11,47,97.0
2026-06-20T07:15:51+07:00,ok,3324,2344,16141,0,0,0,97.6
2026-06-20T07:16:02+07:00,ok,3324,2344,16141,0,0,0,90.5
2026-06-20T07:16:13+07:00,ok,3324,2344,16141,0,0,0,94.8
2026-06-20T07:16:24+07:00,ok,3324,2344,16141,0,0,0,98.7
2026-06-20T07:16:34+07:00,ok,3324,2344,16141,0,0,0,106.0
2026-06-20T07:16:45+07:00,ok,3337,2347,16194,13,3,53,96.4
2026-06-20T07:16:56+07:00,ok,3337,2347,16194,0,0,0,94.0
2026-06-20T07:17:07+07:00,ok,3337,2347,16194,0,0,0,92.3
2026-06-20T07:17:18+07:00,ok,3337,2347,16194,0,0,0,110.8
2026-06-20T07:17:29+07:00,ok,3337,2347,16194,0,0,0,94.1
2026-06-20T07:17:40+07:00,ok,3347,2351,16253,10,4,59,95.7
2026-06-20T07:17:51+07:00,ok,3347,2351,16253,0,0,0,98.3
2026-06-20T07:18:02+07:00,ok,3347,2351,16253,0,0,0,96.3
2026-06-20T07:18:13+07:00,ok,3347,2351,16253,0,0,0,99.3
2026-06-20T07:18:24+07:00,ok,3347,2351,16253,0,0,0,103.4
2026-06-20T07:18:35+07:00,ok,3347,2351,16253,0,0,0,96.7
2026-06-20T07:18:45+07:00,ok,3358,2361,16295,11,10,42,112.4
2026-06-20T07:18:56+07:00,ok,3358,2361,16295,0,0,0,95.1
2026-06-20T07:19:07+07:00,ok,3358,2361,16295,0,0,0,98.2
2026-06-20T07:19:18+07:00,ok,3358,2361,16295,0,0,0,97.5
2026-06-20T07:19:29+07:00,ok,3358,2361,16295,0,0,0,95.0
2026-06-20T07:19:40+07:00,ok,3370,2364,16339,12,3,44,95.4
2026-06-20T07:19:51+07:00,ok,3370,2364,16339,0,0,0,98.4
2026-06-20T07:20:02+07:00,ok,3370,2364,16339,0,0,0,98.5
2026-06-20T07:20:13+07:00,ok,3370,2364,16339,0,0,0,94.7
2026-06-20T07:20:24+07:00,ok,3370,2364,16339,0,0,0,92.0
2026-06-20T07:20:35+07:00,ok,3370,2364,16339,0,0,0,95.7
2026-06-20T07:20:46+07:00,ok,3380,2375,16371,10,11,32,92.9
2026-06-20T07:20:57+07:00,ok,3380,2375,16371,0,0,0,109.1
2026-06-20T07:21:08+07:00,ok,3380,2375,16371,0,0,0,115.8
2026-06-20T07:21:19+07:00,ok,3380,2375,16371,0,0,0,121.6
2026-06-20T07:21:30+07:00,ok,3380,2375,16371,0,0,0,115.0
2026-06-20T07:21:41+07:00,ok,3385,2379,16428,5,4,57,134.3
2026-06-20T07:21:52+07:00,ok,3385,2379,16428,0,0,0,90.6
2026-06-20T07:22:03+07:00,ok,3385,2379,16428,0,0,0,99.4
2026-06-20T07:22:14+07:00,ok,3385,2379,16428,0,0,0,100.4
2026-06-20T07:22:25+07:00,ok,3385,2379,16428,0,0,0,92.5
2026-06-20T07:22:36+07:00,ok,3385,2379,16428,0,0,0,96.3
2026-06-20T07:22:47+07:00,ok,3398,2388,16457,13,9,29,97.8
2026-06-20T07:22:58+07:00,ok,3398,2388,16457,0,0,0,95.1
2026-06-20T07:23:08+07:00,ok,3398,2388,16457,0,0,0,143.9
2026-06-20T07:23:20+07:00,ok,3398,2388,16457,0,0,0,98.3
2026-06-20T07:23:30+07:00,ok,3398,2388,16457,0,0,0,157.8
2026-06-20T07:23:42+07:00,ok,3408,2391,16522,10,3,65,109.0
2026-06-20T07:23:53+07:00,ok,3408,2391,16522,0,0,0,102.2
2026-06-20T07:24:04+07:00,ok,3408,2391,16522,0,0,0,99.8
2026-06-20T07:24:15+07:00,ok,3408,2391,16522,0,0,0,91.8
2026-06-20T07:24:25+07:00,ok,3408,2391,16522,0,0,0,106.3
2026-06-20T07:24:36+07:00,ok,3408,2391,16522,0,0,0,90.2
2026-06-20T07:24:47+07:00,ok,3418,2398,16567,10,7,45,96.6
2026-06-20T07:24:58+07:00,ok,3418,2398,16567,0,0,0,104.7
2026-06-20T07:25:09+07:00,ok,3418,2398,16567,0,0,0,119.6
2026-06-20T07:25:20+07:00,ok,3418,2398,16567,0,0,0,94.1
2026-06-20T07:25:31+07:00,ok,3418,2398,16567,0,0,0,100.9
2026-06-20T07:25:42+07:00,ok,3431,2403,16614,13,5,47,99.4
2026-06-20T07:25:53+07:00,ok,3431,2403,16614,0,0,0,95.6
2026-06-20T07:26:04+07:00,ok,3431,2403,16614,0,0,0,91.7
2026-06-20T07:26:15+07:00,ok,3431,2403,16614,0,0,0,98.3
2026-06-20T07:26:26+07:00,ok,3431,2403,16614,0,0,0,105.9
2026-06-20T07:26:37+07:00,ok,3431,2403,16614,0,0,0,157.2
2026-06-20T07:26:48+07:00,ok,3439,2408,16655,8,5,41,101.2
2026-06-20T07:26:59+07:00,ok,3439,2408,16655,0,0,0,100.6
2026-06-20T07:27:10+07:00,ok,3439,2408,16655,0,0,0,96.4
2026-06-20T07:27:21+07:00,ok,3439,2408,16655,0,0,0,93.2
2026-06-20T07:27:32+07:00,ok,3439,2408,16655,0,0,0,91.9
2026-06-20T07:27:42+07:00,ok,3451,2414,16698,12,6,43,110.7
2026-06-20T07:27:53+07:00,ok,3451,2414,16698,0,0,0,91.4
2026-06-20T07:28:04+07:00,ok,3451,2414,16698,0,0,0,108.0
2026-06-20T07:28:15+07:00,ok,3451,2414,16698,0,0,0,91.9
2026-06-20T07:28:26+07:00,ok,3451,2414,16698,0,0,0,96.1
2026-06-20T07:28:37+07:00,ok,3451,2414,16698,0,0,0,92.2
2026-06-20T07:28:48+07:00,ok,3460,2425,16758,9,11,60,96.4
2026-06-20T07:28:59+07:00,ok,3460,2425,16758,0,0,0,109.9
2026-06-20T07:29:10+07:00,ok,3460,2425,16758,0,0,0,94.1
2026-06-20T07:29:21+07:00,ok,3460,2425,16758,0,0,0,94.4
2026-06-20T07:29:32+07:00,ok,3460,2425,16758,0,0,0,97.7
2026-06-20T07:29:43+07:00,ok,3469,2434,16805,9,9,47,94.8
2026-06-20T07:29:53+07:00,ok,3469,2434,16805,0,0,0,125.8
2026-06-20T07:30:04+07:00,ok,3469,2434,16805,0,0,0,106.7
2026-06-20T07:30:15+07:00,ok,3469,2434,16805,0,0,0,102.2
2026-06-20T07:30:26+07:00,ok,3469,2434,16805,0,0,0,96.6
2026-06-20T07:30:37+07:00,ok,3469,2434,16805,0,0,0,94.5
2026-06-20T07:30:48+07:00,ok,3485,2442,16843,16,8,38,94.4
2026-06-20T07:30:59+07:00,ok,3485,2442,16843,0,0,0,92.0
2026-06-20T07:31:10+07:00,ok,3485,2442,16843,0,0,0,122.0
2026-06-20T07:31:21+07:00,ok,3485,2442,16843,0,0,0,101.1
2026-06-20T07:31:32+07:00,ok,3485,2442,16843,0,0,0,98.9
2026-06-20T07:31:43+07:00,ok,3500,2452,16887,15,10,44,100.3
2026-06-20T07:31:54+07:00,ok,3500,2452,16887,0,0,0,109.5
2026-06-20T07:32:05+07:00,ok,3500,2452,16887,0,0,0,93.3
2026-06-20T07:32:16+07:00,ok,3500,2452,16887,0,0,0,98.5
2026-06-20T07:32:27+07:00,ok,3500,2452,16887,0,0,0,96.3
2026-06-20T07:32:38+07:00,ok,3500,2452,16887,0,0,0,101.8
2026-06-20T07:32:48+07:00,ok,3506,2458,16918,6,6,31,108.3
2026-06-20T07:32:59+07:00,ok,3506,2458,16918,0,0,0,90.4
2026-06-20T07:33:10+07:00,ok,3506,2458,16918,0,0,0,94.9
2026-06-20T07:33:21+07:00,ok,3506,2458,16918,0,0,0,98.2
2026-06-20T07:33:32+07:00,ok,3506,2458,16918,0,0,0,96.0
2026-06-20T07:33:43+07:00,ok,3517,2465,16953,11,7,35,94.9
2026-06-20T07:33:54+07:00,ok,3517,2465,16953,0,0,0,93.5
2026-06-20T07:34:05+07:00,ok,3517,2465,16953,0,0,0,100.4
2026-06-20T07:34:16+07:00,ok,3517,2465,16953,0,0,0,91.9
2026-06-20T07:34:27+07:00,ok,3517,2465,16953,0,0,0,107.9
2026-06-20T07:34:38+07:00,ok,3517,2465,16953,0,0,0,121.8
2026-06-20T07:34:49+07:00,ok,3530,2474,16987,13,9,34,94.3
2026-06-20T07:35:00+07:00,ok,3530,2474,16987,0,0,0,97.3
2026-06-20T07:35:11+07:00,ok,3530,2474,16987,0,0,0,175.0
2026-06-20T07:35:22+07:00,ok,3530,2474,16987,0,0,0,116.5
2026-06-20T07:35:33+07:00,ok,3530,2474,16987,0,0,0,107.6
2026-06-20T07:35:44+07:00,ok,3536,2477,17034,6,3,47,105.0
2026-06-20T07:35:55+07:00,ok,3536,2477,17034,0,0,0,104.8
2026-06-20T07:36:06+07:00,ok,3536,2477,17034,0,0,0,95.6
2026-06-20T07:36:17+07:00,ok,3536,2477,17034,0,0,0,94.7
2026-06-20T07:36:28+07:00,ok,3536,2477,17034,0,0,0,97.2
2026-06-20T07:36:38+07:00,ok,3536,2477,17034,0,0,0,104.5
2026-06-20T07:36:49+07:00,ok,3543,2482,17082,7,5,48,95.7
2026-06-20T07:37:00+07:00,ok,3543,2482,17082,0,0,0,93.6
2026-06-20T07:37:11+07:00,ok,3543,2482,17082,0,0,0,95.7
2026-06-20T07:37:22+07:00,ok,3543,2482,17082,0,0,0,97.9
2026-06-20T07:37:33+07:00,ok,3543,2482,17082,0,0,0,94.9
2026-06-20T07:37:44+07:00,ok,3559,2487,17114,16,5,32,99.1
2026-06-20T07:37:55+07:00,ok,3559,2487,17114,0,0,0,124.2
2026-06-20T07:38:06+07:00,ok,3559,2487,17114,0,0,0,105.6
2026-06-20T07:38:17+07:00,ok,3559,2487,17114,0,0,0,108.1
2026-06-20T07:38:28+07:00,ok,3559,2487,17114,0,0,0,107.0
2026-06-20T07:38:39+07:00,ok,3559,2487,17114,0,0,0,116.2
2026-06-20T07:38:50+07:00,ok,3572,2494,17159,13,7,45,107.1
2026-06-20T07:39:01+07:00,ok,3572,2494,17159,0,0,0,108.3
2026-06-20T07:39:12+07:00,ok,3572,2494,17159,0,0,0,108.0
2026-06-20T07:39:23+07:00,ok,3572,2494,17159,0,0,0,130.2
2026-06-20T07:39:35+07:00,ok,3572,2494,17159,0,0,0,111.9
2026-06-20T07:39:46+07:00,ok,3585,2498,17190,13,4,31,109.3
2026-06-20T07:39:57+07:00,ok,3585,2498,17190,0,0,0,119.2
2026-06-20T07:40:08+07:00,ok,3585,2498,17190,0,0,0,116.4
2026-06-20T07:40:19+07:00,ok,3585,2498,17190,0,0,0,132.2
2026-06-20T07:40:30+07:00,ok,3585,2498,17190,0,0,0,108.1
2026-06-20T07:40:41+07:00,ok,3585,2498,17190,0,0,0,104.5
2026-06-20T07:40:52+07:00,ok,3596,2506,17244,11,8,54,130.0
2026-06-20T07:41:03+07:00,ok,3596,2506,17244,0,0,0,133.4
2026-06-20T07:41:15+07:00,ok,3596,2506,17244,0,0,0,112.5
2026-06-20T07:41:26+07:00,ok,3596,2506,17244,0,0,0,151.9
2026-06-20T07:41:37+07:00,ok,3596,2506,17244,0,0,0,166.0
2026-06-20T07:41:48+07:00,ok,3607,2509,17274,11,3,30,133.9
2026-06-20T07:41:59+07:00,ok,3607,2509,17274,0,0,0,109.3
2026-06-20T07:42:10+07:00,ok,3607,2509,17274,0,0,0,106.0
2026-06-20T07:42:21+07:00,ok,3607,2509,17274,0,0,0,112.2
2026-06-20T07:42:32+07:00,ok,3607,2509,17274,0,0,0,107.9
2026-06-20T07:42:43+07:00,ok,3615,2513,17306,8,4,32,122.9
2026-06-20T07:42:55+07:00,ok,3615,2513,17306,0,0,0,167.4
2026-06-20T07:43:06+07:00,ok,3615,2513,17306,0,0,0,209.3
2026-06-20T07:43:17+07:00,ok,3615,2513,17306,0,0,0,223.5
2026-06-20T07:43:30+07:00,ok,3615,2513,17306,0,0,0,106.0
2026-06-20T07:43:41+07:00,ok,3615,2513,17306,0,0,0,118.2
2026-06-20T07:43:52+07:00,ok,3626,2524,17352,11,11,46,122.5
2026-06-20T07:44:04+07:00,ok,3626,2524,17352,0,0,0,111.2
2026-06-20T07:44:15+07:00,ok,3626,2524,17352,0,0,0,110.1
2026-06-20T07:44:26+07:00,ok,3626,2524,17352,0,0,0,105.2
2026-06-20T07:44:37+07:00,ok,3626,2524,17352,0,0,0,121.4
2026-06-20T07:44:48+07:00,ok,3634,2532,17402,8,8,50,110.2
2026-06-20T07:44:59+07:00,ok,3634,2532,17402,0,0,0,132.6
2026-06-20T07:45:11+07:00,ok,3634,2532,17402,0,0,0,174.8
2026-06-20T07:45:22+07:00,ok,3634,2532,17402,0,0,0,130.5
2026-06-20T07:45:33+07:00,ok,3634,2532,17402,0,0,0,105.4
2026-06-20T07:45:44+07:00,ok,3643,2541,17463,9,9,61,105.2
2026-06-20T07:45:55+07:00,ok,3643,2541,17463,0,0,0,105.2
2026-06-20T07:46:06+07:00,ok,3643,2541,17463,0,0,0,112.4
2026-06-20T07:46:17+07:00,ok,3643,2541,17463,0,0,0,109.3
2026-06-20T07:46:28+07:00,ok,3643,2541,17463,0,0,0,106.4
2026-06-20T07:46:39+07:00,ok,3643,2541,17463,0,0,0,120.3
2026-06-20T07:46:50+07:00,ok,3651,2549,17516,8,8,53,107.5
2026-06-20T07:47:01+07:00,ok,3651,2549,17516,0,0,0,104.1
2026-06-20T07:47:12+07:00,ok,3651,2549,17516,0,0,0,157.5
2026-06-20T07:47:24+07:00,ok,3651,2549,17516,0,0,0,116.2
2026-06-20T07:47:35+07:00,ok,3651,2549,17516,0,0,0,108.5
2026-06-20T07:47:46+07:00,ok,3663,2559,17553,12,10,37,110.7
2026-06-20T07:47:57+07:00,ok,3663,2559,17553,0,0,0,116.4
2026-06-20T07:48:08+07:00,ok,3663,2559,17553,0,0,0,112.6
2026-06-20T07:48:19+07:00,ok,3663,2559,17553,0,0,0,113.5
2026-06-20T07:48:30+07:00,ok,3663,2559,17553,0,0,0,169.7
2026-06-20T07:48:42+07:00,ok,3663,2559,17553,0,0,0,130.4
2026-06-20T07:48:53+07:00,ok,3671,2567,17620,8,8,67,149.7
2026-06-20T07:49:04+07:00,ok,3671,2567,17620,0,0,0,131.4
2026-06-20T07:49:15+07:00,ok,3671,2567,17620,0,0,0,113.0
2026-06-20T07:49:26+07:00,ok,3671,2567,17620,0,0,0,110.2
2026-06-20T07:49:37+07:00,ok,3671,2567,17620,0,0,0,100.8
2026-06-20T07:49:48+07:00,ok,3685,2574,17652,14,7,32,105.7
2026-06-20T07:49:59+07:00,ok,3685,2574,17652,0,0,0,110.1
2026-06-20T07:50:10+07:00,ok,3685,2574,17652,0,0,0,116.6
2026-06-20T07:50:21+07:00,ok,3685,2574,17652,0,0,0,189.7
2026-06-20T07:50:33+07:00,ok,3685,2574,17652,0,0,0,111.1
2026-06-20T07:50:44+07:00,ok,3696,2579,17692,11,5,40,132.8
2026-06-20T07:50:56+07:00,ok,3696,2579,17692,0,0,0,115.1
2026-06-20T07:51:07+07:00,ok,3696,2579,17692,0,0,0,141.7
2026-06-20T07:51:18+07:00,ok,3696,2579,17692,0,0,0,161.3
2026-06-20T07:51:29+07:00,ok,3696,2579,17692,0,0,0,161.9
2026-06-20T07:51:41+07:00,ok,3696,2579,17692,0,0,0,165.4
2026-06-20T07:51:52+07:00,ok,3712,2588,17727,16,9,35,182.7
2026-06-20T07:52:03+07:00,ok,3712,2588,17727,0,0,0,109.7
2026-06-20T07:52:14+07:00,ok,3712,2588,17727,0,0,0,107.2
2026-06-20T07:52:25+07:00,ok,3712,2588,17727,0,0,0,115.0
2026-06-20T07:52:36+07:00,ok,3712,2588,17727,0,0,0,115.4
2026-06-20T07:52:47+07:00,ok,3724,2593,17755,12,5,28,108.1
2026-06-20T07:52:58+07:00,ok,3724,2593,17755,0,0,0,111.9
2026-06-20T07:53:09+07:00,ok,3724,2593,17755,0,0,0,124.0
2026-06-20T07:53:21+07:00,ok,3724,2593,17755,0,0,0,136.8
2026-06-20T07:53:32+07:00,ok,3724,2593,17755,0,0,0,123.5
2026-06-20T07:53:43+07:00,ok,3724,2593,17755,0,0,0,111.1
2026-06-20T07:53:54+07:00,ok,3731,2601,17789,7,8,34,107.7
2026-06-20T07:54:05+07:00,ok,3731,2601,17789,0,0,0,108.1
2026-06-20T07:54:16+07:00,ok,3731,2601,17789,0,0,0,114.6
2026-06-20T07:54:27+07:00,ok,3731,2601,17789,0,0,0,116.9
2026-06-20T07:54:38+07:00,ok,3731,2601,17789,0,0,0,114.4
2026-06-20T07:54:49+07:00,ok,3737,2609,17822,6,8,33,126.6
2026-06-20T07:55:01+07:00,ok,3737,2609,17822,0,0,0,109.5
2026-06-20T07:55:12+07:00,ok,3737,2609,17822,0,0,0,111.5
2026-06-20T07:55:23+07:00,ok,3737,2609,17822,0,0,0,142.8
2026-06-20T07:55:34+07:00,ok,3737,2609,17822,0,0,0,169.3
2026-06-20T07:55:45+07:00,ok,3751,2616,17870,14,7,48,111.6
2026-06-20T07:55:56+07:00,ok,3751,2616,17870,0,0,0,121.9
2026-06-20T07:56:08+07:00,ok,3751,2616,17870,0,0,0,112.3
2026-06-20T07:56:19+07:00,ok,3751,2616,17870,0,0,0,112.6
2026-06-20T07:56:30+07:00,ok,3751,2616,17870,0,0,0,120.5
2026-06-20T07:56:41+07:00,ok,3751,2616,17870,0,0,0,122.0
2026-06-20T07:56:52+07:00,ok,3760,2621,17901,9,5,31,119.3
2026-06-20T07:57:03+07:00,ok,3760,2621,17901,0,0,0,111.0
2026-06-20T07:57:14+07:00,ok,3760,2621,17901,0,0,0,118.6
2026-06-20T07:57:25+07:00,ok,3760,2621,17901,0,0,0,112.7
2026-06-20T07:57:36+07:00,ok,3760,2621,17901,0,0,0,106.5
2026-06-20T07:57:47+07:00,ok,3767,2625,17955,7,4,54,112.1
2026-06-20T07:57:58+07:00,ok,3767,2625,17955,0,0,0,113.1
2026-06-20T07:58:09+07:00,ok,3767,2625,17955,0,0,0,123.1
2026-06-20T07:58:21+07:00,ok,3767,2625,17955,0,0,0,111.5
2026-06-20T07:58:32+07:00,ok,3767,2625,17955,0,0,0,132.0
2026-06-20T07:58:43+07:00,ok,3767,2625,17955,0,0,0,112.7
2026-06-20T07:58:54+07:00,ok,3783,2631,18023,16,6,68,125.0
2026-06-20T07:59:05+07:00,ok,3783,2631,18023,0,0,0,111.9
2026-06-20T07:59:16+07:00,ok,3783,2631,18023,0,0,0,115.2
2026-06-20T07:59:27+07:00,ok,3783,2631,18023,0,0,0,122.3
2026-06-20T07:59:38+07:00,ok,3783,2631,18023,0,0,0,121.0
2026-06-20T07:59:49+07:00,ok,3794,2642,18065,11,11,42,105.6
2026-06-20T08:00:00+07:00,ok,3794,2642,18065,0,0,0,117.3
2026-06-20T08:00:11+07:00,ok,3794,2642,18065,0,0,0,124.7
2026-06-20T08:00:22+07:00,ok,3794,2642,18065,0,0,0,176.7
2026-06-20T08:00:34+07:00,ok,3794,2642,18065,0,0,0,120.5
2026-06-20T08:00:45+07:00,ok,3794,2642,18065,0,0,0,157.2
2026-06-20T08:00:56+07:00,ok,3801,2645,18127,7,3,62,139.7
2026-06-20T08:01:07+07:00,ok,3801,2645,18127,0,0,0,160.7
2026-06-20T08:01:18+07:00,ok,3801,2645,18127,0,0,0,133.5
2026-06-20T08:01:29+07:00,ok,3801,2645,18127,0,0,0,143.4
2026-06-20T08:01:41+07:00,ok,3801,2645,18127,0,0,0,122.3
2026-06-20T08:01:52+07:00,ok,3815,2648,18183,14,3,56,119.6
2026-06-20T08:02:03+07:00,ok,3815,2648,18183,0,0,0,110.8
2026-06-20T08:02:14+07:00,ok,3815,2648,18183,0,0,0,118.6
2026-06-20T08:02:25+07:00,ok,3815,2648,18183,0,0,0,104.2
2026-06-20T08:02:36+07:00,ok,3815,2648,18183,0,0,0,110.3
2026-06-20T08:02:48+07:00,ok,3825,2654,18240,10,6,57,121.2
2026-06-20T08:02:59+07:00,ok,3825,2654,18240,0,0,0,116.6
2026-06-20T08:03:10+07:00,ok,3825,2654,18240,0,0,0,114.7
2026-06-20T08:03:21+07:00,ok,3825,2654,18240,0,0,0,127.6
2026-06-20T08:03:32+07:00,ok,3825,2654,18240,0,0,0,207.6
2026-06-20T08:03:44+07:00,ok,3825,2654,18240,0,0,0,154.6
2026-06-20T08:03:56+07:00,ok,3831,2662,18303,6,8,63,117.5
2026-06-20T08:04:07+07:00,ok,3831,2662,18303,0,0,0,170.1
2026-06-20T08:04:19+07:00,ok,3831,2662,18303,0,0,0,135.7
2026-06-20T08:04:30+07:00,ok,3831,2662,18303,0,0,0,121.6
2026-06-20T08:04:41+07:00,ok,3831,2662,18303,0,0,0,109.6
2026-06-20T08:04:52+07:00,ok,3840,2669,18362,9,7,59,136.2
2026-06-20T08:05:04+07:00,ok,3840,2669,18362,0,0,0,125.8
2026-06-20T08:05:15+07:00,ok,3840,2669,18362,0,0,0,126.9
2026-06-20T08:05:26+07:00,ok,3840,2669,18362,0,0,0,113.0
2026-06-20T08:05:37+07:00,ok,3840,2669,18362,0,0,0,111.5
2026-06-20T08:05:49+07:00,ok,3850,2675,18410,10,6,48,125.9
2026-06-20T08:06:00+07:00,ok,3850,2675,18410,0,0,0,121.2
2026-06-20T08:06:11+07:00,ok,3850,2675,18410,0,0,0,109.7
2026-06-20T08:06:23+07:00,ok,3850,2675,18410,0,0,0,147.1
2026-06-20T08:06:34+07:00,ok,3850,2675,18410,0,0,0,109.3
2026-06-20T08:06:45+07:00,ok,3850,2675,18410,0,0,0,126.7
2026-06-20T08:06:57+07:00,ok,3863,2681,18441,13,6,31,103.2
2026-06-20T08:07:08+07:00,ok,3863,2681,18441,0,0,0,109.4
2026-06-20T08:07:20+07:00,ok,3863,2681,18441,0,0,0,109.5
2026-06-20T08:07:31+07:00,ok,3863,2681,18441,0,0,0,112.0
2026-06-20T08:07:42+07:00,ok,3863,2681,18441,0,0,0,109.6
2026-06-20T08:07:53+07:00,ok,3876,2692,18505,13,11,64,105.7
2026-06-20T08:08:04+07:00,ok,3876,2692,18505,0,0,0,123.5
2026-06-20T08:08:16+07:00,ok,3876,2692,18505,0,0,0,112.3
2026-06-20T08:08:27+07:00,ok,3876,2692,18505,0,0,0,142.0
2026-06-20T08:08:38+07:00,ok,3876,2692,18505,0,0,0,111.1
2026-06-20T08:08:49+07:00,ok,3889,2699,18561,13,7,56,110.5
2026-06-20T08:09:00+07:00,ok,3889,2699,18561,0,0,0,127.8
2026-06-20T08:09:12+07:00,ok,3889,2699,18561,0,0,0,106.3
2026-06-20T08:09:23+07:00,ok,3889,2699,18561,0,0,0,142.0
2026-06-20T08:09:34+07:00,ok,3889,2699,18561,0,0,0,112.5
2026-06-20T08:09:45+07:00,ok,3889,2699,18561,0,0,0,109.5
2026-06-20T08:09:56+07:00,ok,3894,2709,18590,5,10,29,124.9
2026-06-20T08:10:08+07:00,ok,3894,2709,18590,0,0,0,193.1
2026-06-20T08:10:19+07:00,ok,3894,2709,18590,0,0,0,114.3
2026-06-20T08:10:30+07:00,ok,3894,2709,18590,0,0,0,107.5
2026-06-20T08:10:41+07:00,ok,3894,2709,18590,0,0,0,107.9
2026-06-20T08:10:52+07:00,ok,3906,2713,18639,12,4,49,125.1
2026-06-20T08:11:04+07:00,ok,3906,2713,18639,0,0,0,126.8
2026-06-20T08:11:15+07:00,ok,3906,2713,18639,0,0,0,124.3
2026-06-20T08:11:26+07:00,ok,3906,2713,18639,0,0,0,130.7
2026-06-20T08:11:37+07:00,ok,3906,2713,18639,0,0,0,108.8
2026-06-20T08:11:48+07:00,ok,3921,2722,18702,15,9,63,122.7
2026-06-20T08:11:59+07:00,ok,3921,2722,18702,0,0,0,109.0
2026-06-20T08:12:10+07:00,ok,3921,2722,18702,0,0,0,107.1
2026-06-20T08:12:21+07:00,ok,3921,2722,18702,0,0,0,123.3
2026-06-20T08:12:33+07:00,ok,3921,2722,18702,0,0,0,125.6
2026-06-20T08:12:44+07:00,ok,3921,2722,18702,0,0,0,108.0
2026-06-20T08:12:55+07:00,ok,3934,2726,18756,13,4,54,108.7
2026-06-20T08:13:06+07:00,ok,3934,2726,18756,0,0,0,108.3
2026-06-20T08:13:17+07:00,ok,3934,2726,18756,0,0,0,107.9
2026-06-20T08:13:28+07:00,ok,3934,2726,18756,0,0,0,107.2
2026-06-20T08:13:39+07:00,ok,3934,2726,18756,0,0,0,113.1
2026-06-20T08:13:50+07:00,ok,3950,2732,18795,16,6,39,107.9
2026-06-20T08:14:01+07:00,ok,3950,2732,18795,0,0,0,123.4
2026-06-20T08:14:12+07:00,ok,3950,2732,18795,0,0,0,108.5
2026-06-20T08:14:23+07:00,ok,3950,2732,18795,0,0,0,104.2
2026-06-20T08:14:34+07:00,ok,3950,2732,18795,0,0,0,106.7
2026-06-20T08:14:45+07:00,ok,3950,2732,18795,0,0,0,95.6
2026-06-20T08:14:56+07:00,ok,3965,2738,18861,15,6,66,98.2
2026-06-20T08:15:07+07:00,ok,3965,2738,18861,0,0,0,111.8
2026-06-20T08:15:18+07:00,ok,3965,2738,18861,0,0,0,104.1
2026-06-20T08:15:29+07:00,ok,3965,2738,18861,0,0,0,93.5
2026-06-20T08:15:40+07:00,ok,3965,2738,18861,0,0,0,92.7
2026-06-20T08:15:51+07:00,ok,3971,2741,18896,6,3,35,91.3
2026-06-20T08:16:02+07:00,ok,3971,2741,18896,0,0,0,97.0
2026-06-20T08:16:13+07:00,ok,3971,2741,18896,0,0,0,94.7
2026-06-20T08:16:24+07:00,ok,3971,2741,18896,0,0,0,97.8
2026-06-20T08:16:34+07:00,ok,3971,2741,18896,0,0,0,120.1
2026-06-20T08:16:45+07:00,ok,3971,2741,18896,0,0,0,121.1
2026-06-20T08:16:56+07:00,ok,3983,2745,18925,12,4,29,94.1
2026-06-20T08:17:07+07:00,ok,3983,2745,18925,0,0,0,98.5
2026-06-20T08:17:18+07:00,ok,3983,2745,18925,0,0,0,99.2
2026-06-20T08:17:29+07:00,ok,3983,2745,18925,0,0,0,126.6
2026-06-20T08:17:40+07:00,ok,3983,2745,18925,0,0,0,98.7
2026-06-20T08:17:51+07:00,ok,3994,2750,18982,11,5,57,97.1
2026-06-20T08:18:02+07:00,ok,3994,2750,18982,0,0,0,121.4
2026-06-20T08:18:13+07:00,ok,3994,2750,18982,0,0,0,133.8
2026-06-20T08:18:24+07:00,ok,3994,2750,18982,0,0,0,100.1
2026-06-20T08:18:35+07:00,ok,3994,2750,18982,0,0,0,115.2
2026-06-20T08:18:46+07:00,ok,3994,2750,18982,0,0,0,100.0
2026-06-20T08:18:57+07:00,ok,4005,2755,19018,11,5,36,104.5
2026-06-20T08:19:08+07:00,ok,4005,2755,19018,0,0,0,109.4
2026-06-20T08:19:19+07:00,ok,4005,2755,19018,0,0,0,109.2
2026-06-20T08:19:30+07:00,ok,4005,2755,19018,0,0,0,97.3
2026-06-20T08:19:41+07:00,ok,4005,2755,19018,0,0,0,100.5
2026-06-20T08:19:52+07:00,ok,4019,2759,19081,14,4,63,101.0
2026-06-20T08:20:02+07:00,ok,4019,2759,19081,0,0,0,99.1
2026-06-20T08:20:13+07:00,ok,4019,2759,19081,0,0,0,95.3
2026-06-20T08:20:24+07:00,ok,4019,2759,19081,0,0,0,101.9
2026-06-20T08:20:35+07:00,ok,4019,2759,19081,0,0,0,99.6
2026-06-20T08:20:46+07:00,ok,4019,2759,19081,0,0,0,94.9
2026-06-20T08:20:57+07:00,ok,4033,2767,19125,14,8,44,97.1
2026-06-20T08:21:08+07:00,ok,4033,2767,19125,0,0,0,94.0
2026-06-20T08:21:19+07:00,ok,4033,2767,19125,0,0,0,97.4
2026-06-20T08:21:30+07:00,ok,4033,2767,19125,0,0,0,169.6
2026-06-20T08:21:41+07:00,ok,4033,2767,19125,0,0,0,96.3
2026-06-20T08:21:52+07:00,ok,4043,2776,19184,10,9,59,94.7
2026-06-20T08:22:03+07:00,ok,4043,2776,19184,0,0,0,93.5
2026-06-20T08:22:14+07:00,ok,4043,2776,19184,0,0,0,95.7
2026-06-20T08:22:25+07:00,ok,4043,2776,19184,0,0,0,95.1
2026-06-20T08:22:36+07:00,ok,4043,2776,19184,0,0,0,108.8
2026-06-20T08:22:47+07:00,ok,4043,2776,19184,0,0,0,93.6
2026-06-20T08:22:58+07:00,ok,4049,2780,19242,6,4,58,99.5
2026-06-20T08:23:09+07:00,ok,4049,2780,19242,0,0,0,115.8
2026-06-20T08:23:20+07:00,ok,4049,2780,19242,0,0,0,110.8
2026-06-20T08:23:31+07:00,ok,4049,2780,19242,0,0,0,100.2
2026-06-20T08:23:42+07:00,ok,4049,2780,19242,0,0,0,98.5
2026-06-20T08:23:53+07:00,ok,4055,2788,19294,6,8,52,143.0
2026-06-20T08:24:04+07:00,ok,4055,2788,19294,0,0,0,98.6
2026-06-20T08:24:15+07:00,ok,4055,2788,19294,0,0,0,108.2
2026-06-20T08:24:26+07:00,ok,4055,2788,19294,0,0,0,95.9
2026-06-20T08:24:37+07:00,ok,4055,2788,19294,0,0,0,126.2
2026-06-20T08:24:48+07:00,ok,4055,2788,19294,0,0,0,99.9
2026-06-20T08:24:59+07:00,ok,4067,2797,19359,12,9,65,95.2
2026-06-20T08:25:10+07:00,ok,4067,2797,19359,0,0,0,93.2
2026-06-20T08:25:21+07:00,ok,4067,2797,19359,0,0,0,98.5
2026-06-20T08:25:32+07:00,ok,4067,2797,19359,0,0,0,99.4
2026-06-20T08:25:43+07:00,ok,4067,2797,19359,0,0,0,111.9
2026-06-20T08:25:54+07:00,ok,4071,2804,19418,4,7,59,105.5
2026-06-20T08:26:05+07:00,ok,4071,2804,19418,0,0,0,96.4
2026-06-20T08:26:16+07:00,ok,4071,2804,19418,0,0,0,96.9
2026-06-20T08:26:27+07:00,ok,4071,2804,19418,0,0,0,96.7
2026-06-20T08:26:38+07:00,ok,4071,2804,19418,0,0,0,102.8
2026-06-20T08:26:49+07:00,ok,4071,2804,19418,0,0,0,105.9
2026-06-20T08:27:00+07:00,ok,4079,2810,19474,8,6,56,105.7
2026-06-20T08:27:11+07:00,ok,4079,2810,19474,0,0,0,98.9
2026-06-20T08:27:22+07:00,ok,4079,2810,19474,0,0,0,100.7
2026-06-20T08:27:32+07:00,ok,4079,2810,19474,0,0,0,120.3
2026-06-20T08:27:43+07:00,ok,4079,2810,19474,0,0,0,164.4
2026-06-20T08:27:55+07:00,ok,4087,2816,19512,8,6,38,100.7
2026-06-20T08:28:06+07:00,ok,4087,2816,19512,0,0,0,88.8
2026-06-20T08:28:17+07:00,ok,4087,2816,19512,0,0,0,98.6
2026-06-20T08:28:28+07:00,ok,4087,2816,19512,0,0,0,106.5
2026-06-20T08:28:39+07:00,ok,4087,2816,19512,0,0,0,109.4
2026-06-20T08:28:50+07:00,ok,4087,2816,19512,0,0,0,123.5
2026-06-20T08:29:01+07:00,ok,4101,2824,19545,14,8,33,106.4
2026-06-20T08:29:12+07:00,ok,4101,2824,19545,0,0,0,101.7
2026-06-20T08:29:23+07:00,ok,4101,2824,19545,0,0,0,105.4
2026-06-20T08:29:34+07:00,ok,4101,2824,19545,0,0,0,94.7
2026-06-20T08:29:45+07:00,ok,4101,2824,19545,0,0,0,125.5
2026-06-20T08:29:55+07:00,ok,4111,2828,19584,10,4,39,106.2
2026-06-20T08:30:06+07:00,ok,4111,2828,19584,0,0,0,119.7
2026-06-20T08:30:17+07:00,ok,4111,2828,19584,0,0,0,95.6
2026-06-20T08:30:28+07:00,ok,4111,2828,19584,0,0,0,96.5
2026-06-20T08:30:39+07:00,ok,4111,2828,19584,0,0,0,100.8
2026-06-20T08:30:50+07:00,ok,4111,2828,19584,0,0,0,96.4
2026-06-20T08:31:01+07:00,ok,4117,2838,19616,6,10,32,96.5
2026-06-20T08:31:12+07:00,ok,4117,2838,19616,0,0,0,108.5
2026-06-20T08:31:23+07:00,ok,4117,2838,19616,0,0,0,95.1
2026-06-20T08:31:34+07:00,ok,4117,2838,19616,0,0,0,96.4
2026-06-20T08:31:45+07:00,ok,4117,2838,19616,0,0,0,100.1
2026-06-20T08:31:56+07:00,ok,4132,2849,19676,15,11,60,95.0
2026-06-20T08:32:07+07:00,ok,4132,2849,19676,0,0,0,115.6
2026-06-20T08:32:18+07:00,ok,4132,2849,19676,0,0,0,115.2
2026-06-20T08:32:29+07:00,ok,4132,2849,19676,0,0,0,139.3
2026-06-20T08:32:40+07:00,ok,4132,2849,19676,0,0,0,119.6
2026-06-20T08:32:51+07:00,ok,4132,2849,19676,0,0,0,116.2
2026-06-20T08:33:02+07:00,ok,4142,2852,19733,10,3,57,108.4
2026-06-20T08:33:13+07:00,ok,4142,2852,19733,0,0,0,108.6
2026-06-20T08:33:24+07:00,ok,4142,2852,19733,0,0,0,103.0
2026-06-20T08:33:35+07:00,ok,4142,2852,19733,0,0,0,101.7
2026-06-20T08:33:46+07:00,ok,4142,2852,19733,0,0,0,99.1
2026-06-20T08:33:57+07:00,ok,4145,2863,19792,3,11,59,100.0
2026-06-20T08:34:07+07:00,ok,4145,2863,19792,0,0,0,115.6
2026-06-20T08:34:18+07:00,ok,4145,2863,19792,0,0,0,108.5
2026-06-20T08:34:29+07:00,ok,4145,2863,19792,0,0,0,101.7
2026-06-20T08:34:40+07:00,ok,4145,2863,19792,0,0,0,93.6
2026-06-20T08:34:51+07:00,ok,4145,2863,19792,0,0,0,116.4
2026-06-20T08:35:02+07:00,ok,4154,2869,19835,9,6,43,94.0
2026-06-20T08:35:13+07:00,ok,4154,2869,19835,0,0,0,92.9
2026-06-20T08:35:24+07:00,ok,4154,2869,19835,0,0,0,95.2
2026-06-20T08:35:35+07:00,ok,4154,2869,19835,0,0,0,92.6
2026-06-20T08:35:46+07:00,ok,4154,2869,19835,0,0,0,97.2
2026-06-20T08:35:57+07:00,ok,4158,2879,19891,4,10,56,101.5
2026-06-20T08:36:08+07:00,ok,4158,2879,19891,0,0,0,92.0
2026-06-20T08:36:19+07:00,ok,4158,2879,19891,0,0,0,96.8
2026-06-20T08:36:30+07:00,ok,4158,2879,19891,0,0,0,94.0
2026-06-20T08:36:41+07:00,ok,4158,2879,19891,0,0,0,93.8
2026-06-20T08:36:52+07:00,ok,4158,2879,19891,0,0,0,121.0
2026-06-20T08:37:03+07:00,ok,4164,2885,19956,6,6,65,106.2
2026-06-20T08:37:14+07:00,ok,4164,2885,19956,0,0,0,102.7
2026-06-20T08:37:25+07:00,ok,4164,2885,19956,0,0,0,100.7
2026-06-20T08:37:36+07:00,ok,4164,2885,19956,0,0,0,96.5
2026-06-20T08:37:46+07:00,ok,4164,2885,19956,0,0,0,109.3
2026-06-20T08:37:57+07:00,ok,4176,2890,20021,12,5,65,111.7
2026-06-20T08:38:08+07:00,ok,4176,2890,20021,0,0,0,123.8
2026-06-20T08:38:20+07:00,ok,4176,2890,20021,0,0,0,112.8
2026-06-20T08:38:31+07:00,ok,4176,2890,20021,0,0,0,112.0
2026-06-20T08:38:42+07:00,ok,4176,2890,20021,0,0,0,113.9
2026-06-20T08:38:53+07:00,ok,4176,2890,20021,0,0,0,124.2
2026-06-20T08:39:04+07:00,ok,4186,2894,20067,10,4,46,145.6
2026-06-20T08:39:15+07:00,ok,4186,2894,20067,0,0,0,110.3
2026-06-20T08:39:26+07:00,ok,4186,2894,20067,0,0,0,109.5
2026-06-20T08:39:38+07:00,ok,4186,2894,20067,0,0,0,138.9
2026-06-20T08:39:49+07:00,ok,4186,2894,20067,0,0,0,106.4
2026-06-20T08:40:00+07:00,ok,4201,2904,20105,15,10,38,111.7
2026-06-20T08:40:11+07:00,ok,4201,2904,20105,0,0,0,109.0
2026-06-20T08:40:22+07:00,ok,4201,2904,20105,0,0,0,130.5
2026-06-20T08:40:34+07:00,ok,4201,2904,20105,0,0,0,144.8
2026-06-20T08:40:45+07:00,ok,4201,2904,20105,0,0,0,124.1
2026-06-20T08:40:56+07:00,ok,4210,2914,20172,9,10,67,122.3
2026-06-20T08:41:07+07:00,ok,4210,2914,20172,0,0,0,117.2
2026-06-20T08:41:18+07:00,ok,4210,2914,20172,0,0,0,109.5
2026-06-20T08:41:29+07:00,ok,4210,2914,20172,0,0,0,108.1
2026-06-20T08:41:40+07:00,ok,4210,2914,20172,0,0,0,110.9
2026-06-20T08:41:51+07:00,ok,4210,2914,20172,0,0,0,107.6
2026-06-20T08:42:02+07:00,ok,4217,2922,20223,7,8,51,114.2
2026-06-20T08:42:13+07:00,ok,4217,2922,20223,0,0,0,136.2
2026-06-20T08:42:25+07:00,ok,4217,2922,20223,0,0,0,165.6
2026-06-20T08:42:36+07:00,ok,4217,2922,20223,0,0,0,111.8
2026-06-20T08:42:47+07:00,ok,4217,2922,20223,0,0,0,110.6
2026-06-20T08:42:59+07:00,ok,4230,2930,20251,13,8,28,117.1
2026-06-20T08:43:10+07:00,ok,4230,2930,20251,0,0,0,131.6
2026-06-20T08:43:21+07:00,ok,4230,2930,20251,0,0,0,149.5
2026-06-20T08:43:32+07:00,ok,4230,2930,20251,0,0,0,126.7
2026-06-20T08:43:43+07:00,ok,4230,2930,20251,0,0,0,303.1
2026-06-20T08:43:55+07:00,ok,4243,2936,20284,13,6,33,131.1
2026-06-20T08:44:06+07:00,ok,4243,2936,20284,0,0,0,112.2
2026-06-20T08:44:17+07:00,ok,4243,2936,20284,0,0,0,151.8
2026-06-20T08:44:29+07:00,ok,4243,2936,20284,0,0,0,110.9
2026-06-20T08:44:40+07:00,ok,4243,2936,20284,0,0,0,121.0
2026-06-20T08:44:51+07:00,ok,4243,2936,20284,0,0,0,112.6
2026-06-20T08:45:02+07:00,ok,4251,2939,20341,8,3,57,110.3
2026-06-20T08:45:13+07:00,ok,4251,2939,20341,0,0,0,107.9
2026-06-20T08:45:24+07:00,ok,4251,2939,20341,0,0,0,102.6
2026-06-20T08:45:36+07:00,ok,4251,2939,20341,0,0,0,114.1
2026-06-20T08:45:47+07:00,ok,4251,2939,20341,0,0,0,110.5
2026-06-20T08:45:58+07:00,ok,4261,2944,20372,10,5,31,159.5
2026-06-20T08:46:09+07:00,ok,4261,2944,20372,0,0,0,116.1
2026-06-20T08:46:20+07:00,ok,4261,2944,20372,0,0,0,112.7
2026-06-20T08:46:31+07:00,ok,4261,2944,20372,0,0,0,121.6
2026-06-20T08:46:43+07:00,ok,4261,2944,20372,0,0,0,112.5
2026-06-20T08:46:54+07:00,ok,4261,2944,20372,0,0,0,152.4
2026-06-20T08:47:05+07:00,ok,4272,2950,20422,11,6,50,129.4
2026-06-20T08:47:16+07:00,ok,4272,2950,20422,0,0,0,107.0
2026-06-20T08:47:27+07:00,ok,4272,2950,20422,0,0,0,355.3
2026-06-20T08:47:39+07:00,ok,4272,2950,20422,0,0,0,105.9
2026-06-20T08:47:50+07:00,down,,,,,,,86.8
2026-06-20T08:48:01+07:00,down,,,,,,,20.6
2026-06-20T08:48:11+07:00,down,,,,,,,29.3
2026-06-20T08:48:21+07:00,down,,,,,,,30.4
2026-06-20T08:48:31+07:00,down,,,,,,,24.5
2026-06-20T08:48:41+07:00,down,,,,,,,55.3
2026-06-20T08:48:52+07:00,down,,,,,,,21.3
2026-06-20T08:49:42+07:00,down,,,,,,,21.6
2026-06-20T08:49:52+07:00,down,,,,,,,25.1
2026-06-20T08:50:02+07:00,down,,,,,,,25.0
2026-06-20T08:50:12+07:00,down,,,,,,,30.7
2026-06-20T08:50:22+07:00,down,,,,,,,22.8
2026-06-20T08:50:32+07:00,down,,,,,,,27.0
2026-06-20T08:50:42+07:00,ok,4283,2961,20484,0,0,0,242.0
2026-06-20T08:50:53+07:00,ok,4283,2961,20484,0,0,0,129.4
2026-06-20T08:51:05+07:00,ok,4283,2961,20484,0,0,0,107.8
2026-06-20T08:51:16+07:00,ok,4283,2961,12791,0,0,-7693,264.4
2026-06-20T08:51:27+07:00,ok,4283,2961,12791,0,0,0,108.4
2026-06-20T08:51:38+07:00,ok,4288,2964,12845,5,3,54,100.7
2026-06-20T08:51:49+07:00,ok,4288,2964,12845,0,0,0,139.0
2026-06-20T08:52:01+07:00,ok,4288,2964,12845,0,0,0,91.9
2026-06-20T08:52:12+07:00,ok,4288,2964,12845,0,0,0,98.7
2026-06-20T08:52:23+07:00,ok,4288,2964,8207,0,0,-4638,102.3
2026-06-20T08:52:34+07:00,ok,4288,2964,8207,0,0,0,95.9
2026-06-20T08:52:45+07:00,ok,4301,2971,8247,13,7,40,101.4
2026-06-20T08:52:56+07:00,ok,4301,2971,8247,0,0,0,89.9
2026-06-20T08:53:07+07:00,ok,4301,2971,8247,0,0,0,156.9
2026-06-20T08:53:18+07:00,ok,4301,2971,8247,0,0,0,122.2
2026-06-20T08:53:29+07:00,ok,4301,2971,8247,0,0,0,211.4
2026-06-20T08:53:41+07:00,ok,4307,2975,8307,6,4,60,98.6
2026-06-20T08:53:52+07:00,ok,4307,2975,8307,0,0,0,108.8
2026-06-20T08:54:05+07:00,ok,4307,2975,8307,0,0,0,434.8
2026-06-20T08:54:17+07:00,ok,4307,2975,8307,0,0,0,109.1
2026-06-20T08:54:28+07:00,ok,4307,2975,8307,0,0,0,114.1
2026-06-20T08:54:39+07:00,ok,4321,2979,8339,14,4,32,89.9
2026-06-20T08:54:50+07:00,ok,0,0,0,-4321,-2979,-8339,100.3
2026-06-20T08:55:01+07:00,ok,0,0,0,0,0,0,123.5
2026-06-20T08:55:12+07:00,ok,0,0,0,0,0,0,98.2
2026-06-20T08:55:23+07:00,ok,0,0,0,0,0,0,92.3
2026-06-20T08:55:34+07:00,ok,0,0,0,0,0,0,227.6
2026-06-20T08:55:46+07:00,ok,14,5,64,14,5,64,91.6
2026-06-20T08:55:58+07:00,ok,14,5,64,0,0,0,93.4
2026-06-20T08:56:09+07:00,ok,14,5,64,0,0,0,178.5
2026-06-20T08:56:20+07:00,ok,14,5,64,0,0,0,95.7
2026-06-20T08:56:31+07:00,ok,14,5,64,0,0,0,89.0
2026-06-20T08:56:42+07:00,ok,25,15,97,11,10,33,142.8
2026-06-20T08:56:55+07:00,ok,25,15,97,0,0,0,389.0
2026-06-20T08:57:22+07:00,ok,25,15,97,0,0,0,2727.6
2026-06-20T08:57:42+07:00,ok,34,25,148,9,10,51,1035.9
2026-06-20T08:58:01+07:00,ok,34,25,148,0,0,0,2324.7
2026-06-20T08:58:20+07:00,ok,34,25,148,0,0,0,2877.2
2026-06-20T08:58:46+07:00,ok,46,31,201,12,6,53,486.3
2026-06-20T08:59:04+07:00,ok,46,31,201,0,0,0,921.6
2026-06-20T08:59:46+07:00,error,,,,,,,26079.5
2026-06-20T09:01:12+07:00,ok,52,39,263,6,8,62,328.6
2026-06-20T09:01:27+07:00,ok,1356,948,6656,1304,909,6393,192.6
2026-06-20T09:01:39+07:00,ok,1356,948,6656,0,0,0,174.9
2026-06-20T09:01:50+07:00,ok,1356,948,6656,0,0,0,124.4
2026-06-20T09:02:01+07:00,down,,,,,,,35.1
2026-06-20T09:02:11+07:00,ok,1372,958,6721,0,0,0,114.9
2026-06-20T09:02:21+07:00,ok,1372,958,6721,0,0,0,400.7
2026-06-20T09:02:34+07:00,ok,1372,958,6721,0,0,0,111.7
2026-06-20T09:02:45+07:00,ok,1372,958,6721,0,0,0,109.1
2026-06-20T09:02:56+07:00,ok,1372,958,6721,0,0,0,102.1
2026-06-20T09:03:07+07:00,ok,1372,958,6721,0,0,0,97.3
2026-06-20T09:03:18+07:00,ok,1383,963,6754,11,5,33,91.2
2026-06-20T09:03:29+07:00,ok,1383,963,6754,0,0,0,96.3
2026-06-20T09:03:40+07:00,ok,1383,963,6754,0,0,0,105.4
2026-06-20T09:03:51+07:00,ok,1383,963,6754,0,0,0,115.4
2026-06-20T09:04:02+07:00,ok,0,0,0,-1383,-963,-6754,106.7
2026-06-20T09:04:14+07:00,ok,13,7,33,13,7,33,100.4
2026-06-20T09:04:25+07:00,ok,13,7,33,0,0,0,106.5
2026-06-20T09:04:36+07:00,ok,13,7,33,0,0,0,123.3
2026-06-20T09:04:47+07:00,ok,13,7,33,0,0,0,159.9
2026-06-20T09:04:59+07:00,ok,13,7,33,0,0,0,130.1
2026-06-20T09:05:10+07:00,ok,22,13,101,9,6,68,99.8
2026-06-20T09:05:21+07:00,ok,22,13,101,0,0,0,216.5
2026-06-20T09:05:32+07:00,ok,2786,1968,13460,2764,1955,13359,432.5
2026-06-20T09:05:45+07:00,ok,2786,1968,13460,0,0,0,154.1
2026-06-20T09:05:56+07:00,ok,2786,1968,13460,0,0,0,190.8
2026-06-20T09:06:07+07:00,ok,2786,1968,13460,0,0,0,148.2
2026-06-20T09:06:18+07:00,ok,2794,1977,13525,8,9,65,114.0
2026-06-20T09:06:28+07:00,ok,2794,1977,13525,0,0,0,149.0
2026-06-20T09:06:39+07:00,ok,2794,1977,13525,0,0,0,162.4
2026-06-20T09:06:50+07:00,ok,2794,1977,13525,0,0,0,97.6
2026-06-20T09:07:01+07:00,ok,2794,1977,13525,0,0,0,103.8
2026-06-20T09:07:12+07:00,ok,2800,1988,13590,6,11,65,96.8
2026-06-20T09:07:23+07:00,ok,0,0,0,-2800,-1988,-13590,110.4
2026-06-20T09:07:34+07:00,ok,0,0,0,0,0,0,109.0
2026-06-20T09:07:45+07:00,ok,0,0,0,0,0,0,112.4
2026-06-20T09:07:57+07:00,ok,0,0,0,0,0,0,114.1
2026-06-20T09:08:08+07:00,ok,0,0,0,0,0,0,111.8
2026-06-20T09:08:19+07:00,ok,11,9,69,11,9,69,126.0
2026-06-20T09:08:30+07:00,ok,11,9,69,0,0,0,134.3
2026-06-20T09:08:41+07:00,ok,11,9,69,0,0,0,122.8
2026-06-20T09:08:52+07:00,ok,11,9,69,0,0,0,150.0
2026-06-20T09:09:04+07:00,ok,11,9,69,0,0,0,103.5
2026-06-20T09:09:15+07:00,ok,16,17,105,5,8,36,148.6
2026-06-20T09:09:26+07:00,ok,16,17,105,0,0,0,198.4
2026-06-20T09:09:38+07:00,ok,16,17,105,0,0,0,106.0
2026-06-20T09:09:49+07:00,ok,16,17,105,0,0,0,130.3
2026-06-20T09:10:00+07:00,ok,16,17,105,0,0,0,113.4
2026-06-20T09:10:11+07:00,ok,16,17,105,0,0,0,106.7
2026-06-20T09:10:22+07:00,ok,23,25,132,7,8,27,139.5
2026-06-20T09:10:33+07:00,ok,23,25,132,0,0,0,106.9
2026-06-20T09:10:44+07:00,ok,23,25,132,0,0,0,116.3
2026-06-20T09:10:55+07:00,ok,23,25,132,0,0,0,105.3
2026-06-20T09:11:07+07:00,ok,23,25,132,0,0,0,115.1
2026-06-20T09:11:18+07:00,ok,33,36,167,10,11,35,109.9
2026-06-20T09:11:29+07:00,ok,33,36,167,0,0,0,115.8
2026-06-20T09:11:40+07:00,ok,33,36,167,0,0,0,123.0
2026-06-20T09:11:51+07:00,ok,33,36,167,0,0,0,103.3
2026-06-20T09:12:02+07:00,ok,33,36,167,0,0,0,112.7
2026-06-20T09:12:13+07:00,ok,46,42,225,13,6,58,106.4
2026-06-20T09:12:24+07:00,ok,46,42,225,0,0,0,120.5
2026-06-20T09:12:35+07:00,ok,46,42,225,0,0,0,107.6
2026-06-20T09:12:46+07:00,ok,46,42,225,0,0,0,105.8
2026-06-20T09:12:57+07:00,ok,46,42,225,0,0,0,121.4
2026-06-20T09:13:08+07:00,ok,46,42,225,0,0,0,103.7
2026-06-20T09:13:19+07:00,ok,53,49,275,7,7,50,123.9
2026-06-20T09:13:31+07:00,ok,53,49,275,0,0,0,117.4
2026-06-20T09:13:42+07:00,ok,53,49,275,0,0,0,120.2
2026-06-20T09:13:53+07:00,ok,53,49,275,0,0,0,113.8
2026-06-20T09:14:04+07:00,ok,53,49,275,0,0,0,99.4
2026-06-20T09:14:15+07:00,ok,59,58,329,6,9,54,102.9
2026-06-20T09:14:26+07:00,ok,59,58,329,0,0,0,109.0
2026-06-20T09:14:37+07:00,ok,59,58,329,0,0,0,102.5
2026-06-20T09:14:48+07:00,ok,59,58,329,0,0,0,93.1
2026-06-20T09:14:59+07:00,ok,59,58,329,0,0,0,101.2
2026-06-20T09:15:10+07:00,ok,59,58,329,0,0,0,106.6
2026-06-20T09:15:21+07:00,ok,68,64,367,9,6,38,95.1
2026-06-20T09:15:32+07:00,ok,68,64,367,0,0,0,96.7
2026-06-20T09:15:43+07:00,ok,68,64,367,0,0,0,108.4
2026-06-20T09:15:54+07:00,ok,68,64,367,0,0,0,178.6
2026-06-20T09:16:05+07:00,ok,68,64,367,0,0,0,367.9
2026-06-20T09:16:17+07:00,ok,3536,2477,17034,3468,2413,16667,258.7
2026-06-20T09:16:28+07:00,ok,4217,2922,20223,681,445,3189,125.2
2026-06-20T09:16:39+07:00,ok,4217,2922,20223,0,0,0,148.3
2026-06-20T09:16:50+07:00,ok,4217,2922,20223,0,0,0,136.3
2026-06-20T09:17:02+07:00,down,,,,,,,33.9
2026-06-20T09:17:12+07:00,ok,4226,2931,20270,0,0,0,102.3
2026-06-20T09:17:22+07:00,ok,4226,2931,20270,0,0,0,106.7
2026-06-20T09:17:33+07:00,ok,4226,2931,20270,0,0,0,133.4
2026-06-20T09:17:44+07:00,ok,4226,2931,20270,0,0,0,101.6
2026-06-20T09:17:55+07:00,ok,4226,2931,20270,0,0,0,88.6
2026-06-20T09:18:06+07:00,ok,4240,2939,20322,14,8,52,96.0
2026-06-20T09:18:17+07:00,ok,4240,2939,20322,0,0,0,93.4
2026-06-20T09:18:28+07:00,ok,4240,2939,20322,0,0,0,99.5
2026-06-20T09:18:39+07:00,ok,4240,2939,20322,0,0,0,93.7
2026-06-20T09:18:50+07:00,ok,4240,2939,20322,0,0,0,110.9
