timestamp,status,files_total,bytes_total,files_delta,bytes_delta,scan_latency_ms
2026-06-20T01:59:18+07:00,ok,56,1060364381,0,0,0.5
2026-06-20T01:59:29+07:00,ok,56,1060364381,0,0,0.5
2026-06-20T01:59:40+07:00,ok,56,1060364381,0,0,1.4
2026-06-20T01:59:51+07:00,ok,56,1060364381,0,0,0.7
2026-06-20T02:00:02+07:00,ok,56,1060707690,0,343309,0.7
2026-06-20T02:00:13+07:00,ok,56,1060707690,0,0,2.9
2026-06-20T02:00:24+07:00,ok,56,1060707690,0,0,0.8
2026-06-20T02:00:35+07:00,ok,56,1060707690,0,0,0.7
2026-06-20T02:00:46+07:00,ok,56,1060707690,0,0,0.5
2026-06-20T02:00:57+07:00,ok,56,1060707690,0,0,0.5
2026-06-20T02:01:08+07:00,ok,56,1060707690,0,0,0.5
2026-06-20T02:01:19+07:00,ok,56,1060707690,0,0,0.6
2026-06-20T02:01:30+07:00,ok,56,1060707690,0,0,0.8
2026-06-20T02:01:41+07:00,ok,56,1060707690,0,0,0.9
2026-06-20T02:01:52+07:00,ok,56,1060707690,0,0,0.5
2026-06-20T02:02:03+07:00,ok,56,1061045290,0,337600,0.7
2026-06-20T02:02:14+07:00,ok,56,1061045290,0,0,0.6
2026-06-20T02:02:25+07:00,ok,56,1061045290,0,0,0.6
2026-06-20T02:02:36+07:00,ok,56,1061045290,0,0,2.1
2026-06-20T02:02:47+07:00,ok,56,1061045290,0,0,0.7
2026-06-20T02:02:58+07:00,ok,56,1061045290,0,0,0.7
2026-06-20T02:03:09+07:00,ok,56,1061045290,0,0,0.5
2026-06-20T02:03:20+07:00,ok,56,1061045290,0,0,0.6
2026-06-20T02:03:31+07:00,ok,56,1061045290,0,0,0.6
2026-06-20T02:03:42+07:00,ok,56,1061045290,0,0,0.5
2026-06-20T02:03:53+07:00,ok,56,1061045290,0,0,0.8
2026-06-20T02:04:04+07:00,ok,57,1145267887,1,84222597,0.6
2026-06-20T02:04:15+07:00,ok,57,1145267887,0,0,1.4
2026-06-20T02:04:26+07:00,ok,57,1145267887,0,0,0.5
2026-06-20T02:04:37+07:00,ok,57,1145267887,0,0,0.7
2026-06-20T02:04:48+07:00,ok,57,1145267887,0,0,0.5
2026-06-20T02:04:59+07:00,ok,57,1145267887,0,0,3.7
2026-06-20T02:05:11+07:00,ok,57,1145267887,0,0,0.6
2026-06-20T02:05:23+07:00,ok,57,1145267887,0,0,0.5
2026-06-20T02:05:34+07:00,ok,57,1145267887,0,0,1.5
2026-06-20T02:05:45+07:00,ok,57,1145267887,0,0,1.0
2026-06-20T02:05:56+07:00,ok,57,1145267887,0,0,1.1
2026-06-20T02:06:08+07:00,ok,57,1145612614,0,344727,3.3
2026-06-20T02:06:19+07:00,ok,57,1145612614,0,0,0.8
2026-06-20T02:06:30+07:00,ok,57,1145612614,0,0,0.6
2026-06-20T02:06:41+07:00,ok,57,1145612614,0,0,0.6
2026-06-20T02:06:53+07:00,ok,57,1145612614,0,0,1.6
2026-06-20T02:07:04+07:00,ok,57,1145612614,0,0,0.7
2026-06-20T02:07:15+07:00,ok,57,1145612614,0,0,0.6
2026-06-20T02:07:26+07:00,ok,57,1145612614,0,0,0.6
2026-06-20T02:07:37+07:00,ok,57,1145612614,0,0,1.5
2026-06-20T02:07:48+07:00,ok,57,1145612614,0,0,0.6
2026-06-20T02:07:59+07:00,ok,57,1145612614,0,0,1.1
2026-06-20T02:08:11+07:00,ok,57,1145954464,0,341850,0.8
2026-06-20T02:08:22+07:00,ok,57,1145954464,0,0,0.6
2026-06-20T02:08:33+07:00,ok,57,1145954464,0,0,0.8
2026-06-20T02:08:44+07:00,ok,57,1145954464,0,0,1.6
2026-06-20T02:08:55+07:00,ok,57,1145954464,0,0,0.5
2026-06-20T02:09:06+07:00,ok,57,1145954464,0,0,0.8
2026-06-20T02:09:18+07:00,ok,57,1145954464,0,0,1.8
2026-06-20T02:09:29+07:00,ok,57,1145954464,0,0,0.9
2026-06-20T02:09:40+07:00,ok,57,1145954464,0,0,0.5
2026-06-20T02:09:51+07:00,ok,57,1145954464,0,0,1.7
2026-06-20T02:10:02+07:00,ok,58,1230185706,1,84231242,1.7
2026-06-20T02:10:13+07:00,ok,58,1230185706,0,0,0.6
2026-06-20T02:10:24+07:00,ok,58,1230185706,0,0,1.2
2026-06-20T02:10:35+07:00,ok,58,1230185706,0,0,1.0
2026-06-20T02:10:46+07:00,ok,58,1230185706,0,0,0.5
2026-06-20T02:10:57+07:00,ok,58,1230185706,0,0,1.1
2026-06-20T02:11:08+07:00,ok,58,1230185706,0,0,0.5
2026-06-20T02:11:19+07:00,ok,58,1230185706,0,0,0.7
2026-06-20T02:11:30+07:00,ok,58,1230185706,0,0,0.7
2026-06-20T02:11:41+07:00,ok,58,1230185706,0,0,0.7
2026-06-20T02:11:53+07:00,ok,58,1230185706,0,0,0.6
2026-06-20T02:12:04+07:00,ok,59,1230528478,1,342772,0.6
2026-06-20T02:12:15+07:00,ok,59,1230528478,0,0,1.9
2026-06-20T02:12:26+07:00,ok,59,1230528478,0,0,0.9
2026-06-20T02:12:37+07:00,ok,59,1230528478,0,0,0.9
2026-06-20T02:12:48+07:00,ok,59,1230528478,0,0,0.7
2026-06-20T02:12:59+07:00,ok,59,1230528478,0,0,1.8
2026-06-20T02:13:10+07:00,ok,59,1230528478,0,0,1.6
2026-06-20T02:13:21+07:00,ok,59,1230528478,0,0,0.6
2026-06-20T02:13:32+07:00,ok,59,1230528478,0,0,0.6
2026-06-20T02:13:43+07:00,ok,59,1230528478,0,0,0.7
2026-06-20T02:13:54+07:00,ok,59,1230528478,0,0,1.1
2026-06-20T02:14:05+07:00,ok,59,1230870708,0,342230,0.5
2026-06-20T02:14:16+07:00,ok,59,1230870708,0,0,0.6
2026-06-20T02:14:27+07:00,ok,59,1230870708,0,0,0.6
2026-06-20T02:14:38+07:00,ok,59,1230870708,0,0,0.8
2026-06-20T02:14:49+07:00,ok,59,1230870708,0,0,0.8
2026-06-20T02:15:00+07:00,ok,59,1230870708,0,0,0.8
2026-06-20T02:15:11+07:00,ok,59,1230870708,0,0,0.6
2026-06-20T02:15:22+07:00,ok,59,1230870708,0,0,0.5
2026-06-20T02:15:33+07:00,ok,59,1230870708,0,0,1.0
2026-06-20T02:15:44+07:00,ok,59,1230870708,0,0,0.8
2026-06-20T02:15:55+07:00,ok,59,1230870708,0,0,0.6
2026-06-20T02:16:06+07:00,ok,59,1231210192,0,339484,0.8
2026-06-20T02:16:17+07:00,ok,59,1231210192,0,0,0.6
2026-06-20T02:16:28+07:00,ok,59,1231210192,0,0,0.6
2026-06-20T02:16:39+07:00,ok,59,1231210192,0,0,0.7
2026-06-20T02:16:50+07:00,ok,59,1231210192,0,0,0.6
2026-06-20T02:17:01+07:00,ok,59,1231210192,0,0,0.6
2026-06-20T02:17:13+07:00,ok,59,1231210192,0,0,1.1
2026-06-20T02:17:24+07:00,ok,59,1231210192,0,0,1.0
2026-06-20T02:17:35+07:00,ok,59,1231210192,0,0,0.6
2026-06-20T02:17:46+07:00,ok,59,1231210192,0,0,1.1
2026-06-20T02:17:57+07:00,ok,59,1231210192,0,0,0.7
2026-06-20T02:18:08+07:00,ok,60,1315436973,1,84226781,0.9
2026-06-20T02:18:20+07:00,ok,60,1315436973,0,0,1.0
2026-06-20T02:18:31+07:00,ok,60,1315436973,0,0,0.7
2026-06-20T02:18:42+07:00,ok,60,1315436973,0,0,0.5
2026-06-20T02:18:53+07:00,ok,60,1315436973,0,0,0.9
2026-06-20T02:19:05+07:00,ok,60,1315436973,0,0,1.5
2026-06-20T02:19:16+07:00,ok,60,1315436973,0,0,6.8
2026-06-20T02:19:28+07:00,ok,60,1315436973,0,0,0.9
2026-06-20T02:19:39+07:00,ok,60,1315436973,0,0,0.7
2026-06-20T02:19:50+07:00,ok,60,1315436973,0,0,0.9
2026-06-20T02:20:01+07:00,ok,60,1315771550,0,334577,0.5
2026-06-20T02:20:12+07:00,ok,60,1315771550,0,0,0.5
2026-06-20T02:20:24+07:00,ok,60,1315771550,0,0,0.9
2026-06-20T02:20:35+07:00,ok,60,1315771550,0,0,1.9
2026-06-20T02:20:46+07:00,ok,60,1315771550,0,0,1.3
2026-06-20T02:20:57+07:00,ok,60,1315771550,0,0,0.6
2026-06-20T02:21:08+07:00,ok,60,1315771550,0,0,1.2
2026-06-20T02:21:19+07:00,ok,60,1315771550,0,0,0.6
2026-06-20T02:21:30+07:00,ok,60,1315771550,0,0,0.7
2026-06-20T02:21:42+07:00,ok,60,1315771550,0,0,0.7
2026-06-20T02:21:53+07:00,ok,60,1315771550,0,0,0.6
2026-06-20T02:22:04+07:00,ok,60,1316112326,0,340776,0.5
2026-06-20T02:22:15+07:00,ok,60,1316112326,0,0,0.7
2026-06-20T02:22:26+07:00,ok,60,1316112326,0,0,3.8
2026-06-20T02:22:37+07:00,ok,60,1316112326,0,0,1.6
2026-06-20T02:22:48+07:00,ok,60,1316112326,0,0,0.7
2026-06-20T02:22:59+07:00,ok,60,1316112326,0,0,0.5
2026-06-20T02:23:10+07:00,ok,60,1316112326,0,0,1.0
2026-06-20T02:23:21+07:00,ok,60,1316112326,0,0,0.7
2026-06-20T02:23:32+07:00,ok,60,1316112326,0,0,0.6
2026-06-20T02:23:43+07:00,ok,60,1316112326,0,0,0.5
2026-06-20T02:23:54+07:00,ok,60,1316112326,0,0,1.6
2026-06-20T02:24:05+07:00,ok,59,1284423976,-1,-31688350,0.7
2026-06-20T02:24:16+07:00,ok,59,1284423976,0,0,1.1
2026-06-20T02:24:27+07:00,ok,59,1284423976,0,0,0.8
2026-06-20T02:24:38+07:00,ok,59,1284423976,0,0,0.8
2026-06-20T02:24:49+07:00,ok,59,1284423976,0,0,0.8
2026-06-20T02:25:00+07:00,ok,59,1284423976,0,0,0.6
2026-06-20T02:25:11+07:00,ok,59,1284423976,0,0,0.6
2026-06-20T02:25:22+07:00,ok,59,1284423976,0,0,0.7
2026-06-20T02:25:33+07:00,ok,59,1284423976,0,0,0.6
2026-06-20T02:25:44+07:00,ok,59,1284423976,0,0,1.6
2026-06-20T02:25:55+07:00,ok,59,1284423976,0,0,0.5
2026-06-20T02:26:06+07:00,ok,59,1284767804,0,343828,0.6
2026-06-20T02:26:17+07:00,ok,59,1284767804,0,0,0.8
2026-06-20T02:26:28+07:00,ok,59,1284767804,0,0,0.7
2026-06-20T02:26:39+07:00,ok,59,1284767804,0,0,0.6
2026-06-20T02:26:50+07:00,ok,59,1284767804,0,0,0.5
2026-06-20T02:27:01+07:00,ok,59,1284767804,0,0,0.6
2026-06-20T02:27:12+07:00,ok,59,1284767804,0,0,0.5
2026-06-20T02:27:23+07:00,ok,59,1284767804,0,0,0.5
2026-06-20T02:27:34+07:00,ok,59,1284767804,0,0,0.5
2026-06-20T02:27:45+07:00,ok,59,1284767804,0,0,1.0
2026-06-20T02:27:56+07:00,ok,59,1284767804,0,0,0.5
2026-06-20T02:28:07+07:00,ok,59,1285106543,0,338739,1.1
2026-06-20T02:28:18+07:00,ok,59,1285106543,0,0,0.6
2026-06-20T02:28:29+07:00,ok,59,1285106543,0,0,0.5
2026-06-20T02:28:40+07:00,ok,59,1285106543,0,0,0.7
2026-06-20T02:28:51+07:00,ok,59,1285106543,0,0,0.7
2026-06-20T02:29:02+07:00,ok,59,1285106543,0,0,0.6
2026-06-20T02:29:13+07:00,ok,59,1285106543,0,0,0.6
2026-06-20T02:29:24+07:00,ok,59,1285106543,0,0,0.6
2026-06-20T02:29:35+07:00,ok,59,1285106543,0,0,0.6
2026-06-20T02:29:46+07:00,ok,59,1285106543,0,0,0.7
2026-06-20T02:29:57+07:00,ok,59,1285106543,0,0,0.5
2026-06-20T02:30:08+07:00,ok,59,1285449138,0,342595,0.6
2026-06-20T02:30:19+07:00,ok,59,1285449138,0,0,1.1
2026-06-20T02:30:30+07:00,ok,59,1285449138,0,0,2.9
2026-06-20T02:30:41+07:00,ok,59,1285449138,0,0,0.5
2026-06-20T02:30:52+07:00,ok,59,1285449138,0,0,1.5
2026-06-20T02:31:03+07:00,ok,59,1285449138,0,0,0.8
2026-06-20T02:31:14+07:00,ok,59,1285449138,0,0,0.9
2026-06-20T02:31:25+07:00,ok,59,1285449138,0,0,0.6
2026-06-20T02:31:36+07:00,ok,59,1285449138,0,0,0.5
2026-06-20T02:31:47+07:00,ok,59,1285449138,0,0,0.6
2026-06-20T02:31:58+07:00,ok,59,1285449138,0,0,4.8
2026-06-20T02:32:09+07:00,ok,60,1291037857,1,5588719,0.6
2026-06-20T02:32:20+07:00,ok,60,1291037857,0,0,0.5
2026-06-20T02:32:31+07:00,ok,60,1291037857,0,0,0.6
2026-06-20T02:32:42+07:00,ok,60,1291037857,0,0,0.9
2026-06-20T02:32:53+07:00,ok,60,1291037857,0,0,0.7
2026-06-20T02:33:04+07:00,ok,60,1291037857,0,0,0.9
2026-06-20T02:33:15+07:00,ok,60,1291037857,0,0,0.5
2026-06-20T02:33:26+07:00,ok,60,1291037857,0,0,1.5
2026-06-20T02:33:37+07:00,ok,60,1291037857,0,0,0.6
2026-06-20T02:33:48+07:00,ok,60,1291037857,0,0,4.1
2026-06-20T02:33:59+07:00,ok,60,1291037857,0,0,0.6
2026-06-20T02:34:10+07:00,ok,60,1291379751,0,341894,0.5
2026-06-20T02:34:21+07:00,ok,60,1291379751,0,0,0.6
2026-06-20T02:34:32+07:00,ok,60,1291379751,0,0,0.6
2026-06-20T02:34:43+07:00,ok,60,1291379751,0,0,2.1
2026-06-20T02:34:54+07:00,ok,60,1291379751,0,0,0.5
2026-06-20T02:35:05+07:00,ok,60,1291379751,0,0,0.6
2026-06-20T02:35:16+07:00,ok,60,1291379751,0,0,0.6
2026-06-20T02:35:27+07:00,ok,60,1291379751,0,0,0.5
2026-06-20T02:35:38+07:00,ok,60,1291379751,0,0,0.5
2026-06-20T02:35:49+07:00,ok,60,1291379751,0,0,0.6
2026-06-20T02:36:00+07:00,ok,60,1291379751,0,0,1.8
2026-06-20T02:36:10+07:00,ok,60,1207834619,0,-83545132,0.7
2026-06-20T02:36:21+07:00,ok,60,1207834619,0,0,1.0
2026-06-20T02:36:32+07:00,ok,60,1207834619,0,0,0.5
2026-06-20T02:36:43+07:00,ok,60,1207834619,0,0,0.7
2026-06-20T02:36:54+07:00,ok,60,1207834619,0,0,0.6
2026-06-20T02:37:05+07:00,ok,60,1207834619,0,0,0.5
2026-06-20T02:37:16+07:00,ok,60,1207834619,0,0,2.2
2026-06-20T02:37:27+07:00,ok,60,1207834619,0,0,0.7
2026-06-20T02:37:38+07:00,ok,60,1207834619,0,0,0.5
2026-06-20T02:37:49+07:00,ok,60,1207834619,0,0,0.7
2026-06-20T02:38:00+07:00,ok,60,1207834619,0,0,2.2
2026-06-20T02:38:11+07:00,ok,60,1208172129,0,337510,0.5
2026-06-20T02:38:22+07:00,ok,60,1208172129,0,0,0.7
2026-06-20T02:38:33+07:00,ok,60,1208172129,0,0,0.6
2026-06-20T02:38:44+07:00,ok,60,1208172129,0,0,0.8
2026-06-20T02:38:56+07:00,ok,60,1208172129,0,0,0.5
2026-06-20T02:39:07+07:00,ok,60,1208172129,0,0,0.5
2026-06-20T02:39:18+07:00,ok,60,1208172129,0,0,0.7
2026-06-20T02:39:29+07:00,ok,60,1208172129,0,0,0.5
2026-06-20T02:39:40+07:00,ok,60,1208172129,0,0,0.7
2026-06-20T02:39:51+07:00,ok,60,1208172129,0,0,0.7
2026-06-20T02:40:02+07:00,ok,60,1208172129,0,0,2.7
2026-06-20T02:40:13+07:00,ok,60,1208513117,0,340988,0.5
2026-06-20T02:40:24+07:00,ok,60,1208513117,0,0,0.7
2026-06-20T02:40:35+07:00,ok,60,1208513117,0,0,3.4
2026-06-20T02:40:46+07:00,ok,60,1208513117,0,0,0.8
2026-06-20T02:40:58+07:00,ok,60,1208513117,0,0,0.6
2026-06-20T02:41:09+07:00,ok,60,1208513117,0,0,0.7
2026-06-20T02:41:20+07:00,ok,60,1208513117,0,0,0.9
2026-06-20T02:41:31+07:00,ok,60,1208513117,0,0,0.7
2026-06-20T02:41:42+07:00,ok,60,1208513117,0,0,0.8
2026-06-20T02:41:53+07:00,ok,60,1208513117,0,0,2.0
2026-06-20T02:42:04+07:00,ok,60,1208850454,0,337337,0.9
2026-06-20T02:42:15+07:00,ok,60,1208850454,0,0,0.8
2026-06-20T02:42:26+07:00,ok,60,1208850454,0,0,0.5
2026-06-20T02:42:37+07:00,ok,60,1208850454,0,0,0.6
2026-06-20T02:42:48+07:00,ok,60,1208850454,0,0,0.9
2026-06-20T02:42:59+07:00,ok,60,1208850454,0,0,0.8
2026-06-20T02:43:10+07:00,ok,60,1208850454,0,0,0.6
2026-06-20T02:43:22+07:00,ok,60,1208850454,0,0,2.0
2026-06-20T02:43:33+07:00,ok,60,1208850454,0,0,0.8
2026-06-20T02:43:44+07:00,ok,60,1208850454,0,0,0.9
2026-06-20T02:43:55+07:00,ok,60,1208850454,0,0,0.8
2026-06-20T02:44:06+07:00,ok,59,1203935731,-1,-4914723,1.7
2026-06-20T02:44:17+07:00,ok,59,1203935731,0,0,0.5
2026-06-20T02:44:28+07:00,ok,59,1203935731,0,0,0.5
2026-06-20T02:44:39+07:00,ok,59,1203935731,0,0,0.6
2026-06-20T02:44:50+07:00,ok,59,1203935731,0,0,1.1
2026-06-20T02:45:01+07:00,ok,59,1203935731,0,0,0.5
2026-06-20T02:45:12+07:00,ok,59,1203935731,0,0,1.1
2026-06-20T02:45:23+07:00,ok,59,1203935731,0,0,0.8
2026-06-20T02:45:34+07:00,ok,59,1203935731,0,0,0.5
2026-06-20T02:45:45+07:00,ok,59,1203935731,0,0,0.9
2026-06-20T02:45:56+07:00,ok,59,1203935731,0,0,0.5
2026-06-20T02:46:07+07:00,ok,59,1204276270,0,340539,0.6
2026-06-20T02:46:18+07:00,ok,59,1204276270,0,0,0.5
2026-06-20T02:46:29+07:00,ok,59,1204276270,0,0,0.7
2026-06-20T02:46:40+07:00,ok,59,1204276270,0,0,0.8
2026-06-20T02:46:51+07:00,ok,59,1204276270,0,0,0.5
2026-06-20T02:47:02+07:00,ok,59,1204276270,0,0,0.9
2026-06-20T02:47:13+07:00,ok,59,1204276270,0,0,0.6
2026-06-20T02:47:24+07:00,ok,59,1204276270,0,0,0.6
2026-06-20T02:47:35+07:00,ok,59,1204276270,0,0,1.3
2026-06-20T02:47:46+07:00,ok,59,1204276270,0,0,0.5
2026-06-20T02:47:57+07:00,ok,59,1204276270,0,0,0.8
2026-06-20T02:48:08+07:00,ok,59,1204616476,0,340206,0.5
2026-06-20T02:48:20+07:00,ok,59,1204616476,0,0,0.7
2026-06-20T02:48:31+07:00,ok,59,1204616476,0,0,1.0
2026-06-20T02:48:42+07:00,ok,59,1204616476,0,0,1.2
2026-06-20T02:48:53+07:00,ok,59,1204616476,0,0,2.3
2026-06-20T02:49:04+07:00,ok,59,1204616476,0,0,0.8
2026-06-20T02:49:15+07:00,ok,59,1204616476,0,0,0.5
2026-06-20T02:49:26+07:00,ok,59,1204616476,0,0,0.5
2026-06-20T02:49:37+07:00,ok,59,1204616476,0,0,0.7
2026-06-20T02:49:48+07:00,ok,59,1204616476,0,0,0.5
2026-06-20T02:49:59+07:00,ok,59,1204616476,0,0,0.6
2026-06-20T02:50:10+07:00,ok,60,1210195824,1,5579348,0.5
2026-06-20T02:50:21+07:00,ok,60,1210195824,0,0,2.0
2026-06-20T02:50:32+07:00,ok,60,1210195824,0,0,0.8
2026-06-20T02:50:43+07:00,ok,60,1210195824,0,0,0.6
2026-06-20T02:50:54+07:00,ok,60,1210195824,0,0,1.0
2026-06-20T02:51:05+07:00,ok,60,1210195824,0,0,0.8
2026-06-20T02:51:16+07:00,ok,60,1210195824,0,0,0.6
2026-06-20T02:51:28+07:00,ok,60,1210195824,0,0,0.9
2026-06-20T02:51:39+07:00,ok,60,1210195824,0,0,0.8
2026-06-20T02:51:50+07:00,ok,60,1210195824,0,0,0.9
2026-06-20T02:52:01+07:00,ok,60,1210195824,0,0,1.2
2026-06-20T02:52:12+07:00,ok,60,1177924653,0,-32271171,0.6
2026-06-20T02:52:23+07:00,ok,60,1177924653,0,0,0.8
2026-06-20T02:52:34+07:00,ok,60,1177924653,0,0,0.5
2026-06-20T02:52:45+07:00,ok,60,1177924653,0,0,0.5
2026-06-20T02:52:56+07:00,ok,60,1177924653,0,0,0.7
2026-06-20T02:53:07+07:00,ok,60,1177924653,0,0,1.0
2026-06-20T02:53:18+07:00,ok,60,1177924653,0,0,0.7
2026-06-20T02:53:29+07:00,ok,60,1177924653,0,0,0.7
2026-06-20T02:53:40+07:00,ok,60,1177924653,0,0,0.7
2026-06-20T02:53:51+07:00,ok,60,1177924653,0,0,0.5
2026-06-20T02:54:02+07:00,ok,60,1177924653,0,0,0.7
2026-06-20T02:54:13+07:00,ok,60,1178265441,0,340788,0.6
2026-06-20T02:54:24+07:00,ok,60,1178265441,0,0,0.5
2026-06-20T02:54:35+07:00,ok,60,1178265441,0,0,0.6
2026-06-20T02:54:46+07:00,ok,60,1178265441,0,0,0.5
2026-06-20T02:54:57+07:00,ok,60,1178265441,0,0,0.5
2026-06-20T02:55:08+07:00,ok,60,1178265441,0,0,0.6
2026-06-20T02:55:19+07:00,ok,60,1178265441,0,0,1.1
2026-06-20T02:55:30+07:00,ok,60,1178265441,0,0,0.6
2026-06-20T02:55:41+07:00,ok,60,1178265441,0,0,4.9
2026-06-20T02:55:53+07:00,ok,60,1178265441,0,0,0.7
2026-06-20T02:56:04+07:00,ok,60,1178265441,0,0,0.9
2026-06-20T02:56:15+07:00,ok,60,1178605021,0,339580,3.0
2026-06-20T02:56:26+07:00,ok,60,1178605021,0,0,0.7
2026-06-20T02:56:37+07:00,ok,60,1178605021,0,0,0.8
2026-06-20T02:56:48+07:00,ok,60,1178605021,0,0,0.6
2026-06-20T02:56:59+07:00,ok,60,1178605021,0,0,0.9
2026-06-20T02:57:10+07:00,ok,60,1178605021,0,0,0.8
2026-06-20T02:57:21+07:00,ok,60,1178605021,0,0,0.6
2026-06-20T02:57:32+07:00,ok,60,1178605021,0,0,0.5
2026-06-20T02:57:43+07:00,ok,60,1178605021,0,0,0.6
2026-06-20T02:57:54+07:00,ok,60,1178605021,0,0,0.5
2026-06-20T02:58:05+07:00,ok,61,1178944586,1,339565,0.8
2026-06-20T02:58:16+07:00,ok,61,1178944586,0,0,0.7
2026-06-20T02:58:27+07:00,ok,61,1178944586,0,0,0.7
2026-06-20T02:58:38+07:00,ok,61,1178944586,0,0,0.5
2026-06-20T02:58:49+07:00,ok,61,1178944586,0,0,1.1
2026-06-20T02:59:00+07:00,ok,61,1178944586,0,0,0.5
2026-06-20T02:59:11+07:00,ok,61,1178944586,0,0,1.4
2026-06-20T02:59:22+07:00,ok,61,1178944586,0,0,0.7
2026-06-20T02:59:33+07:00,ok,61,1178944586,0,0,0.7
2026-06-20T02:59:45+07:00,ok,61,1178944586,0,0,0.9
2026-06-20T02:59:56+07:00,ok,61,1178944586,0,0,0.7
2026-06-20T03:00:07+07:00,ok,61,1179279036,0,334450,2.9
2026-06-20T03:00:18+07:00,ok,61,1179279036,0,0,0.9
2026-06-20T03:00:29+07:00,ok,61,1179279036,0,0,0.5
2026-06-20T03:00:41+07:00,ok,61,1179279036,0,0,0.7
2026-06-20T03:00:52+07:00,ok,61,1179279036,0,0,0.5
2026-06-20T03:01:03+07:00,ok,61,1179279036,0,0,1.0
2026-06-20T03:01:14+07:00,ok,61,1179279036,0,0,0.6
2026-06-20T03:01:25+07:00,ok,61,1179279036,0,0,0.7
2026-06-20T03:01:36+07:00,ok,61,1179279036,0,0,1.1
2026-06-20T03:01:47+07:00,ok,61,1179279036,0,0,0.9
2026-06-20T03:01:58+07:00,ok,61,1179279036,0,0,0.5
2026-06-20T03:02:09+07:00,ok,61,1179620984,0,341948,0.5
2026-06-20T03:02:20+07:00,ok,61,1179620984,0,0,1.0
2026-06-20T03:02:31+07:00,ok,61,1179620984,0,0,0.8
2026-06-20T03:02:42+07:00,ok,61,1179620984,0,0,0.7
2026-06-20T03:02:53+07:00,ok,61,1179620984,0,0,1.1
2026-06-20T03:03:04+07:00,ok,61,1179620984,0,0,0.6
2026-06-20T03:03:15+07:00,ok,61,1179620984,0,0,1.5
2026-06-20T03:03:26+07:00,ok,61,1179620984,0,0,0.8
2026-06-20T03:03:37+07:00,ok,61,1179620984,0,0,0.7
2026-06-20T03:03:48+07:00,ok,61,1179620984,0,0,0.6
2026-06-20T03:03:59+07:00,ok,61,1179620984,0,0,2.3
2026-06-20T03:04:10+07:00,ok,61,1179957906,0,336922,1.8
2026-06-20T03:04:21+07:00,ok,61,1179957906,0,0,0.7
2026-06-20T03:04:32+07:00,ok,61,1179957906,0,0,0.7
2026-06-20T03:04:43+07:00,ok,61,1179957906,0,0,0.6
2026-06-20T03:04:54+07:00,ok,61,1179957906,0,0,0.7
2026-06-20T03:05:05+07:00,ok,61,1179957906,0,0,0.8
2026-06-20T03:05:16+07:00,ok,61,1179957906,0,0,0.8
2026-06-20T03:05:27+07:00,ok,61,1179957906,0,0,0.5
2026-06-20T03:05:38+07:00,ok,61,1179957906,0,0,0.6
2026-06-20T03:05:50+07:00,ok,61,1179957906,0,0,0.5
2026-06-20T03:06:01+07:00,ok,61,1179957906,0,0,1.4
2026-06-20T03:06:12+07:00,ok,62,1180299798,1,341892,0.5
2026-06-20T03:06:23+07:00,ok,62,1180299798,0,0,0.7
2026-06-20T03:06:34+07:00,ok,62,1180299798,0,0,0.8
2026-06-20T03:06:45+07:00,ok,62,1180299798,0,0,0.5
2026-06-20T03:06:56+07:00,ok,62,1180299798,0,0,0.7
2026-06-20T03:07:07+07:00,ok,62,1180299798,0,0,0.8
2026-06-20T03:07:18+07:00,ok,62,1180299798,0,0,0.7
2026-06-20T03:07:29+07:00,ok,62,1180299798,0,0,0.8
2026-06-20T03:07:40+07:00,ok,62,1180299798,0,0,0.8
2026-06-20T03:07:51+07:00,ok,62,1180299798,0,0,0.5
2026-06-20T03:08:02+07:00,ok,62,1180299798,0,0,0.5
2026-06-20T03:08:13+07:00,ok,62,1180644918,0,345120,0.9
2026-06-20T03:08:25+07:00,ok,62,1180644918,0,0,0.7
2026-06-20T03:08:36+07:00,ok,62,1180644918,0,0,0.5
2026-06-20T03:08:47+07:00,ok,62,1180644918,0,0,0.7
2026-06-20T03:08:58+07:00,ok,62,1180644918,0,0,0.6
2026-06-20T03:09:09+07:00,ok,62,1180644918,0,0,1.1
2026-06-20T03:09:20+07:00,ok,62,1180644918,0,0,1.3
2026-06-20T03:09:31+07:00,ok,62,1180644918,0,0,0.7
2026-06-20T03:09:42+07:00,ok,62,1180644918,0,0,1.1
2026-06-20T03:09:53+07:00,ok,62,1180644918,0,0,1.1
2026-06-20T03:10:04+07:00,ok,62,1180644918,0,0,0.9
2026-06-20T03:10:15+07:00,ok,62,1180989718,0,344800,3.7
2026-06-20T03:10:26+07:00,ok,62,1180989718,0,0,0.6
2026-06-20T03:10:37+07:00,ok,62,1180989718,0,0,1.0
2026-06-20T03:10:48+07:00,ok,62,1180989718,0,0,1.3
2026-06-20T03:10:59+07:00,ok,62,1180989718,0,0,3.1
2026-06-20T03:11:10+07:00,ok,62,1180989718,0,0,0.7
2026-06-20T03:11:21+07:00,ok,62,1180989718,0,0,0.8
2026-06-20T03:11:33+07:00,ok,62,1180989718,0,0,0.6
2026-06-20T03:11:44+07:00,ok,62,1180989718,0,0,0.6
2026-06-20T03:11:55+07:00,ok,62,1180989718,0,0,0.6
2026-06-20T03:12:06+07:00,ok,62,1180997972,0,8254,0.7
2026-06-20T03:12:17+07:00,ok,62,1181326471,0,328499,0.6
2026-06-20T03:12:28+07:00,ok,62,1181326471,0,0,0.7
2026-06-20T03:12:39+07:00,ok,62,1181326471,0,0,0.7
2026-06-20T03:12:50+07:00,ok,62,1181326471,0,0,0.5
2026-06-20T03:13:01+07:00,ok,62,1181326471,0,0,0.6
2026-06-20T03:13:12+07:00,ok,62,1181326471,0,0,1.0
2026-06-20T03:13:23+07:00,ok,62,1181326471,0,0,0.5
2026-06-20T03:13:34+07:00,ok,62,1181326471,0,0,0.7
2026-06-20T03:13:45+07:00,ok,62,1181326471,0,0,0.7
2026-06-20T03:13:56+07:00,ok,62,1181326471,0,0,2.0
2026-06-20T03:14:07+07:00,ok,63,1181671520,1,345049,1.2
2026-06-20T03:14:18+07:00,ok,63,1181671520,0,0,1.2
2026-06-20T03:14:29+07:00,ok,63,1181671520,0,0,0.6
2026-06-20T03:14:40+07:00,ok,63,1181671520,0,0,0.6
2026-06-20T03:14:51+07:00,ok,63,1181671520,0,0,1.8
2026-06-20T03:15:02+07:00,ok,63,1181671520,0,0,0.6
2026-06-20T03:15:13+07:00,ok,63,1181671520,0,0,0.7
2026-06-20T03:15:24+07:00,ok,63,1181671520,0,0,0.7
2026-06-20T03:15:35+07:00,ok,63,1181671520,0,0,1.0
2026-06-20T03:15:46+07:00,ok,63,1181671520,0,0,0.7
2026-06-20T03:15:57+07:00,ok,63,1181671520,0,0,1.1
2026-06-20T03:16:09+07:00,ok,62,1098122443,-1,-83549077,0.8
2026-06-20T03:16:20+07:00,ok,62,1098122443,0,0,0.6
2026-06-20T03:16:31+07:00,ok,62,1098122443,0,0,0.7
2026-06-20T03:16:42+07:00,ok,62,1098122443,0,0,0.5
2026-06-20T03:16:53+07:00,ok,62,1098122443,0,0,0.6
2026-06-20T03:17:04+07:00,ok,62,1098122443,0,0,0.8
2026-06-20T03:17:15+07:00,ok,62,1098122443,0,0,0.8
2026-06-20T03:17:26+07:00,ok,62,1098122443,0,0,0.6
2026-06-20T03:17:37+07:00,ok,62,1098122443,0,0,0.5
2026-06-20T03:17:48+07:00,ok,62,1098122443,0,0,0.5
2026-06-20T03:17:59+07:00,ok,62,1098122443,0,0,0.5
2026-06-20T03:18:11+07:00,ok,62,1098459574,0,337131,3.8
2026-06-20T03:18:22+07:00,ok,62,1098459574,0,0,0.5
2026-06-20T03:18:33+07:00,ok,62,1098459574,0,0,0.6
2026-06-20T03:18:44+07:00,ok,62,1098459574,0,0,1.9
2026-06-20T03:18:55+07:00,ok,62,1098459574,0,0,0.7
2026-06-20T03:19:06+07:00,ok,62,1098459574,0,0,0.6
2026-06-20T03:19:17+07:00,ok,62,1098459574,0,0,0.8
2026-06-20T03:19:28+07:00,ok,62,1098459574,0,0,1.0
2026-06-20T03:19:39+07:00,ok,62,1098459574,0,0,0.7
2026-06-20T03:19:50+07:00,ok,62,1098459574,0,0,1.7
2026-06-20T03:20:01+07:00,ok,62,1098459574,0,0,1.0
2026-06-20T03:20:12+07:00,ok,63,1098802023,1,342449,1.2
2026-06-20T03:20:23+07:00,ok,63,1098802023,0,0,0.7
2026-06-20T03:20:35+07:00,ok,63,1098802023,0,0,0.5
2026-06-20T03:20:46+07:00,ok,63,1098802023,0,0,0.8
2026-06-20T03:20:57+07:00,ok,63,1098802023,0,0,0.8
2026-06-20T03:21:08+07:00,ok,63,1098802023,0,0,0.5
2026-06-20T03:21:19+07:00,ok,63,1098802023,0,0,1.1
2026-06-20T03:21:30+07:00,ok,63,1098802023,0,0,0.9
2026-06-20T03:21:41+07:00,ok,63,1098802023,0,0,0.6
2026-06-20T03:21:52+07:00,ok,63,1098802023,0,0,0.7
2026-06-20T03:22:03+07:00,ok,63,1098802023,0,0,1.6
2026-06-20T03:22:14+07:00,ok,63,1099146539,0,344516,0.9
2026-06-20T03:22:25+07:00,ok,63,1099146539,0,0,0.6
2026-06-20T03:22:36+07:00,ok,63,1099146539,0,0,1.3
2026-06-20T03:22:47+07:00,ok,63,1099146539,0,0,0.8
2026-06-20T03:22:58+07:00,ok,63,1099146539,0,0,0.9
2026-06-20T03:23:09+07:00,ok,63,1099146539,0,0,0.8
2026-06-20T03:23:21+07:00,ok,63,1099146539,0,0,0.6
2026-06-20T03:23:32+07:00,ok,63,1099146539,0,0,1.2
2026-06-20T03:23:43+07:00,ok,63,1099146539,0,0,0.7
2026-06-20T03:23:54+07:00,ok,63,1099146539,0,0,0.6
2026-06-20T03:24:05+07:00,ok,63,1099146539,0,0,0.7
2026-06-20T03:24:16+07:00,ok,62,1094179126,-1,-4967413,0.5
2026-06-20T03:24:27+07:00,ok,62,1094179126,0,0,0.9
2026-06-20T03:24:38+07:00,ok,62,1094179126,0,0,0.9
2026-06-20T03:24:49+07:00,ok,62,1094179126,0,0,0.5
2026-06-20T03:25:00+07:00,ok,62,1094179126,0,0,0.5
2026-06-20T03:25:11+07:00,ok,62,1094179126,0,0,0.6
2026-06-20T03:25:22+07:00,ok,62,1094179126,0,0,0.7
2026-06-20T03:25:33+07:00,ok,62,1094179126,0,0,0.7
2026-06-20T03:25:44+07:00,ok,62,1094179126,0,0,0.6
2026-06-20T03:25:55+07:00,ok,62,1094179126,0,0,0.7
2026-06-20T03:26:06+07:00,ok,62,1094179126,0,0,0.9
2026-06-20T03:26:17+07:00,ok,62,1094519910,0,340784,0.7
2026-06-20T03:26:28+07:00,ok,62,1094519910,0,0,1.0
2026-06-20T03:26:39+07:00,ok,62,1094519910,0,0,0.5
2026-06-20T03:26:50+07:00,ok,62,1094519910,0,0,0.5
2026-06-20T03:27:01+07:00,ok,62,1094519910,0,0,0.6
2026-06-20T03:27:13+07:00,ok,62,1094519910,0,0,0.5
2026-06-20T03:27:23+07:00,ok,62,1094519910,0,0,0.6
2026-06-20T03:27:35+07:00,ok,62,1094519910,0,0,0.7
2026-06-20T03:27:46+07:00,ok,62,1094519910,0,0,0.7
2026-06-20T03:27:57+07:00,ok,62,1094519910,0,0,0.5
2026-06-20T03:28:08+07:00,ok,63,1094862531,1,342621,0.5
2026-06-20T03:28:19+07:00,ok,63,1094862531,0,0,0.7
2026-06-20T03:28:30+07:00,ok,63,1094862531,0,0,0.8
2026-06-20T03:28:41+07:00,ok,63,1094862531,0,0,1.0
2026-06-20T03:28:52+07:00,ok,63,1094862531,0,0,0.8
2026-06-20T03:29:03+07:00,ok,63,1094862531,0,0,0.6
2026-06-20T03:29:14+07:00,ok,63,1094862531,0,0,0.5
2026-06-20T03:29:25+07:00,ok,63,1094862531,0,0,0.6
2026-06-20T03:29:36+07:00,ok,63,1094862531,0,0,1.1
2026-06-20T03:29:47+07:00,ok,63,1094862531,0,0,0.6
2026-06-20T03:29:58+07:00,ok,63,1094862531,0,0,0.5
2026-06-20T03:30:09+07:00,ok,63,1095202731,0,340200,1.0
2026-06-20T03:30:20+07:00,ok,63,1095202731,0,0,0.5
2026-06-20T03:30:31+07:00,ok,63,1095202731,0,0,2.2
2026-06-20T03:30:42+07:00,ok,63,1095202731,0,0,0.7
2026-06-20T03:30:53+07:00,ok,63,1095202731,0,0,0.7
2026-06-20T03:31:04+07:00,ok,63,1095202731,0,0,0.7
2026-06-20T03:31:16+07:00,ok,63,1095202731,0,0,0.7
2026-06-20T03:31:27+07:00,ok,63,1095202731,0,0,0.7
2026-06-20T03:31:38+07:00,ok,63,1095202731,0,0,0.6
2026-06-20T03:31:49+07:00,ok,63,1095202731,0,0,0.9
2026-06-20T03:32:00+07:00,ok,63,1095202731,0,0,0.5
2026-06-20T03:32:11+07:00,ok,63,1095543897,0,341166,0.7
2026-06-20T03:32:22+07:00,ok,63,1095543897,0,0,0.7
2026-06-20T03:32:33+07:00,ok,63,1095543897,0,0,0.7
2026-06-20T03:32:44+07:00,ok,63,1095543897,0,0,0.6
2026-06-20T03:32:55+07:00,ok,63,1095543897,0,0,1.0
2026-06-20T03:33:06+07:00,ok,63,1095543897,0,0,2.2
2026-06-20T03:33:17+07:00,ok,63,1095543897,0,0,0.6
2026-06-20T03:33:28+07:00,ok,63,1095543897,0,0,0.6
2026-06-20T03:33:39+07:00,ok,63,1095543897,0,0,0.7
2026-06-20T03:33:50+07:00,ok,63,1095543897,0,0,1.1
2026-06-20T03:34:01+07:00,ok,63,1095543897,0,0,0.6
2026-06-20T03:34:12+07:00,ok,63,1095885181,0,341284,0.7
2026-06-20T03:34:23+07:00,ok,63,1095885181,0,0,0.7
2026-06-20T03:34:34+07:00,ok,63,1095885181,0,0,0.5
2026-06-20T03:34:46+07:00,ok,63,1095885181,0,0,0.7
2026-06-20T03:34:57+07:00,ok,63,1095885181,0,0,0.7
2026-06-20T03:35:08+07:00,ok,63,1095885181,0,0,1.5
2026-06-20T03:35:19+07:00,ok,63,1095885181,0,0,0.6
2026-06-20T03:35:30+07:00,ok,63,1095885181,0,0,0.5
2026-06-20T03:35:41+07:00,ok,63,1095885181,0,0,0.6
2026-06-20T03:35:52+07:00,ok,63,1095885181,0,0,0.9
2026-06-20T03:36:03+07:00,ok,63,1095885181,0,0,1.3
2026-06-20T03:36:14+07:00,ok,63,1096228044,0,342863,0.7
2026-06-20T03:36:25+07:00,ok,63,1096228044,0,0,0.7
2026-06-20T03:36:36+07:00,ok,63,1096228044,0,0,0.7
2026-06-20T03:36:47+07:00,ok,63,1096228044,0,0,0.5
2026-06-20T03:36:58+07:00,ok,63,1096228044,0,0,2.1
2026-06-20T03:37:09+07:00,ok,63,1096228044,0,0,0.7
2026-06-20T03:37:20+07:00,ok,63,1096228044,0,0,0.5
2026-06-20T03:37:31+07:00,ok,63,1096228044,0,0,1.9
2026-06-20T03:37:42+07:00,ok,63,1096228044,0,0,0.5
2026-06-20T03:37:53+07:00,ok,63,1096228044,0,0,0.6
2026-06-20T03:38:04+07:00,ok,63,1096228044,0,0,0.8
2026-06-20T03:38:15+07:00,ok,63,1096564230,0,336186,0.5
2026-06-20T03:38:26+07:00,ok,63,1096564230,0,0,0.8
2026-06-20T03:38:37+07:00,ok,63,1096564230,0,0,2.2
2026-06-20T03:38:48+07:00,ok,63,1096564230,0,0,0.6
2026-06-20T03:38:59+07:00,ok,63,1096564230,0,0,0.5
2026-06-20T03:39:10+07:00,ok,63,1096564230,0,0,0.6
2026-06-20T03:39:21+07:00,ok,63,1096564230,0,0,0.7
2026-06-20T03:39:32+07:00,ok,63,1096564230,0,0,0.5
2026-06-20T03:39:44+07:00,ok,63,1096564230,0,0,1.1
2026-06-20T03:39:55+07:00,ok,63,1096564230,0,0,0.6
2026-06-20T03:40:06+07:00,ok,63,1096564230,0,0,0.6
2026-06-20T03:40:17+07:00,ok,63,1096900335,0,336105,0.5
2026-06-20T03:40:28+07:00,ok,63,1096900335,0,0,0.7
2026-06-20T03:40:39+07:00,ok,63,1096900335,0,0,2.9
2026-06-20T03:40:50+07:00,ok,63,1096900335,0,0,0.7
2026-06-20T03:41:02+07:00,ok,63,1096900335,0,0,0.8
2026-06-20T03:41:13+07:00,ok,63,1096900335,0,0,0.6
2026-06-20T03:41:24+07:00,ok,63,1096900335,0,0,0.7
2026-06-20T03:41:35+07:00,ok,63,1096900335,0,0,0.7
2026-06-20T03:41:46+07:00,ok,63,1096900335,0,0,0.6
2026-06-20T03:41:57+07:00,ok,63,1096900335,0,0,0.6
2026-06-20T03:42:08+07:00,ok,64,1097238438,1,338103,1.0
2026-06-20T03:42:19+07:00,ok,64,1097238438,0,0,1.8
2026-06-20T03:42:30+07:00,ok,64,1097238438,0,0,2.1
2026-06-20T03:42:41+07:00,ok,64,1097238438,0,0,0.7
2026-06-20T03:42:52+07:00,ok,64,1097238438,0,0,1.3
2026-06-20T03:43:03+07:00,ok,64,1097238438,0,0,0.6
2026-06-20T03:43:14+07:00,ok,64,1097238438,0,0,0.8
2026-06-20T03:43:25+07:00,ok,64,1097238438,0,0,0.9
2026-06-20T03:43:36+07:00,ok,64,1097238438,0,0,0.7
2026-06-20T03:43:47+07:00,ok,64,1097238438,0,0,0.6
2026-06-20T03:43:59+07:00,ok,64,1097238438,0,0,2.3
2026-06-20T03:44:09+07:00,ok,64,1097579452,0,341014,0.7
2026-06-20T03:44:21+07:00,ok,64,1097579452,0,0,0.5
2026-06-20T03:44:32+07:00,ok,64,1097579452,0,0,1.0
2026-06-20T03:44:43+07:00,ok,64,1097579452,0,0,1.6
2026-06-20T03:44:54+07:00,ok,64,1097579452,0,0,1.6
2026-06-20T03:45:05+07:00,ok,64,1097579452,0,0,0.5
2026-06-20T03:45:16+07:00,ok,64,1097579452,0,0,0.6
2026-06-20T03:45:27+07:00,ok,64,1097579452,0,0,1.1
2026-06-20T03:45:38+07:00,ok,64,1097579452,0,0,0.7
2026-06-20T03:45:49+07:00,ok,64,1097579452,0,0,0.9
2026-06-20T03:46:00+07:00,ok,64,1097579452,0,0,1.2
2026-06-20T03:46:11+07:00,ok,64,1097347432,0,-232020,0.7
2026-06-20T03:46:22+07:00,ok,64,1097347432,0,0,0.7
2026-06-20T03:46:33+07:00,ok,64,1097347432,0,0,1.2
2026-06-20T03:46:44+07:00,ok,64,1097347432,0,0,3.0
2026-06-20T03:46:55+07:00,ok,64,1097347432,0,0,0.9
2026-06-20T03:47:06+07:00,ok,64,1097347432,0,0,0.5
2026-06-20T03:47:17+07:00,ok,64,1097347432,0,0,0.6
2026-06-20T03:47:28+07:00,ok,64,1097347432,0,0,1.1
2026-06-20T03:47:39+07:00,ok,64,1097347432,0,0,0.7
2026-06-20T03:47:50+07:00,ok,64,1097347432,0,0,1.1
2026-06-20T03:48:01+07:00,ok,64,1097347432,0,0,0.7
2026-06-20T03:48:12+07:00,ok,65,1097690281,1,342849,1.0
2026-06-20T03:48:24+07:00,ok,65,1097690281,0,0,0.6
2026-06-20T03:48:35+07:00,ok,65,1097690281,0,0,2.1
2026-06-20T03:48:46+07:00,ok,65,1097690281,0,0,0.8
2026-06-20T03:48:57+07:00,ok,65,1097690281,0,0,0.7
2026-06-20T03:49:08+07:00,ok,65,1097690281,0,0,0.5
2026-06-20T03:49:19+07:00,ok,65,1097690281,0,0,1.4
2026-06-20T03:49:30+07:00,ok,65,1097690281,0,0,0.8
2026-06-20T03:49:41+07:00,ok,65,1097690281,0,0,0.6
2026-06-20T03:49:52+07:00,ok,65,1097690281,0,0,1.4
2026-06-20T03:50:03+07:00,ok,65,1097690281,0,0,0.7
2026-06-20T03:50:14+07:00,ok,66,1098038063,1,347782,0.6
2026-06-20T03:50:25+07:00,ok,66,1098038063,0,0,0.6
2026-06-20T03:50:36+07:00,ok,66,1098038063,0,0,0.6
2026-06-20T03:50:47+07:00,ok,66,1098038063,0,0,0.5
2026-06-20T03:50:58+07:00,ok,66,1098038063,0,0,1.3
2026-06-20T03:51:09+07:00,ok,66,1098038063,0,0,0.9
2026-06-20T03:51:20+07:00,ok,66,1098038063,0,0,0.7
2026-06-20T03:51:31+07:00,ok,66,1098038063,0,0,0.8
2026-06-20T03:51:42+07:00,ok,66,1098038063,0,0,0.7
2026-06-20T03:51:53+07:00,ok,66,1098038063,0,0,1.0
2026-06-20T03:52:05+07:00,ok,66,1098038063,0,0,0.7
2026-06-20T03:52:16+07:00,ok,67,1182260910,1,84222847,1.2
2026-06-20T03:52:27+07:00,ok,67,1182260910,0,0,0.8
2026-06-20T03:52:38+07:00,ok,67,1182260910,0,0,3.0
2026-06-20T03:52:49+07:00,ok,67,1182260910,0,0,0.7
2026-06-20T03:53:00+07:00,ok,67,1182260910,0,0,0.9
2026-06-20T03:53:11+07:00,ok,67,1182260910,0,0,0.5
2026-06-20T03:53:22+07:00,ok,67,1182260910,0,0,0.6
2026-06-20T03:53:33+07:00,ok,67,1182260910,0,0,0.7
2026-06-20T03:53:44+07:00,ok,67,1182260910,0,0,1.1
2026-06-20T03:53:55+07:00,ok,67,1182260910,0,0,0.7
2026-06-20T03:54:06+07:00,ok,67,1182260910,0,0,0.8
2026-06-20T03:54:17+07:00,ok,67,1182607735,0,346825,0.8
2026-06-20T03:54:28+07:00,ok,67,1182607735,0,0,1.0
2026-06-20T03:54:39+07:00,ok,67,1182607735,0,0,4.0
2026-06-20T03:54:49+07:00,ok,67,1182607735,0,0,0.6
2026-06-20T03:55:00+07:00,ok,67,1182607735,0,0,0.7
2026-06-20T03:55:11+07:00,ok,67,1182607735,0,0,0.9
2026-06-20T03:55:22+07:00,ok,67,1182607735,0,0,1.1
2026-06-20T03:55:33+07:00,ok,67,1182607735,0,0,0.7
2026-06-20T03:55:44+07:00,ok,67,1182607735,0,0,0.6
2026-06-20T03:55:55+07:00,ok,67,1182607735,0,0,0.6
2026-06-20T03:56:06+07:00,ok,67,1182607735,0,0,1.5
2026-06-20T03:56:17+07:00,ok,67,1182946643,0,338908,0.8
2026-06-20T03:56:28+07:00,ok,67,1182946643,0,0,1.2
2026-06-20T03:56:39+07:00,ok,67,1182946643,0,0,0.7
2026-06-20T03:56:50+07:00,ok,67,1182946643,0,0,0.6
2026-06-20T03:57:01+07:00,ok,67,1182946643,0,0,0.8
2026-06-20T03:57:11+07:00,ok,67,1182946643,0,0,0.7
2026-06-20T03:57:22+07:00,ok,67,1182946643,0,0,0.7
2026-06-20T03:57:33+07:00,ok,67,1182946643,0,0,1.0
2026-06-20T03:57:44+07:00,ok,67,1182946643,0,0,0.6
2026-06-20T03:57:55+07:00,ok,67,1182946643,0,0,0.8
2026-06-20T03:58:06+07:00,ok,67,1182946643,0,0,0.8
2026-06-20T03:58:17+07:00,ok,67,1183286838,0,340195,0.9
2026-06-20T03:58:28+07:00,ok,67,1183286838,0,0,2.0
2026-06-20T03:58:39+07:00,ok,67,1183286838,0,0,1.1
2026-06-20T03:58:50+07:00,ok,67,1183286838,0,0,0.6
2026-06-20T03:59:01+07:00,ok,67,1183286838,0,0,0.6
2026-06-20T03:59:12+07:00,ok,67,1183286838,0,0,0.8
2026-06-20T03:59:23+07:00,ok,67,1183286838,0,0,0.7
2026-06-20T03:59:34+07:00,ok,67,1183286838,0,0,1.0
2026-06-20T03:59:45+07:00,ok,67,1183286838,0,0,0.7
2026-06-20T03:59:56+07:00,ok,67,1183286838,0,0,0.6
2026-06-20T04:00:06+07:00,ok,67,1183286838,0,0,0.9
2026-06-20T04:00:18+07:00,ok,67,1183624480,0,337642,0.5
2026-06-20T04:00:29+07:00,ok,67,1183624480,0,0,1.0
2026-06-20T04:00:40+07:00,ok,67,1183624480,0,0,0.7
2026-06-20T04:00:51+07:00,ok,67,1183624480,0,0,1.1
2026-06-20T04:01:02+07:00,ok,67,1183624480,0,0,0.7
2026-06-20T04:01:13+07:00,ok,67,1183624480,0,0,1.0
2026-06-20T04:01:24+07:00,ok,67,1183624480,0,0,0.9
2026-06-20T04:01:35+07:00,ok,67,1183624480,0,0,1.0
2026-06-20T04:01:46+07:00,ok,67,1183624480,0,0,0.7
2026-06-20T04:01:57+07:00,ok,67,1183624480,0,0,0.9
2026-06-20T04:02:08+07:00,ok,67,1183624480,0,0,0.7
2026-06-20T04:02:19+07:00,ok,67,1183967571,0,343091,0.6
2026-06-20T04:02:30+07:00,ok,67,1183967571,0,0,0.5
2026-06-20T04:02:41+07:00,ok,67,1183967571,0,0,0.7
2026-06-20T04:02:52+07:00,ok,67,1183967571,0,0,0.6
2026-06-20T04:03:03+07:00,ok,67,1183967571,0,0,0.6
2026-06-20T04:03:14+07:00,ok,67,1183967571,0,0,0.6
2026-06-20T04:03:24+07:00,ok,67,1183967571,0,0,0.7
2026-06-20T04:03:35+07:00,ok,67,1183967571,0,0,0.6
2026-06-20T04:03:46+07:00,ok,67,1183967571,0,0,0.8
2026-06-20T04:03:57+07:00,ok,67,1183967571,0,0,0.8
2026-06-20T04:04:08+07:00,ok,67,1183967571,0,0,1.0
2026-06-20T04:04:19+07:00,ok,67,1184310603,0,343032,0.6
2026-06-20T04:04:30+07:00,ok,67,1184310603,0,0,0.8
2026-06-20T04:04:41+07:00,ok,67,1184310603,0,0,0.8
2026-06-20T04:04:52+07:00,ok,67,1184310603,0,0,0.6
2026-06-20T04:05:03+07:00,ok,67,1184310603,0,0,0.6
2026-06-20T04:05:14+07:00,ok,67,1184310603,0,0,0.7
2026-06-20T04:05:25+07:00,ok,67,1184310603,0,0,0.7
2026-06-20T04:05:36+07:00,ok,67,1184310603,0,0,0.6
2026-06-20T04:05:47+07:00,ok,67,1184310603,0,0,0.5
2026-06-20T04:05:58+07:00,ok,67,1184310603,0,0,0.7
2026-06-20T04:06:08+07:00,ok,67,1184310603,0,0,1.0
2026-06-20T04:06:20+07:00,ok,68,1184651309,1,340706,1.8
2026-06-20T04:06:30+07:00,ok,68,1184651309,0,0,0.9
2026-06-20T04:06:41+07:00,ok,68,1184651309,0,0,1.1
2026-06-20T04:06:52+07:00,ok,68,1184651309,0,0,1.1
2026-06-20T04:07:03+07:00,ok,68,1184651309,0,0,0.7
2026-06-20T04:07:14+07:00,ok,68,1184651309,0,0,0.8
2026-06-20T04:07:25+07:00,ok,68,1184651309,0,0,0.5
2026-06-20T04:07:36+07:00,ok,68,1184651309,0,0,1.0
2026-06-20T04:07:47+07:00,ok,68,1184651309,0,0,0.6
2026-06-20T04:07:58+07:00,ok,68,1184651309,0,0,0.7
2026-06-20T04:08:09+07:00,ok,68,1184651309,0,0,0.8
2026-06-20T04:08:20+07:00,ok,68,1184995120,0,343811,1.8
2026-06-20T04:08:31+07:00,ok,68,1184995120,0,0,0.7
2026-06-20T04:08:42+07:00,ok,68,1184995120,0,0,0.7
2026-06-20T04:08:52+07:00,ok,68,1184995120,0,0,0.6
2026-06-20T04:09:03+07:00,ok,68,1184995120,0,0,0.6
2026-06-20T04:09:14+07:00,ok,68,1184995120,0,0,0.7
2026-06-20T04:09:25+07:00,ok,68,1184995120,0,0,0.7
2026-06-20T04:09:36+07:00,ok,68,1184995120,0,0,1.2
2026-06-20T04:09:47+07:00,ok,68,1184995120,0,0,0.7
2026-06-20T04:09:58+07:00,ok,68,1184995120,0,0,0.9
2026-06-20T04:10:09+07:00,ok,68,1184995120,0,0,0.8
2026-06-20T04:10:20+07:00,ok,68,1185338182,0,343062,0.6
2026-06-20T04:10:31+07:00,ok,68,1185338182,0,0,0.7
2026-06-20T04:10:42+07:00,ok,68,1185338182,0,0,0.7
2026-06-20T04:10:53+07:00,ok,68,1185338182,0,0,1.0
2026-06-20T04:11:04+07:00,ok,68,1185338182,0,0,0.6
2026-06-20T04:11:15+07:00,ok,68,1185338182,0,0,0.8
2026-06-20T04:11:26+07:00,ok,68,1185338182,0,0,0.7
2026-06-20T04:11:37+07:00,ok,68,1185338182,0,0,0.6
2026-06-20T04:11:48+07:00,ok,68,1185338182,0,0,1.1
2026-06-20T04:11:59+07:00,ok,68,1185338182,0,0,0.6
2026-06-20T04:12:09+07:00,ok,68,1185679192,0,341010,0.7
2026-06-20T04:12:20+07:00,ok,68,1185679192,0,0,0.7
2026-06-20T04:12:31+07:00,ok,68,1185679192,0,0,0.8
2026-06-20T04:12:42+07:00,ok,68,1185679192,0,0,0.7
2026-06-20T04:12:53+07:00,ok,68,1185679192,0,0,0.9
2026-06-20T04:13:04+07:00,ok,68,1185679192,0,0,0.7
2026-06-20T04:13:15+07:00,ok,68,1185679192,0,0,0.7
2026-06-20T04:13:26+07:00,ok,68,1185679192,0,0,0.6
2026-06-20T04:13:37+07:00,ok,68,1185679192,0,0,0.6
2026-06-20T04:13:48+07:00,ok,68,1185679192,0,0,0.6
2026-06-20T04:13:58+07:00,ok,68,1185679192,0,0,0.8
2026-06-20T04:14:09+07:00,ok,69,1184790756,1,-888436,1.0
2026-06-20T04:14:20+07:00,ok,69,1184790756,0,0,0.6
2026-06-20T04:14:31+07:00,ok,69,1184790756,0,0,0.8
2026-06-20T04:14:42+07:00,ok,69,1184790756,0,0,0.6
2026-06-20T04:14:53+07:00,ok,69,1184790756,0,0,0.7
2026-06-20T04:15:04+07:00,ok,69,1184790756,0,0,0.6
2026-06-20T04:15:15+07:00,ok,69,1184790756,0,0,0.8
2026-06-20T04:15:26+07:00,ok,69,1184790756,0,0,0.7
2026-06-20T04:15:37+07:00,ok,69,1184790756,0,0,0.7
2026-06-20T04:15:48+07:00,ok,69,1184790756,0,0,0.6
2026-06-20T04:15:59+07:00,ok,69,1184790756,0,0,1.4
2026-06-20T04:16:09+07:00,ok,69,1185131573,0,340817,0.9
2026-06-20T04:16:20+07:00,ok,69,1185131573,0,0,0.6
2026-06-20T04:16:31+07:00,ok,69,1185131573,0,0,0.9
2026-06-20T04:16:42+07:00,ok,69,1185131573,0,0,0.7
2026-06-20T04:16:53+07:00,ok,69,1185131573,0,0,1.5
2026-06-20T04:17:04+07:00,ok,69,1185131573,0,0,0.8
2026-06-20T04:17:15+07:00,ok,69,1185131573,0,0,0.7
2026-06-20T04:17:26+07:00,ok,69,1185131573,0,0,1.0
2026-06-20T04:17:37+07:00,ok,69,1185131573,0,0,0.6
2026-06-20T04:17:48+07:00,ok,69,1185131573,0,0,0.8
2026-06-20T04:17:59+07:00,ok,69,1185131573,0,0,0.7
2026-06-20T04:18:10+07:00,ok,69,1185470663,0,339090,0.7
2026-06-20T04:18:21+07:00,ok,69,1185470663,0,0,0.7
2026-06-20T04:18:31+07:00,ok,69,1185470663,0,0,0.6
2026-06-20T04:18:42+07:00,ok,69,1185470663,0,0,1.0
2026-06-20T04:18:53+07:00,ok,69,1185470663,0,0,0.6
2026-06-20T04:19:04+07:00,ok,69,1185470663,0,0,0.8
2026-06-20T04:19:15+07:00,ok,69,1185470663,0,0,0.8
2026-06-20T04:19:26+07:00,ok,69,1185470663,0,0,0.7
2026-06-20T04:19:37+07:00,ok,69,1185470663,0,0,0.6
2026-06-20T04:19:48+07:00,ok,69,1185470663,0,0,0.6
2026-06-20T04:19:59+07:00,ok,69,1185470663,0,0,0.8
2026-06-20T04:20:10+07:00,ok,69,1185804582,0,333919,2.3
2026-06-20T04:20:21+07:00,ok,69,1185810896,0,6314,0.6
2026-06-20T04:20:32+07:00,ok,69,1185810896,0,0,0.9
2026-06-20T04:20:43+07:00,ok,69,1185810896,0,0,0.6
2026-06-20T04:20:55+07:00,ok,69,1185810896,0,0,0.6
2026-06-20T04:21:06+07:00,ok,69,1185810896,0,0,0.7
2026-06-20T04:21:17+07:00,ok,69,1185810896,0,0,0.9
2026-06-20T04:21:28+07:00,ok,69,1185810896,0,0,0.7
2026-06-20T04:21:39+07:00,ok,69,1185810896,0,0,0.5
2026-06-20T04:21:50+07:00,ok,69,1185810896,0,0,0.7
2026-06-20T04:22:01+07:00,ok,69,1185810896,0,0,0.6
2026-06-20T04:22:12+07:00,ok,69,1152477969,0,-33332927,0.6
2026-06-20T04:22:24+07:00,ok,69,1152477969,0,0,1.0
2026-06-20T04:22:35+07:00,ok,69,1152477969,0,0,1.0
2026-06-20T04:22:46+07:00,ok,69,1152477969,0,0,0.8
2026-06-20T04:22:57+07:00,ok,69,1152477969,0,0,0.8
2026-06-20T04:23:08+07:00,ok,69,1152477969,0,0,1.2
2026-06-20T04:23:19+07:00,ok,69,1152477969,0,0,0.7
2026-06-20T04:23:30+07:00,ok,69,1152477969,0,0,0.6
2026-06-20T04:23:41+07:00,ok,69,1152477969,0,0,0.7
2026-06-20T04:23:52+07:00,ok,69,1152477969,0,0,1.0
2026-06-20T04:24:03+07:00,ok,69,1152477969,0,0,0.7
2026-06-20T04:24:14+07:00,ok,68,1068935424,-1,-83542545,1.3
2026-06-20T04:24:25+07:00,ok,68,1068935424,0,0,1.0
2026-06-20T04:24:36+07:00,ok,68,1068935424,0,0,0.7
2026-06-20T04:24:47+07:00,ok,68,1068935424,0,0,0.8
2026-06-20T04:24:58+07:00,ok,68,1068935424,0,0,0.7
2026-06-20T04:25:09+07:00,ok,68,1068935424,0,0,0.6
2026-06-20T04:25:20+07:00,ok,68,1068935424,0,0,0.6
2026-06-20T04:25:31+07:00,ok,68,1068935424,0,0,0.8
2026-06-20T04:25:42+07:00,ok,68,1068935424,0,0,0.7
2026-06-20T04:25:53+07:00,ok,68,1068935424,0,0,1.4
2026-06-20T04:26:04+07:00,ok,68,1068935424,0,0,0.5
2026-06-20T04:26:15+07:00,ok,68,1069273911,0,338487,0.6
2026-06-20T04:26:26+07:00,ok,68,1069273911,0,0,0.5
2026-06-20T04:26:37+07:00,ok,68,1069273911,0,0,1.8
2026-06-20T04:26:48+07:00,ok,68,1069273911,0,0,0.9
2026-06-20T04:26:59+07:00,ok,68,1069273911,0,0,0.9
2026-06-20T04:27:10+07:00,ok,68,1069273911,0,0,0.7
2026-06-20T04:27:21+07:00,ok,68,1069273911,0,0,0.9
2026-06-20T04:27:32+07:00,ok,68,1069273911,0,0,2.4
2026-06-20T04:27:43+07:00,ok,68,1069273911,0,0,0.6
2026-06-20T04:27:54+07:00,ok,68,1069273911,0,0,1.0
2026-06-20T04:28:05+07:00,ok,68,1069273911,0,0,0.6
2026-06-20T04:28:16+07:00,ok,68,1069613474,0,339563,1.3
2026-06-20T04:28:26+07:00,ok,68,1069613474,0,0,0.7
2026-06-20T04:28:37+07:00,ok,68,1069613474,0,0,0.9
2026-06-20T04:28:48+07:00,ok,68,1069613474,0,0,0.6
2026-06-20T04:28:59+07:00,ok,68,1069613474,0,0,1.2
2026-06-20T04:29:10+07:00,ok,68,1069613474,0,0,5.2
2026-06-20T04:29:21+07:00,ok,68,1069613474,0,0,0.5
2026-06-20T04:29:32+07:00,ok,68,1069613474,0,0,0.6
2026-06-20T04:29:43+07:00,ok,68,1069613474,0,0,0.6
2026-06-20T04:29:54+07:00,ok,68,1069613474,0,0,0.7
2026-06-20T04:30:05+07:00,ok,68,1069613474,0,0,0.6
2026-06-20T04:30:16+07:00,ok,68,1069959388,0,345914,0.6
2026-06-20T04:30:27+07:00,ok,68,1069959388,0,0,0.6
2026-06-20T04:30:38+07:00,ok,68,1069959388,0,0,1.0
2026-06-20T04:30:49+07:00,ok,68,1069959388,0,0,0.6
2026-06-20T04:31:00+07:00,ok,68,1069959388,0,0,0.5
2026-06-20T04:31:11+07:00,ok,68,1069959388,0,0,0.6
2026-06-20T04:31:22+07:00,ok,68,1069959388,0,0,0.6
2026-06-20T04:31:32+07:00,ok,68,1069959388,0,0,0.7
2026-06-20T04:31:43+07:00,ok,68,1069959388,0,0,0.7
2026-06-20T04:31:54+07:00,ok,68,1069959388,0,0,0.7
2026-06-20T04:32:05+07:00,ok,68,1069959388,0,0,0.9
2026-06-20T04:32:16+07:00,ok,67,1037780488,-1,-32178900,0.6
2026-06-20T04:32:27+07:00,ok,67,1037780488,0,0,1.7
2026-06-20T04:32:38+07:00,ok,67,1037780488,0,0,0.8
2026-06-20T04:32:49+07:00,ok,67,1037780488,0,0,0.5
2026-06-20T04:33:00+07:00,ok,67,1037780488,0,0,0.6
2026-06-20T04:33:11+07:00,ok,67,1037780488,0,0,0.9
2026-06-20T04:33:22+07:00,ok,67,1037780488,0,0,1.0
2026-06-20T04:33:33+07:00,ok,67,1037780488,0,0,0.6
2026-06-20T04:33:44+07:00,ok,67,1037780488,0,0,1.1
2026-06-20T04:33:55+07:00,ok,67,1037780488,0,0,0.6
2026-06-20T04:34:06+07:00,ok,67,1037780488,0,0,0.9
2026-06-20T04:34:17+07:00,ok,66,1037954282,-1,173794,0.7
2026-06-20T04:34:28+07:00,ok,66,1037954282,0,0,0.8
2026-06-20T04:34:38+07:00,ok,66,1037954282,0,0,0.8
2026-06-20T04:34:49+07:00,ok,66,1037954282,0,0,0.7
2026-06-20T04:35:00+07:00,ok,66,1037954282,0,0,0.7
2026-06-20T04:35:11+07:00,ok,66,1037954282,0,0,0.5
2026-06-20T04:35:22+07:00,ok,66,1037954282,0,0,0.9
2026-06-20T04:35:33+07:00,ok,66,1037954282,0,0,0.7
2026-06-20T04:35:44+07:00,ok,66,1037954282,0,0,1.3
2026-06-20T04:35:55+07:00,ok,66,1037954282,0,0,0.7
2026-06-20T04:36:06+07:00,ok,66,1037954282,0,0,0.7
2026-06-20T04:36:17+07:00,ok,66,1037644573,0,-309709,0.7
2026-06-20T04:36:27+07:00,ok,66,1037644573,0,0,0.7
2026-06-20T04:36:38+07:00,ok,66,1037644573,0,0,0.7
2026-06-20T04:36:49+07:00,ok,66,1037644573,0,0,0.6
2026-06-20T04:37:00+07:00,ok,66,1037644573,0,0,0.6
2026-06-20T04:37:11+07:00,ok,66,1037644573,0,0,0.9
2026-06-20T04:37:22+07:00,ok,66,1037644573,0,0,0.5
2026-06-20T04:37:33+07:00,ok,66,1037644573,0,0,0.7
2026-06-20T04:37:44+07:00,ok,66,1037644573,0,0,0.5
2026-06-20T04:37:55+07:00,ok,66,1037644573,0,0,1.1
2026-06-20T04:38:06+07:00,ok,66,1037644573,0,0,0.5
2026-06-20T04:38:17+07:00,ok,66,1037986488,0,341915,0.6
2026-06-20T04:38:28+07:00,ok,66,1037986488,0,0,1.5
2026-06-20T04:38:39+07:00,ok,66,1037986488,0,0,0.9
2026-06-20T04:38:50+07:00,ok,66,1037986488,0,0,0.5
2026-06-20T04:39:01+07:00,ok,66,1037986488,0,0,0.8
2026-06-20T04:39:12+07:00,ok,66,1037986488,0,0,1.3
2026-06-20T04:39:23+07:00,ok,66,1037986488,0,0,1.1
2026-06-20T04:39:34+07:00,ok,66,1037986488,0,0,0.7
2026-06-20T04:39:45+07:00,ok,66,1037986488,0,0,1.1
2026-06-20T04:39:56+07:00,ok,66,1037986488,0,0,0.9
2026-06-20T04:40:07+07:00,ok,66,1037986488,0,0,0.7
2026-06-20T04:40:18+07:00,ok,66,1038331037,0,344549,0.5
2026-06-20T04:40:30+07:00,ok,66,1038331037,0,0,0.6
2026-06-20T04:40:41+07:00,ok,66,1038331037,0,0,1.0
2026-06-20T04:40:52+07:00,ok,66,1038331037,0,0,0.9
2026-06-20T04:41:03+07:00,ok,66,1038331037,0,0,0.8
2026-06-20T04:41:15+07:00,ok,66,1038331037,0,0,1.4
2026-06-20T04:41:26+07:00,ok,66,1038331037,0,0,0.9
2026-06-20T04:41:37+07:00,ok,66,1038331037,0,0,1.6
2026-06-20T04:41:48+07:00,ok,66,1038331037,0,0,1.1
2026-06-20T04:41:59+07:00,ok,66,1038331037,0,0,1.0
2026-06-20T04:42:10+07:00,ok,66,1038331037,0,0,0.6
2026-06-20T04:42:21+07:00,ok,67,1070124469,1,31793432,1.0
2026-06-20T04:42:32+07:00,ok,67,1070124469,0,0,0.7
2026-06-20T04:42:43+07:00,ok,67,1070124469,0,0,0.6
2026-06-20T04:42:54+07:00,ok,67,1070124469,0,0,0.7
2026-06-20T04:43:05+07:00,ok,67,1070124469,0,0,0.9
2026-06-20T04:43:16+07:00,ok,67,1070124469,0,0,1.3
2026-06-20T04:43:27+07:00,ok,67,1070124469,0,0,0.6
2026-06-20T04:43:38+07:00,ok,67,1070124469,0,0,1.1
2026-06-20T04:43:50+07:00,ok,67,1070124469,0,0,1.4
2026-06-20T04:44:01+07:00,ok,67,1070124469,0,0,0.9
2026-06-20T04:44:12+07:00,ok,67,1070124469,0,0,0.9
2026-06-20T04:44:23+07:00,ok,68,1075709221,1,5584752,0.7
2026-06-20T04:44:34+07:00,ok,68,1075709221,0,0,0.7
2026-06-20T04:44:45+07:00,ok,68,1075709221,0,0,0.6
2026-06-20T04:44:56+07:00,ok,68,1075709221,0,0,0.6
2026-06-20T04:45:07+07:00,ok,68,1075709221,0,0,0.7
2026-06-20T04:45:18+07:00,ok,68,1075709221,0,0,2.1
2026-06-20T04:45:29+07:00,ok,68,1075709221,0,0,0.7
2026-06-20T04:45:40+07:00,ok,68,1075709221,0,0,0.7
2026-06-20T04:45:51+07:00,ok,68,1075709221,0,0,1.1
2026-06-20T04:46:02+07:00,ok,68,1075709221,0,0,0.7
2026-06-20T04:46:13+07:00,ok,68,1075709221,0,0,0.7
2026-06-20T04:46:24+07:00,ok,69,1107511464,1,31802243,0.6
2026-06-20T04:46:35+07:00,ok,69,1107511464,0,0,0.9
2026-06-20T04:46:46+07:00,ok,69,1107511464,0,0,0.6
2026-06-20T04:46:58+07:00,ok,69,1107511464,0,0,1.2
2026-06-20T04:47:09+07:00,ok,69,1107511464,0,0,0.7
2026-06-20T04:47:20+07:00,ok,69,1107511464,0,0,0.7
2026-06-20T04:47:31+07:00,ok,69,1107511464,0,0,0.7
2026-06-20T04:47:42+07:00,ok,69,1107511464,0,0,0.8
2026-06-20T04:47:53+07:00,ok,69,1107511464,0,0,1.0
2026-06-20T04:48:04+07:00,ok,69,1107511464,0,0,0.7
2026-06-20T04:48:15+07:00,ok,69,1107511464,0,0,1.0
2026-06-20T04:48:26+07:00,ok,70,1107522541,1,11077,0.6
2026-06-20T04:48:37+07:00,ok,70,1107522541,0,0,0.9
2026-06-20T04:48:48+07:00,ok,70,1107522541,0,0,0.6
2026-06-20T04:48:59+07:00,ok,70,1107522541,0,0,0.7
2026-06-20T04:49:10+07:00,ok,70,1107522541,0,0,0.8
2026-06-20T04:49:21+07:00,ok,70,1107522541,0,0,1.4
2026-06-20T04:49:33+07:00,ok,70,1107522541,0,0,1.2
2026-06-20T04:49:44+07:00,ok,70,1107522541,0,0,0.9
2026-06-20T04:49:55+07:00,ok,70,1107522541,0,0,1.7
2026-06-20T04:50:06+07:00,ok,70,1107522541,0,0,1.0
2026-06-20T04:50:17+07:00,ok,70,1107522541,0,0,0.7
2026-06-20T04:50:28+07:00,ok,70,1107858342,0,335801,1.2
2026-06-20T04:50:39+07:00,ok,70,1107858342,0,0,1.1
2026-06-20T04:50:50+07:00,ok,70,1107858342,0,0,0.9
2026-06-20T04:51:01+07:00,ok,70,1107858342,0,0,0.6
2026-06-20T04:51:12+07:00,ok,70,1107858342,0,0,0.7
2026-06-20T04:51:23+07:00,ok,70,1107858342,0,0,0.7
2026-06-20T04:51:34+07:00,ok,70,1107858342,0,0,0.6
2026-06-20T04:51:45+07:00,ok,70,1107858342,0,0,0.6
2026-06-20T04:51:56+07:00,ok,70,1107858342,0,0,0.7
2026-06-20T04:52:07+07:00,ok,70,1107858342,0,0,1.2
2026-06-20T04:52:19+07:00,ok,70,1107858342,0,0,0.6
2026-06-20T04:52:30+07:00,ok,69,1107784220,-1,-74122,1.0
2026-06-20T04:52:41+07:00,ok,69,1107784220,0,0,1.2
2026-06-20T04:52:52+07:00,ok,69,1107784220,0,0,0.6
2026-06-20T04:53:03+07:00,ok,69,1107784220,0,0,0.6
2026-06-20T04:53:14+07:00,ok,69,1107784220,0,0,2.1
2026-06-20T04:53:25+07:00,ok,69,1107784220,0,0,0.9
2026-06-20T04:53:36+07:00,ok,69,1107784220,0,0,0.7
2026-06-20T04:53:47+07:00,ok,69,1107784220,0,0,0.9
2026-06-20T04:53:58+07:00,ok,69,1107784220,0,0,1.0
2026-06-20T04:54:10+07:00,ok,69,1107784220,0,0,2.0
2026-06-20T04:54:21+07:00,ok,69,1107784220,0,0,0.6
2026-06-20T04:54:32+07:00,ok,70,1108128954,1,344734,2.1
2026-06-20T04:54:43+07:00,ok,70,1108128954,0,0,1.0
2026-06-20T04:54:54+07:00,ok,70,1108128954,0,0,1.2
2026-06-20T04:55:05+07:00,ok,70,1108128954,0,0,0.6
2026-06-20T04:55:16+07:00,ok,70,1108128954,0,0,0.6
2026-06-20T04:55:27+07:00,ok,70,1108128954,0,0,0.6
2026-06-20T04:55:38+07:00,ok,70,1108128954,0,0,0.6
2026-06-20T04:55:49+07:00,ok,70,1108128954,0,0,0.9
2026-06-20T04:56:00+07:00,ok,70,1108128954,0,0,0.8
2026-06-20T04:56:11+07:00,ok,70,1108128954,0,0,0.7
2026-06-20T04:56:22+07:00,ok,70,1108462685,0,333731,0.9
2026-06-20T04:56:34+07:00,ok,70,1108462685,0,0,0.7
2026-06-20T04:56:45+07:00,ok,70,1108462685,0,0,1.1
2026-06-20T04:56:56+07:00,ok,70,1108462685,0,0,1.3
2026-06-20T04:57:07+07:00,ok,70,1108462685,0,0,1.5
2026-06-20T04:57:18+07:00,ok,70,1108462685,0,0,1.0
2026-06-20T04:57:29+07:00,ok,70,1108462685,0,0,1.1
2026-06-20T04:57:40+07:00,ok,70,1108462685,0,0,0.7
2026-06-20T04:57:51+07:00,ok,70,1108462685,0,0,1.0
2026-06-20T04:58:02+07:00,ok,70,1108462685,0,0,0.7
2026-06-20T04:58:13+07:00,ok,70,1108462685,0,0,0.8
2026-06-20T04:58:24+07:00,ok,70,1108804169,0,341484,0.7
2026-06-20T04:58:35+07:00,ok,70,1108804169,0,0,1.0
2026-06-20T04:58:46+07:00,ok,70,1108804169,0,0,0.7
2026-06-20T04:58:57+07:00,ok,70,1108804169,0,0,0.8
2026-06-20T04:59:08+07:00,ok,70,1108804169,0,0,0.7
2026-06-20T04:59:19+07:00,ok,70,1108804169,0,0,0.6
2026-06-20T04:59:31+07:00,ok,70,1108804169,0,0,1.0
2026-06-20T04:59:42+07:00,ok,70,1108804169,0,0,0.7
2026-06-20T04:59:53+07:00,ok,70,1108804169,0,0,0.7
2026-06-20T05:00:04+07:00,ok,70,1108804169,0,0,0.6
2026-06-20T05:00:15+07:00,ok,70,1108804169,0,0,0.6
2026-06-20T05:00:26+07:00,ok,69,1076784161,-1,-32020008,0.6
2026-06-20T05:00:37+07:00,ok,69,1076784161,0,0,1.4
2026-06-20T05:00:48+07:00,ok,69,1076784161,0,0,0.9
2026-06-20T05:00:59+07:00,ok,69,1076784161,0,0,0.8
2026-06-20T05:01:10+07:00,ok,69,1076784161,0,0,0.7
2026-06-20T05:01:21+07:00,ok,69,1076784161,0,0,0.7
2026-06-20T05:01:32+07:00,ok,69,1076784161,0,0,0.6
2026-06-20T05:01:43+07:00,ok,69,1076784161,0,0,0.7
2026-06-20T05:01:55+07:00,ok,69,1076784161,0,0,1.3
2026-06-20T05:02:06+07:00,ok,69,1076784161,0,0,1.0
2026-06-20T05:02:17+07:00,ok,69,1076784161,0,0,1.1
2026-06-20T05:02:28+07:00,ok,69,1077126035,0,341874,0.6
2026-06-20T05:02:39+07:00,ok,69,1077126035,0,0,1.9
2026-06-20T05:02:50+07:00,ok,69,1077126035,0,0,0.7
2026-06-20T05:03:01+07:00,ok,69,1077126035,0,0,1.3
2026-06-20T05:03:12+07:00,ok,69,1077126035,0,0,0.6
2026-06-20T05:03:23+07:00,ok,69,1077126035,0,0,0.6
2026-06-20T05:03:34+07:00,ok,69,1077126035,0,0,0.6
2026-06-20T05:03:45+07:00,ok,69,1077126035,0,0,0.7
2026-06-20T05:03:56+07:00,ok,69,1077126035,0,0,1.0
2026-06-20T05:04:07+07:00,ok,69,1077126035,0,0,0.6
2026-06-20T05:04:18+07:00,ok,69,1077126035,0,0,0.8
2026-06-20T05:04:30+07:00,ok,69,1077469033,0,342998,1.5
2026-06-20T05:04:41+07:00,ok,69,1077469033,0,0,0.6
2026-06-20T05:04:52+07:00,ok,69,1077469033,0,0,1.3
2026-06-20T05:05:03+07:00,ok,69,1077469033,0,0,0.7
2026-06-20T05:05:14+07:00,ok,69,1077469033,0,0,1.0
2026-06-20T05:05:25+07:00,ok,69,1077469033,0,0,0.7
2026-06-20T05:05:36+07:00,ok,69,1077469033,0,0,1.1
2026-06-20T05:05:47+07:00,ok,69,1077469033,0,0,0.7
2026-06-20T05:05:58+07:00,ok,69,1077469033,0,0,0.6
2026-06-20T05:06:09+07:00,ok,69,1077469033,0,0,1.7
2026-06-20T05:06:20+07:00,ok,69,1077469033,0,0,0.7
2026-06-20T05:06:31+07:00,ok,69,1077726441,0,257408,0.6
2026-06-20T05:06:42+07:00,ok,69,1077726441,0,0,0.6
2026-06-20T05:06:53+07:00,ok,69,1077726441,0,0,0.7
2026-06-20T05:07:04+07:00,ok,69,1077726441,0,0,0.6
2026-06-20T05:07:15+07:00,ok,69,1077726441,0,0,1.2
2026-06-20T05:07:26+07:00,ok,69,1077726441,0,0,0.8
2026-06-20T05:07:37+07:00,ok,69,1077726441,0,0,1.2
2026-06-20T05:07:48+07:00,ok,69,1077726441,0,0,0.8
2026-06-20T05:07:59+07:00,ok,69,1077726441,0,0,0.7
2026-06-20T05:08:11+07:00,ok,69,1077726441,0,0,0.6
2026-06-20T05:08:22+07:00,ok,69,1076671975,0,-1054466,4.9
2026-06-20T05:08:33+07:00,ok,69,1076671975,0,0,1.1
2026-06-20T05:08:44+07:00,ok,69,1076671975,0,0,1.2
2026-06-20T05:08:55+07:00,ok,69,1076671975,0,0,0.6
2026-06-20T05:09:06+07:00,ok,69,1076671975,0,0,0.6
2026-06-20T05:09:17+07:00,ok,69,1076671975,0,0,1.1
2026-06-20T05:09:28+07:00,ok,69,1076671975,0,0,0.7
2026-06-20T05:09:39+07:00,ok,69,1076671975,0,0,0.6
2026-06-20T05:09:50+07:00,ok,69,1076671975,0,0,0.8
2026-06-20T05:10:02+07:00,ok,69,1076671975,0,0,0.6
2026-06-20T05:10:13+07:00,ok,69,1076671975,0,0,0.7
2026-06-20T05:10:24+07:00,ok,71,1129442612,2,52770637,0.7
2026-06-20T05:10:35+07:00,ok,71,1129442612,0,0,0.8
2026-06-20T05:10:46+07:00,ok,71,1129442612,0,0,1.3
2026-06-20T05:10:57+07:00,ok,71,1129442612,0,0,1.3
2026-06-20T05:11:08+07:00,ok,71,1129442612,0,0,0.6
2026-06-20T05:11:19+07:00,ok,71,1129442612,0,0,0.7
2026-06-20T05:11:30+07:00,ok,71,1129442612,0,0,0.7
2026-06-20T05:11:41+07:00,ok,71,1129442612,0,0,0.6
2026-06-20T05:11:52+07:00,ok,71,1129442612,0,0,0.8
2026-06-20T05:12:03+07:00,ok,71,1129442612,0,0,0.8
2026-06-20T05:12:14+07:00,ok,71,1129442612,0,0,1.1
2026-06-20T05:12:25+07:00,ok,71,1129782867,0,340255,1.3
2026-06-20T05:12:36+07:00,ok,71,1129782867,0,0,0.7
2026-06-20T05:12:48+07:00,ok,71,1129782867,0,0,0.6
2026-06-20T05:12:59+07:00,ok,71,1129782867,0,0,1.8
2026-06-20T05:13:10+07:00,ok,71,1129782867,0,0,0.8
2026-06-20T05:13:21+07:00,ok,71,1129782867,0,0,0.7
2026-06-20T05:13:33+07:00,ok,71,1129782867,0,0,0.6
2026-06-20T05:13:44+07:00,ok,71,1129782867,0,0,2.5
2026-06-20T05:13:55+07:00,ok,71,1129782867,0,0,0.9
2026-06-20T05:14:06+07:00,ok,71,1129782867,0,0,0.8
2026-06-20T05:14:17+07:00,ok,71,1129782867,0,0,0.7
2026-06-20T05:14:28+07:00,ok,71,1130124379,0,341512,0.7
2026-06-20T05:14:39+07:00,ok,71,1130124379,0,0,1.2
2026-06-20T05:14:50+07:00,ok,71,1130124379,0,0,0.8
2026-06-20T05:15:01+07:00,ok,71,1130124379,0,0,1.1
2026-06-20T05:15:12+07:00,ok,71,1130124379,0,0,0.7
2026-06-20T05:15:23+07:00,ok,71,1130124379,0,0,0.7
2026-06-20T05:15:34+07:00,ok,71,1130124379,0,0,3.4
2026-06-20T05:15:45+07:00,ok,71,1130124379,0,0,1.0
2026-06-20T05:15:56+07:00,ok,71,1130124379,0,0,4.0
2026-06-20T05:16:07+07:00,ok,71,1130124379,0,0,0.7
2026-06-20T05:16:18+07:00,ok,71,1130124379,0,0,1.2
2026-06-20T05:16:29+07:00,ok,72,1135707616,1,5583237,1.3
2026-06-20T05:16:40+07:00,ok,72,1135707616,0,0,1.3
2026-06-20T05:16:51+07:00,ok,72,1135707616,0,0,0.6
2026-06-20T05:17:02+07:00,ok,72,1135707616,0,0,0.8
2026-06-20T05:17:13+07:00,ok,72,1135707616,0,0,2.3
2026-06-20T05:17:24+07:00,ok,72,1135707616,0,0,1.2
2026-06-20T05:17:35+07:00,ok,72,1135707616,0,0,0.7
2026-06-20T05:17:46+07:00,ok,72,1135707616,0,0,3.3
2026-06-20T05:17:57+07:00,ok,72,1135707616,0,0,0.7
2026-06-20T05:18:08+07:00,ok,72,1135707616,0,0,0.6
2026-06-20T05:18:19+07:00,ok,72,1135707616,0,0,0.7
2026-06-20T05:18:31+07:00,ok,72,1136047441,0,339825,4.2
2026-06-20T05:18:42+07:00,ok,72,1136047441,0,0,0.8
2026-06-20T05:18:53+07:00,ok,72,1136047441,0,0,0.7
2026-06-20T05:19:04+07:00,ok,72,1136047441,0,0,1.3
2026-06-20T05:19:15+07:00,ok,72,1136047441,0,0,0.7
2026-06-20T05:19:26+07:00,ok,72,1136047441,0,0,0.6
2026-06-20T05:19:37+07:00,ok,72,1136047441,0,0,1.0
2026-06-20T05:19:48+07:00,ok,72,1136047441,0,0,1.3
2026-06-20T05:19:59+07:00,ok,72,1136047441,0,0,0.7
2026-06-20T05:20:10+07:00,ok,72,1136047441,0,0,0.6
2026-06-20T05:20:21+07:00,ok,72,1136047441,0,0,1.2
2026-06-20T05:20:32+07:00,ok,73,1167849939,1,31802498,3.1
2026-06-20T05:20:43+07:00,ok,73,1167849939,0,0,0.8
2026-06-20T05:20:54+07:00,ok,73,1167849939,0,0,3.1
2026-06-20T05:21:05+07:00,ok,73,1167849939,0,0,0.7
2026-06-20T05:21:16+07:00,ok,73,1167849939,0,0,0.7
2026-06-20T05:21:27+07:00,ok,73,1167849939,0,0,0.6
2026-06-20T05:21:38+07:00,ok,73,1167849939,0,0,0.7
2026-06-20T05:21:50+07:00,ok,73,1167849939,0,0,1.4
2026-06-20T05:22:01+07:00,ok,73,1167849939,0,0,0.9
2026-06-20T05:22:12+07:00,ok,73,1167849939,0,0,1.4
2026-06-20T05:22:23+07:00,ok,73,1167849939,0,0,1.3
2026-06-20T05:22:34+07:00,ok,72,1135006252,-1,-32843687,1.8
2026-06-20T05:22:45+07:00,ok,72,1135006252,0,0,0.7
2026-06-20T05:22:56+07:00,ok,72,1135006252,0,0,0.6
2026-06-20T05:23:07+07:00,ok,72,1135006252,0,0,0.7
2026-06-20T05:23:18+07:00,ok,72,1135006252,0,0,0.6
2026-06-20T05:23:29+07:00,ok,72,1135006252,0,0,0.9
2026-06-20T05:23:40+07:00,ok,72,1135006252,0,0,0.9
2026-06-20T05:23:52+07:00,ok,72,1135006252,0,0,0.7
2026-06-20T05:24:03+07:00,ok,72,1135006252,0,0,1.7
2026-06-20T05:24:14+07:00,ok,72,1135006252,0,0,0.6
2026-06-20T05:24:25+07:00,ok,72,1135006252,0,0,0.8
2026-06-20T05:24:36+07:00,ok,71,1102495324,-1,-32510928,0.8
2026-06-20T05:24:47+07:00,ok,71,1102495324,0,0,0.6
2026-06-20T05:24:58+07:00,ok,71,1102495324,0,0,0.7
2026-06-20T05:25:09+07:00,ok,71,1102495324,0,0,0.8
2026-06-20T05:25:20+07:00,ok,71,1102495324,0,0,1.4
2026-06-20T05:25:31+07:00,ok,71,1102495324,0,0,0.7
2026-06-20T05:25:42+07:00,ok,71,1102495324,0,0,0.7
2026-06-20T05:25:53+07:00,ok,71,1102495324,0,0,1.2
2026-06-20T05:26:04+07:00,ok,71,1102495324,0,0,0.7
2026-06-20T05:26:15+07:00,ok,71,1102495324,0,0,0.8
2026-06-20T05:26:26+07:00,ok,71,1102495324,0,0,1.1
2026-06-20T05:26:37+07:00,ok,72,1101358167,1,-1137157,0.6
2026-06-20T05:26:49+07:00,ok,72,1101358167,0,0,0.6
2026-06-20T05:27:00+07:00,ok,72,1101358167,0,0,0.8
2026-06-20T05:27:11+07:00,ok,72,1101358167,0,0,0.8
2026-06-20T05:27:22+07:00,ok,72,1101358167,0,0,0.6
2026-06-20T05:27:33+07:00,ok,72,1101358167,0,0,0.7
2026-06-20T05:27:44+07:00,ok,72,1101358167,0,0,4.3
2026-06-20T05:27:55+07:00,ok,72,1101358167,0,0,0.7
2026-06-20T05:28:06+07:00,ok,72,1101358167,0,0,0.7
2026-06-20T05:28:17+07:00,ok,72,1101358167,0,0,1.2
2026-06-20T05:28:29+07:00,ok,73,1105291183,1,3933016,0.7
2026-06-20T05:28:40+07:00,ok,73,1133157285,0,27866102,1.0
2026-06-20T05:28:51+07:00,ok,73,1133157285,0,0,0.7
2026-06-20T05:29:02+07:00,ok,73,1133157285,0,0,0.7
2026-06-20T05:29:13+07:00,ok,73,1133157285,0,0,0.7
2026-06-20T05:29:24+07:00,ok,73,1133157285,0,0,1.0
2026-06-20T05:29:35+07:00,ok,73,1133157285,0,0,0.8
2026-06-20T05:29:46+07:00,ok,73,1133157285,0,0,0.6
2026-06-20T05:29:57+07:00,ok,73,1133157285,0,0,2.3
2026-06-20T05:30:08+07:00,ok,73,1133157285,0,0,0.7
2026-06-20T05:30:19+07:00,ok,73,1133157285,0,0,0.9
2026-06-20T05:30:30+07:00,ok,73,1133157285,0,0,0.8
2026-06-20T05:30:41+07:00,ok,73,1133498800,0,341515,1.2
2026-06-20T05:30:52+07:00,ok,73,1133498800,0,0,0.9
2026-06-20T05:31:03+07:00,ok,73,1133498800,0,0,0.9
2026-06-20T05:31:14+07:00,ok,73,1133498800,0,0,0.9
2026-06-20T05:31:25+07:00,ok,73,1133498800,0,0,0.8
2026-06-20T05:31:36+07:00,ok,73,1133498800,0,0,0.8
2026-06-20T05:31:47+07:00,ok,73,1133498800,0,0,0.8
2026-06-20T05:31:58+07:00,ok,73,1133498800,0,0,0.8
2026-06-20T05:32:10+07:00,ok,73,1133498800,0,0,1.9
2026-06-20T05:32:21+07:00,ok,73,1133498800,0,0,1.1
2026-06-20T05:32:32+07:00,ok,73,1133498800,0,0,1.6
2026-06-20T05:32:43+07:00,ok,74,1217723825,1,84225025,0.6
2026-06-20T05:32:54+07:00,ok,74,1217723825,0,0,0.7
2026-06-20T05:33:05+07:00,ok,74,1217723825,0,0,0.8
2026-06-20T05:33:16+07:00,ok,74,1217723825,0,0,0.7
2026-06-20T05:33:27+07:00,ok,74,1217723825,0,0,0.7
2026-06-20T05:33:38+07:00,ok,74,1217723825,0,0,0.9
2026-06-20T05:33:49+07:00,ok,74,1217723825,0,0,0.7
2026-06-20T05:34:00+07:00,ok,74,1217723825,0,0,1.1
2026-06-20T05:34:11+07:00,ok,74,1217723825,0,0,1.4
2026-06-20T05:34:22+07:00,ok,74,1217723825,0,0,0.6
2026-06-20T05:34:34+07:00,ok,75,1186445086,1,-31278739,1.9
2026-06-20T05:34:45+07:00,ok,75,1186445086,0,0,0.6
2026-06-20T05:34:56+07:00,ok,75,1186445086,0,0,0.9
2026-06-20T05:35:07+07:00,ok,75,1186445086,0,0,0.7
2026-06-20T05:35:18+07:00,ok,75,1186445086,0,0,1.1
2026-06-20T05:35:29+07:00,ok,75,1186445086,0,0,0.8
2026-06-20T05:35:40+07:00,ok,75,1186445086,0,0,0.7
2026-06-20T05:35:51+07:00,ok,75,1186445086,0,0,0.7
2026-06-20T05:36:02+07:00,ok,75,1186445086,0,0,0.7
2026-06-20T05:36:13+07:00,ok,75,1186445086,0,0,0.8
2026-06-20T05:36:24+07:00,ok,75,1186445086,0,0,0.8
2026-06-20T05:36:35+07:00,ok,75,1186785714,0,340628,0.6
2026-06-20T05:36:46+07:00,ok,75,1186785714,0,0,0.6
2026-06-20T05:36:57+07:00,ok,75,1186785714,0,0,0.8
2026-06-20T05:37:08+07:00,ok,75,1186785714,0,0,2.2
2026-06-20T05:37:19+07:00,ok,75,1186785714,0,0,2.0
2026-06-20T05:37:31+07:00,ok,75,1186785714,0,0,1.0
2026-06-20T05:37:42+07:00,ok,75,1186785714,0,0,0.8
2026-06-20T05:37:53+07:00,ok,75,1186785714,0,0,0.6
2026-06-20T05:38:04+07:00,ok,75,1186785714,0,0,1.1
2026-06-20T05:38:15+07:00,ok,75,1186785714,0,0,0.7
2026-06-20T05:38:26+07:00,ok,75,1186785714,0,0,0.7
2026-06-20T05:38:37+07:00,ok,75,1186388163,0,-397551,1.1
2026-06-20T05:38:48+07:00,ok,75,1186388163,0,0,0.8
2026-06-20T05:38:59+07:00,ok,75,1186388163,0,0,0.8
2026-06-20T05:39:10+07:00,ok,75,1186388163,0,0,0.7
2026-06-20T05:39:21+07:00,ok,75,1186388163,0,0,1.0
2026-06-20T05:39:32+07:00,ok,75,1186388163,0,0,1.5
2026-06-20T05:39:43+07:00,ok,75,1186388163,0,0,0.9
2026-06-20T05:39:54+07:00,ok,75,1186388163,0,0,0.9
2026-06-20T05:40:05+07:00,ok,75,1186388163,0,0,0.7
2026-06-20T05:40:16+07:00,ok,75,1186388163,0,0,0.8
2026-06-20T05:40:28+07:00,ok,75,1186388163,0,0,0.6
2026-06-20T05:40:39+07:00,ok,75,1186725862,0,337699,0.8
2026-06-20T05:40:50+07:00,ok,75,1186725862,0,0,0.7
2026-06-20T05:41:01+07:00,ok,75,1186725862,0,0,1.5
2026-06-20T05:41:12+07:00,ok,75,1186725862,0,0,3.0
2026-06-20T05:41:23+07:00,ok,75,1186725862,0,0,2.3
2026-06-20T05:41:34+07:00,ok,75,1186725862,0,0,0.6
2026-06-20T05:41:45+07:00,ok,75,1186725862,0,0,3.0
2026-06-20T05:41:57+07:00,ok,75,1186725862,0,0,1.2
2026-06-20T05:42:08+07:00,ok,75,1186725862,0,0,1.3
2026-06-20T05:42:19+07:00,ok,75,1186725862,0,0,1.3
2026-06-20T05:42:31+07:00,ok,75,1186725862,0,0,0.7
2026-06-20T05:42:42+07:00,ok,75,1187064025,0,338163,0.8
2026-06-20T05:42:53+07:00,ok,75,1187064025,0,0,0.7
2026-06-20T05:43:04+07:00,ok,75,1187064025,0,0,0.6
2026-06-20T05:43:15+07:00,ok,75,1187064025,0,0,1.8
2026-06-20T05:43:26+07:00,ok,75,1187064025,0,0,1.0
2026-06-20T05:43:37+07:00,ok,75,1187064025,0,0,1.5
2026-06-20T05:43:48+07:00,ok,75,1187064025,0,0,0.7
2026-06-20T05:43:59+07:00,ok,75,1187064025,0,0,0.6
2026-06-20T05:44:10+07:00,ok,75,1187064025,0,0,1.0
2026-06-20T05:44:21+07:00,ok,75,1187064025,0,0,0.6
2026-06-20T05:44:32+07:00,ok,75,1187064025,0,0,0.7
2026-06-20T05:44:43+07:00,ok,74,1155289176,-1,-31774849,0.8
2026-06-20T05:44:54+07:00,ok,74,1155289176,0,0,1.0
2026-06-20T05:45:06+07:00,ok,74,1155289176,0,0,1.8
2026-06-20T05:45:17+07:00,ok,74,1155289176,0,0,1.1
2026-06-20T05:45:28+07:00,ok,74,1155289176,0,0,1.2
2026-06-20T05:45:39+07:00,ok,74,1155289176,0,0,0.6
2026-06-20T05:45:50+07:00,ok,74,1155289176,0,0,0.7
2026-06-20T05:46:01+07:00,ok,74,1155289176,0,0,0.6
2026-06-20T05:46:12+07:00,ok,74,1155289176,0,0,0.6
2026-06-20T05:46:23+07:00,ok,74,1155289176,0,0,0.8
2026-06-20T05:46:34+07:00,ok,75,1155626127,1,336951,0.7
2026-06-20T05:46:45+07:00,ok,75,1155626127,0,0,0.8
2026-06-20T05:46:56+07:00,ok,75,1155626127,0,0,0.8
2026-06-20T05:47:07+07:00,ok,75,1155626127,0,0,1.5
2026-06-20T05:47:18+07:00,ok,75,1155626127,0,0,0.7
2026-06-20T05:47:29+07:00,ok,75,1155626127,0,0,0.9
2026-06-20T05:47:40+07:00,ok,75,1155626127,0,0,1.3
2026-06-20T05:47:52+07:00,ok,75,1155626127,0,0,0.9
2026-06-20T05:48:03+07:00,ok,75,1155626127,0,0,1.0
2026-06-20T05:48:14+07:00,ok,75,1155626127,0,0,0.7
2026-06-20T05:48:25+07:00,ok,75,1155626127,0,0,1.9
2026-06-20T05:48:36+07:00,ok,75,1155961246,0,335119,0.9
2026-06-20T05:48:47+07:00,ok,75,1155961246,0,0,0.8
2026-06-20T05:48:58+07:00,ok,75,1155961246,0,0,0.7
2026-06-20T05:49:09+07:00,ok,75,1155961246,0,0,0.8
2026-06-20T05:49:20+07:00,ok,75,1155961246,0,0,0.8
2026-06-20T05:49:31+07:00,ok,75,1155961246,0,0,0.9
2026-06-20T05:49:42+07:00,ok,75,1155961246,0,0,0.6
2026-06-20T05:49:53+07:00,ok,75,1155961246,0,0,1.1
2026-06-20T05:50:04+07:00,ok,75,1155961246,0,0,1.2
2026-06-20T05:50:15+07:00,ok,75,1155961246,0,0,0.8
2026-06-20T05:50:25+07:00,ok,75,1155961246,0,0,1.0
2026-06-20T05:50:36+07:00,ok,75,1156298403,0,337157,0.9
2026-06-20T05:50:47+07:00,ok,75,1156298403,0,0,0.7
2026-06-20T05:50:58+07:00,ok,75,1156298403,0,0,0.7
2026-06-20T05:51:09+07:00,ok,75,1156298403,0,0,0.6
2026-06-20T05:51:20+07:00,ok,75,1156298403,0,0,1.6
2026-06-20T05:51:31+07:00,ok,75,1156298403,0,0,0.9
2026-06-20T05:51:42+07:00,ok,75,1156298403,0,0,0.7
2026-06-20T05:51:53+07:00,ok,75,1156298403,0,0,2.4
2026-06-20T05:52:04+07:00,ok,75,1156298403,0,0,0.6
2026-06-20T05:52:15+07:00,ok,75,1156298403,0,0,0.7
2026-06-20T05:52:26+07:00,ok,75,1156298403,0,0,0.8
2026-06-20T05:52:37+07:00,ok,75,1156637463,0,339060,2.8
2026-06-20T05:52:48+07:00,ok,75,1156637463,0,0,0.7
2026-06-20T05:52:59+07:00,ok,75,1156637463,0,0,0.6
2026-06-20T05:53:10+07:00,ok,75,1156637463,0,0,0.7
2026-06-20T05:53:21+07:00,ok,75,1156637463,0,0,0.8
2026-06-20T05:53:31+07:00,ok,75,1156637463,0,0,2.0
2026-06-20T05:53:42+07:00,ok,75,1156637463,0,0,0.7
2026-06-20T05:53:53+07:00,ok,75,1156637463,0,0,0.8
2026-06-20T05:54:04+07:00,ok,75,1156637463,0,0,0.6
2026-06-20T05:54:15+07:00,ok,75,1156637463,0,0,0.7
2026-06-20T05:54:26+07:00,ok,75,1156637463,0,0,0.6
2026-06-20T05:54:37+07:00,ok,75,1156974816,0,337353,0.7
2026-06-20T05:54:48+07:00,ok,75,1156974816,0,0,0.7
2026-06-20T05:54:59+07:00,ok,75,1156974816,0,0,0.9
2026-06-20T05:55:10+07:00,ok,75,1156974816,0,0,0.6
2026-06-20T05:55:21+07:00,ok,75,1156974816,0,0,1.4
2026-06-20T05:55:32+07:00,ok,75,1156974816,0,0,4.0
2026-06-20T05:55:43+07:00,ok,75,1156974816,0,0,0.8
2026-06-20T05:55:54+07:00,ok,75,1156974816,0,0,1.0
2026-06-20T05:56:05+07:00,ok,75,1156974816,0,0,0.9
2026-06-20T05:56:16+07:00,ok,75,1156974816,0,0,0.6
2026-06-20T05:56:27+07:00,ok,75,1156974816,0,0,0.7
2026-06-20T05:56:38+07:00,ok,75,1157316929,0,342113,0.6
2026-06-20T05:56:49+07:00,ok,75,1157316929,0,0,0.7
2026-06-20T05:57:00+07:00,ok,75,1157316929,0,0,1.1
2026-06-20T05:57:11+07:00,ok,75,1157316929,0,0,2.1
2026-06-20T05:57:22+07:00,ok,75,1157316929,0,0,2.7
2026-06-20T05:57:33+07:00,ok,75,1157316929,0,0,0.6
2026-06-20T05:57:43+07:00,ok,75,1157316929,0,0,0.7
2026-06-20T05:57:54+07:00,ok,75,1157316929,0,0,0.8
2026-06-20T05:58:05+07:00,ok,75,1157316929,0,0,0.7
2026-06-20T05:58:16+07:00,ok,75,1157316929,0,0,0.7
2026-06-20T05:58:27+07:00,ok,75,1157316929,0,0,0.7
2026-06-20T05:58:38+07:00,ok,75,1157658829,0,341900,0.7
2026-06-20T05:58:49+07:00,ok,75,1157658829,0,0,0.7
2026-06-20T05:59:00+07:00,ok,75,1157658829,0,0,0.6
2026-06-20T05:59:11+07:00,ok,75,1157658829,0,0,0.7
2026-06-20T05:59:22+07:00,ok,75,1157658829,0,0,0.6
2026-06-20T05:59:33+07:00,ok,75,1157658829,0,0,0.8
2026-06-20T05:59:44+07:00,ok,75,1157658829,0,0,0.9
2026-06-20T05:59:55+07:00,ok,75,1157658829,0,0,0.6
2026-06-20T06:00:06+07:00,ok,75,1157658829,0,0,0.9
2026-06-20T06:00:17+07:00,ok,75,1157658829,0,0,0.8
2026-06-20T06:00:28+07:00,ok,75,1157658829,0,0,1.1
2026-06-20T06:00:39+07:00,ok,75,1123424936,0,-34233893,0.8
2026-06-20T06:00:50+07:00,ok,75,1123424936,0,0,1.5
2026-06-20T06:01:00+07:00,ok,75,1123424936,0,0,0.7
2026-06-20T06:01:11+07:00,ok,75,1123424936,0,0,0.6
2026-06-20T06:01:22+07:00,ok,75,1123424936,0,0,0.8
2026-06-20T06:01:33+07:00,ok,75,1123424936,0,0,0.8
2026-06-20T06:01:44+07:00,ok,75,1123424936,0,0,1.0
2026-06-20T06:01:55+07:00,ok,75,1123424936,0,0,0.7
2026-06-20T06:02:06+07:00,ok,75,1123424936,0,0,0.7
2026-06-20T06:02:17+07:00,ok,75,1123424936,0,0,1.1
2026-06-20T06:02:28+07:00,ok,75,1123424936,0,0,2.5
2026-06-20T06:02:39+07:00,ok,75,1123763748,0,338812,1.4
2026-06-20T06:02:50+07:00,ok,75,1123763748,0,0,0.6
2026-06-20T06:03:01+07:00,ok,75,1123763748,0,0,0.8
2026-06-20T06:03:12+07:00,ok,75,1123763748,0,0,1.3
2026-06-20T06:03:23+07:00,ok,75,1123763748,0,0,0.7
2026-06-20T06:03:34+07:00,ok,75,1123763748,0,0,1.1
2026-06-20T06:03:45+07:00,ok,75,1123763748,0,0,0.6
2026-06-20T06:03:56+07:00,ok,75,1123763748,0,0,0.6
2026-06-20T06:04:07+07:00,ok,75,1123763748,0,0,0.6
2026-06-20T06:04:18+07:00,ok,75,1123763748,0,0,0.7
2026-06-20T06:04:29+07:00,ok,75,1123763748,0,0,1.0
2026-06-20T06:04:40+07:00,ok,76,1124102616,1,338868,0.7
2026-06-20T06:04:51+07:00,ok,76,1124102616,0,0,0.8
2026-06-20T06:05:01+07:00,ok,76,1124102616,0,0,0.8
2026-06-20T06:05:12+07:00,ok,76,1124102616,0,0,1.2
2026-06-20T06:05:23+07:00,ok,76,1124102616,0,0,0.8
2026-06-20T06:05:34+07:00,ok,76,1124102616,0,0,0.8
2026-06-20T06:05:45+07:00,ok,76,1124102616,0,0,0.7
2026-06-20T06:05:56+07:00,ok,76,1124102616,0,0,1.1
2026-06-20T06:06:07+07:00,ok,76,1124102616,0,0,1.4
2026-06-20T06:06:18+07:00,ok,76,1124102616,0,0,0.8
2026-06-20T06:06:29+07:00,ok,76,1124102616,0,0,0.8
2026-06-20T06:06:40+07:00,ok,76,1124439433,0,336817,1.4
2026-06-20T06:06:51+07:00,ok,76,1124439433,0,0,0.6
2026-06-20T06:07:02+07:00,ok,76,1124439433,0,0,1.1
2026-06-20T06:07:13+07:00,ok,76,1124439433,0,0,1.2
2026-06-20T06:07:24+07:00,ok,76,1124439433,0,0,0.7
2026-06-20T06:07:35+07:00,ok,76,1124439433,0,0,1.0
2026-06-20T06:07:46+07:00,ok,76,1124439433,0,0,0.8
2026-06-20T06:07:57+07:00,ok,76,1124439433,0,0,1.1
2026-06-20T06:08:07+07:00,ok,76,1124439433,0,0,1.1
2026-06-20T06:08:18+07:00,ok,76,1124439433,0,0,0.8
2026-06-20T06:08:29+07:00,ok,76,1124439433,0,0,1.2
2026-06-20T06:08:40+07:00,ok,76,1124776882,0,337449,0.7
2026-06-20T06:08:51+07:00,ok,76,1124776882,0,0,1.0
2026-06-20T06:09:02+07:00,ok,76,1124776882,0,0,0.6
2026-06-20T06:09:13+07:00,ok,76,1124776882,0,0,0.7
2026-06-20T06:09:24+07:00,ok,76,1124776882,0,0,0.7
2026-06-20T06:09:35+07:00,ok,76,1124776882,0,0,0.7
2026-06-20T06:09:46+07:00,ok,76,1124776882,0,0,1.1
2026-06-20T06:09:57+07:00,ok,76,1124776882,0,0,0.7
2026-06-20T06:10:08+07:00,ok,76,1124776882,0,0,0.6
2026-06-20T06:10:19+07:00,ok,76,1124776882,0,0,1.8
2026-06-20T06:10:30+07:00,ok,76,1124776882,0,0,0.7
2026-06-20T06:10:41+07:00,ok,76,1125118699,0,341817,0.6
2026-06-20T06:10:52+07:00,ok,76,1125118699,0,0,2.5
2026-06-20T06:11:03+07:00,ok,76,1125118699,0,0,0.6
2026-06-20T06:11:14+07:00,ok,76,1125118699,0,0,0.7
2026-06-20T06:11:25+07:00,ok,76,1125118699,0,0,0.8
2026-06-20T06:11:36+07:00,ok,76,1125118699,0,0,0.7
2026-06-20T06:11:47+07:00,ok,76,1125118699,0,0,1.4
2026-06-20T06:11:58+07:00,ok,76,1125118699,0,0,0.7
2026-06-20T06:12:09+07:00,ok,76,1125118699,0,0,1.4
2026-06-20T06:12:20+07:00,ok,76,1125118699,0,0,1.1
2026-06-20T06:12:30+07:00,ok,76,1125118699,0,0,0.7
2026-06-20T06:12:41+07:00,ok,76,1125456974,0,338275,3.6
2026-06-20T06:12:52+07:00,ok,76,1125456974,0,0,1.2
2026-06-20T06:13:03+07:00,ok,76,1125456974,0,0,0.6
2026-06-20T06:13:14+07:00,ok,76,1125456974,0,0,1.0
2026-06-20T06:13:25+07:00,ok,76,1125456974,0,0,0.8
2026-06-20T06:13:36+07:00,ok,76,1125456974,0,0,0.7
2026-06-20T06:13:47+07:00,ok,76,1125456974,0,0,1.3
2026-06-20T06:13:58+07:00,ok,76,1125456974,0,0,0.8
2026-06-20T06:14:09+07:00,ok,76,1125456974,0,0,0.8
2026-06-20T06:14:20+07:00,ok,76,1125456974,0,0,0.8
2026-06-20T06:14:31+07:00,ok,76,1125456974,0,0,0.7
2026-06-20T06:14:42+07:00,ok,77,1178225246,1,52768272,0.6
2026-06-20T06:14:53+07:00,ok,77,1178225246,0,0,1.0
2026-06-20T06:15:04+07:00,ok,77,1178225246,0,0,0.7
2026-06-20T06:15:15+07:00,ok,77,1178225246,0,0,0.7
2026-06-20T06:15:26+07:00,ok,77,1178225246,0,0,1.0
2026-06-20T06:15:37+07:00,ok,77,1178225246,0,0,1.7
2026-06-20T06:15:48+07:00,ok,77,1178225246,0,0,0.7
2026-06-20T06:15:59+07:00,ok,77,1178225246,0,0,1.9
2026-06-20T06:16:10+07:00,ok,77,1178225246,0,0,0.9
2026-06-20T06:16:21+07:00,ok,77,1178225246,0,0,0.8
2026-06-20T06:16:32+07:00,ok,77,1178225246,0,0,0.7
2026-06-20T06:16:43+07:00,ok,78,1178568886,1,343640,1.1
2026-06-20T06:16:54+07:00,ok,78,1178568886,0,0,0.6
2026-06-20T06:17:04+07:00,ok,78,1178568886,0,0,1.0
2026-06-20T06:17:15+07:00,ok,78,1178568886,0,0,0.7
2026-06-20T06:17:26+07:00,ok,78,1178568886,0,0,0.6
2026-06-20T06:17:37+07:00,ok,78,1178568886,0,0,0.6
2026-06-20T06:17:48+07:00,ok,78,1178568886,0,0,0.7
2026-06-20T06:17:59+07:00,ok,78,1178568886,0,0,0.7
2026-06-20T06:18:10+07:00,ok,78,1178568886,0,0,2.0
2026-06-20T06:18:21+07:00,ok,78,1178568886,0,0,0.7
2026-06-20T06:18:32+07:00,ok,78,1178568886,0,0,1.1
2026-06-20T06:18:43+07:00,ok,78,1178912191,0,343305,0.6
2026-06-20T06:18:54+07:00,ok,78,1178912191,0,0,1.4
2026-06-20T06:19:05+07:00,ok,78,1178912191,0,0,0.7
2026-06-20T06:19:16+07:00,ok,78,1178912191,0,0,0.9
2026-06-20T06:19:27+07:00,ok,78,1178912191,0,0,0.7
2026-06-20T06:19:38+07:00,ok,78,1178912191,0,0,0.9
2026-06-20T06:19:49+07:00,ok,78,1178912191,0,0,0.8
2026-06-20T06:20:00+07:00,ok,78,1178912191,0,0,0.7
2026-06-20T06:20:11+07:00,ok,78,1178912191,0,0,0.6
2026-06-20T06:20:22+07:00,ok,78,1178912191,0,0,0.6
2026-06-20T06:20:33+07:00,ok,78,1178912191,0,0,1.1
2026-06-20T06:20:44+07:00,ok,78,1179256106,0,343915,0.6
2026-06-20T06:20:55+07:00,ok,78,1179256106,0,0,0.8
2026-06-20T06:21:06+07:00,ok,78,1179256106,0,0,0.7
2026-06-20T06:21:17+07:00,ok,78,1179256106,0,0,0.8
2026-06-20T06:21:27+07:00,ok,78,1179256106,0,0,0.9
2026-06-20T06:21:38+07:00,ok,78,1179256106,0,0,0.6
2026-06-20T06:21:49+07:00,ok,78,1179256106,0,0,0.7
2026-06-20T06:22:00+07:00,ok,78,1179256106,0,0,1.0
2026-06-20T06:22:11+07:00,ok,78,1179256106,0,0,1.2
2026-06-20T06:22:22+07:00,ok,78,1179256106,0,0,1.0
2026-06-20T06:22:33+07:00,ok,78,1179256106,0,0,0.7
2026-06-20T06:22:44+07:00,ok,78,1179510808,0,254702,0.9
2026-06-20T06:22:55+07:00,ok,78,1179510808,0,0,0.9
2026-06-20T06:23:06+07:00,ok,78,1179510808,0,0,0.7
2026-06-20T06:23:17+07:00,ok,78,1179510808,0,0,0.8
2026-06-20T06:23:28+07:00,ok,78,1179510808,0,0,1.2
2026-06-20T06:23:39+07:00,ok,78,1179510808,0,0,2.2
2026-06-20T06:23:50+07:00,ok,78,1179510808,0,0,0.8
2026-06-20T06:24:01+07:00,ok,78,1179510808,0,0,1.2
2026-06-20T06:24:12+07:00,ok,78,1179510808,0,0,1.3
2026-06-20T06:24:23+07:00,ok,78,1179510808,0,0,1.0
2026-06-20T06:24:34+07:00,ok,78,1179510808,0,0,1.0
2026-06-20T06:24:45+07:00,ok,78,1179855336,0,344528,0.8
2026-06-20T06:24:56+07:00,ok,78,1179855336,0,0,1.0
2026-06-20T06:25:07+07:00,ok,78,1179855336,0,0,0.7
2026-06-20T06:25:17+07:00,ok,78,1179855336,0,0,0.9
2026-06-20T06:25:28+07:00,ok,78,1179855336,0,0,0.8
2026-06-20T06:25:40+07:00,ok,78,1179855336,0,0,2.2
2026-06-20T06:25:50+07:00,ok,78,1179855336,0,0,0.6
2026-06-20T06:26:02+07:00,ok,78,1179855336,0,0,0.8
2026-06-20T06:26:13+07:00,ok,78,1179855336,0,0,0.8
2026-06-20T06:26:24+07:00,ok,78,1179855336,0,0,0.7
2026-06-20T06:26:35+07:00,ok,78,1179855336,0,0,0.9
2026-06-20T06:26:46+07:00,ok,79,1180196340,1,341004,1.1
2026-06-20T06:26:57+07:00,ok,79,1180196340,0,0,0.6
2026-06-20T06:27:08+07:00,ok,79,1180196340,0,0,1.0
2026-06-20T06:27:19+07:00,ok,79,1180196340,0,0,0.8
2026-06-20T06:27:30+07:00,ok,79,1180196340,0,0,0.9
2026-06-20T06:27:41+07:00,ok,79,1180196340,0,0,1.2
2026-06-20T06:27:52+07:00,ok,79,1180196340,0,0,1.5
2026-06-20T06:28:03+07:00,ok,79,1180196340,0,0,2.7
2026-06-20T06:28:14+07:00,ok,79,1180196340,0,0,2.1
2026-06-20T06:28:25+07:00,ok,79,1180196340,0,0,1.8
2026-06-20T06:28:36+07:00,ok,80,1180538669,1,342329,0.8
2026-06-20T06:28:47+07:00,ok,80,1180538669,0,0,0.8
2026-06-20T06:28:58+07:00,ok,80,1180538669,0,0,0.8
2026-06-20T06:29:09+07:00,ok,80,1180538669,0,0,0.8
2026-06-20T06:29:20+07:00,ok,80,1180538669,0,0,1.1
2026-06-20T06:29:31+07:00,ok,80,1180538669,0,0,0.8
2026-06-20T06:29:42+07:00,ok,80,1180538669,0,0,0.9
2026-06-20T06:29:53+07:00,ok,80,1180538669,0,0,0.6
2026-06-20T06:30:05+07:00,ok,80,1180538669,0,0,5.1
2026-06-20T06:30:16+07:00,ok,80,1180538669,0,0,1.1
2026-06-20T06:30:27+07:00,ok,80,1180538669,0,0,0.7
2026-06-20T06:30:38+07:00,ok,80,1180886122,0,347453,0.9
2026-06-20T06:30:49+07:00,ok,80,1180886122,0,0,0.6
2026-06-20T06:31:00+07:00,ok,80,1180886122,0,0,0.9
2026-06-20T06:31:11+07:00,ok,80,1180886122,0,0,1.6
2026-06-20T06:31:22+07:00,ok,80,1180886122,0,0,1.0
2026-06-20T06:31:33+07:00,ok,80,1180886122,0,0,0.7
2026-06-20T06:31:44+07:00,ok,80,1180886122,0,0,0.7
2026-06-20T06:31:55+07:00,ok,80,1180886122,0,0,0.6
2026-06-20T06:32:06+07:00,ok,80,1180886122,0,0,1.2
2026-06-20T06:32:17+07:00,ok,80,1180886122,0,0,0.8
2026-06-20T06:32:28+07:00,ok,80,1180886122,0,0,1.2
2026-06-20T06:32:40+07:00,ok,80,1181228444,0,342322,0.6
2026-06-20T06:32:52+07:00,ok,80,1181228444,0,0,0.9
2026-06-20T06:33:03+07:00,ok,80,1181228444,0,0,1.5
2026-06-20T06:33:15+07:00,ok,80,1181228444,0,0,0.9
2026-06-20T06:33:26+07:00,ok,80,1181228444,0,0,0.6
2026-06-20T06:33:37+07:00,ok,80,1181228444,0,0,1.7
2026-06-20T06:33:49+07:00,ok,80,1181228444,0,0,0.7
2026-06-20T06:34:00+07:00,ok,80,1181228444,0,0,1.0
2026-06-20T06:34:11+07:00,ok,80,1181228444,0,0,0.7
2026-06-20T06:34:23+07:00,ok,80,1181228444,0,0,0.9
2026-06-20T06:34:38+07:00,ok,80,1181569832,0,341388,3.4
2026-06-20T06:34:50+07:00,ok,80,1181569832,0,0,0.6
2026-06-20T06:35:02+07:00,ok,80,1181569832,0,0,0.6
2026-06-20T06:35:13+07:00,ok,80,1181569832,0,0,0.7
2026-06-20T06:35:24+07:00,ok,80,1181569832,0,0,0.6
2026-06-20T06:35:35+07:00,ok,80,1181569832,0,0,0.9
2026-06-20T06:35:46+07:00,ok,80,1181569832,0,0,1.3
2026-06-20T06:35:57+07:00,ok,80,1181569832,0,0,1.0
2026-06-20T06:36:08+07:00,ok,80,1181569832,0,0,0.7
2026-06-20T06:36:19+07:00,ok,80,1181569832,0,0,0.7
2026-06-20T06:36:30+07:00,ok,80,1181569832,0,0,1.3
2026-06-20T06:36:41+07:00,ok,81,1234338208,1,52768376,0.8
2026-06-20T06:36:52+07:00,ok,81,1234338208,0,0,0.6
2026-06-20T06:37:03+07:00,ok,81,1234338208,0,0,1.2
2026-06-20T06:37:14+07:00,ok,81,1234338208,0,0,0.8
2026-06-20T06:37:25+07:00,ok,81,1234338208,0,0,0.7
2026-06-20T06:37:36+07:00,ok,81,1234338208,0,0,1.3
2026-06-20T06:37:47+07:00,ok,81,1234338208,0,0,0.8
2026-06-20T06:37:58+07:00,ok,81,1234338208,0,0,1.3
2026-06-20T06:38:09+07:00,ok,81,1234338208,0,0,1.1
2026-06-20T06:38:20+07:00,ok,81,1234338208,0,0,0.6
2026-06-20T06:38:31+07:00,ok,81,1234338208,0,0,1.3
2026-06-20T06:38:42+07:00,ok,81,1234677468,0,339260,2.4
2026-06-20T06:38:53+07:00,ok,81,1234677468,0,0,1.7
2026-06-20T06:39:04+07:00,ok,81,1234677468,0,0,0.7
2026-06-20T06:39:15+07:00,ok,81,1234677468,0,0,1.0
2026-06-20T06:39:26+07:00,ok,81,1234677468,0,0,0.8
2026-06-20T06:39:37+07:00,ok,81,1234677468,0,0,1.1
2026-06-20T06:39:48+07:00,ok,81,1234677468,0,0,1.3
2026-06-20T06:39:59+07:00,ok,81,1234677468,0,0,0.8
2026-06-20T06:40:10+07:00,ok,81,1234677468,0,0,0.7
2026-06-20T06:40:21+07:00,ok,81,1234677468,0,0,0.7
2026-06-20T06:40:32+07:00,ok,81,1234677468,0,0,1.5
2026-06-20T06:40:43+07:00,ok,82,1235022215,1,344747,1.1
2026-06-20T06:40:54+07:00,ok,82,1235022215,0,0,1.8
2026-06-20T06:41:05+07:00,ok,82,1235022215,0,0,0.7
2026-06-20T06:41:16+07:00,ok,82,1235022215,0,0,4.8
2026-06-20T06:41:27+07:00,ok,82,1235022215,0,0,1.2
2026-06-20T06:41:38+07:00,ok,82,1235022215,0,0,0.8
2026-06-20T06:41:49+07:00,ok,82,1235022215,0,0,0.7
2026-06-20T06:42:00+07:00,ok,82,1235022215,0,0,0.8
2026-06-20T06:42:11+07:00,ok,82,1235022215,0,0,0.6
2026-06-20T06:42:22+07:00,ok,82,1235022215,0,0,0.7
2026-06-20T06:42:34+07:00,ok,82,1235022215,0,0,0.9
2026-06-20T06:42:46+07:00,ok,82,1235362866,0,340651,9.6
2026-06-20T06:42:57+07:00,ok,82,1235362866,0,0,1.6
2026-06-20T06:43:09+07:00,ok,82,1235362866,0,0,0.6
2026-06-20T06:43:20+07:00,ok,82,1235362866,0,0,0.7
2026-06-20T06:43:31+07:00,ok,82,1235362866,0,0,0.9
2026-06-20T06:43:42+07:00,ok,82,1235362866,0,0,0.9
2026-06-20T06:43:53+07:00,ok,82,1235362866,0,0,1.9
2026-06-20T06:44:04+07:00,ok,82,1235362866,0,0,0.6
2026-06-20T06:44:15+07:00,ok,82,1235362866,0,0,2.7
2026-06-20T06:44:26+07:00,ok,82,1235362866,0,0,1.5
2026-06-20T06:44:37+07:00,ok,82,1235690718,0,327852,0.8
2026-06-20T06:44:49+07:00,ok,83,1288129306,1,52438588,0.8
2026-06-20T06:45:00+07:00,ok,83,1288129306,0,0,0.7
2026-06-20T06:45:11+07:00,ok,83,1288129306,0,0,1.0
2026-06-20T06:45:22+07:00,ok,83,1288129306,0,0,0.6
2026-06-20T06:45:33+07:00,ok,83,1288129306,0,0,3.7
2026-06-20T06:45:44+07:00,ok,83,1288129306,0,0,0.8
2026-06-20T06:45:55+07:00,ok,83,1288129306,0,0,0.7
2026-06-20T06:46:06+07:00,ok,83,1288129306,0,0,0.8
2026-06-20T06:46:17+07:00,ok,83,1288129306,0,0,2.2
2026-06-20T06:46:28+07:00,ok,83,1288129306,0,0,4.1
2026-06-20T06:46:39+07:00,ok,83,1288469913,0,340607,0.8
2026-06-20T06:46:50+07:00,ok,83,1288469913,0,0,1.4
2026-06-20T06:47:01+07:00,ok,83,1288469913,0,0,0.7
2026-06-20T06:47:12+07:00,ok,83,1288469913,0,0,0.8
2026-06-20T06:47:23+07:00,ok,83,1288469913,0,0,0.7
2026-06-20T06:47:34+07:00,ok,83,1288469913,0,0,0.9
2026-06-20T06:47:45+07:00,ok,83,1288469913,0,0,0.8
2026-06-20T06:47:56+07:00,ok,83,1288469913,0,0,1.2
2026-06-20T06:48:07+07:00,ok,83,1288469913,0,0,0.9
2026-06-20T06:48:18+07:00,ok,83,1288469913,0,0,0.9
2026-06-20T06:48:29+07:00,ok,83,1288469913,0,0,0.9
2026-06-20T06:48:40+07:00,ok,83,1288808607,0,338694,1.6
2026-06-20T06:48:51+07:00,ok,83,1288808607,0,0,1.0
2026-06-20T06:49:02+07:00,ok,83,1288808607,0,0,0.8
2026-06-20T06:49:13+07:00,ok,83,1288808607,0,0,0.8
2026-06-20T06:49:24+07:00,ok,83,1288808607,0,0,0.8
2026-06-20T06:49:35+07:00,ok,83,1288808607,0,0,1.6
2026-06-20T06:49:46+07:00,ok,83,1288808607,0,0,0.9
2026-06-20T06:49:57+07:00,ok,83,1288808607,0,0,1.0
2026-06-20T06:50:08+07:00,ok,83,1288808607,0,0,0.8
2026-06-20T06:50:19+07:00,ok,83,1288808607,0,0,1.1
2026-06-20T06:50:30+07:00,ok,83,1288808607,0,0,1.8
2026-06-20T06:50:41+07:00,ok,83,1289149356,0,340749,0.8
2026-06-20T06:50:51+07:00,ok,83,1289149356,0,0,0.8
2026-06-20T06:51:02+07:00,ok,83,1289149356,0,0,0.7
2026-06-20T06:51:13+07:00,ok,83,1289149356,0,0,0.8
2026-06-20T06:51:24+07:00,ok,83,1289149356,0,0,0.6
2026-06-20T06:51:35+07:00,ok,83,1289149356,0,0,0.9
2026-06-20T06:51:46+07:00,ok,83,1289149356,0,0,1.2
2026-06-20T06:51:57+07:00,ok,83,1289149356,0,0,2.0
2026-06-20T06:52:08+07:00,ok,83,1289149356,0,0,0.8
2026-06-20T06:52:19+07:00,ok,83,1289149356,0,0,0.9
2026-06-20T06:52:30+07:00,ok,83,1289149356,0,0,0.7
2026-06-20T06:52:41+07:00,ok,83,1289485633,0,336277,1.0
2026-06-20T06:52:52+07:00,ok,83,1289485633,0,0,1.5
2026-06-20T06:53:03+07:00,ok,83,1289485633,0,0,1.0
2026-06-20T06:53:14+07:00,ok,83,1289485633,0,0,0.9
2026-06-20T06:53:25+07:00,ok,83,1289485633,0,0,0.8
2026-06-20T06:53:36+07:00,ok,83,1289485633,0,0,0.8
2026-06-20T06:53:47+07:00,ok,83,1289485633,0,0,0.9
2026-06-20T06:53:58+07:00,ok,83,1289485633,0,0,0.8
2026-06-20T06:54:09+07:00,ok,83,1289485633,0,0,1.2
2026-06-20T06:54:20+07:00,ok,83,1289485633,0,0,0.9
2026-06-20T06:54:30+07:00,ok,83,1289485633,0,0,0.7
2026-06-20T06:54:41+07:00,ok,84,1373710527,1,84224894,0.8
2026-06-20T06:54:52+07:00,ok,84,1373710527,0,0,0.8
2026-06-20T06:55:03+07:00,ok,84,1373710527,0,0,0.8
2026-06-20T06:55:14+07:00,ok,84,1373710527,0,0,1.1
2026-06-20T06:55:25+07:00,ok,84,1373710527,0,0,0.7
2026-06-20T06:55:36+07:00,ok,84,1373710527,0,0,0.7
2026-06-20T06:55:47+07:00,ok,84,1373710527,0,0,0.7
2026-06-20T06:55:58+07:00,ok,84,1373710527,0,0,1.2
2026-06-20T06:56:09+07:00,ok,84,1373710527,0,0,0.6
2026-06-20T06:56:20+07:00,ok,84,1373710527,0,0,0.8
2026-06-20T06:56:31+07:00,ok,84,1373710527,0,0,0.7
2026-06-20T06:56:42+07:00,ok,84,1374051887,0,341360,0.6
2026-06-20T06:56:53+07:00,ok,84,1374051887,0,0,1.7
2026-06-20T06:57:04+07:00,ok,84,1374051887,0,0,0.7
2026-06-20T06:57:15+07:00,ok,84,1374051887,0,0,0.8
2026-06-20T06:57:26+07:00,ok,84,1374051887,0,0,2.5
2026-06-20T06:57:36+07:00,ok,84,1374051887,0,0,0.7
2026-06-20T06:57:47+07:00,ok,84,1374051887,0,0,1.8
2026-06-20T06:57:58+07:00,ok,84,1374051887,0,0,1.0
2026-06-20T06:58:09+07:00,ok,84,1374051887,0,0,0.8
2026-06-20T06:58:20+07:00,ok,84,1374051887,0,0,0.6
2026-06-20T06:58:31+07:00,ok,84,1374051887,0,0,0.8
2026-06-20T06:58:42+07:00,ok,85,1379633862,1,5581975,1.1
2026-06-20T06:58:53+07:00,ok,85,1379633862,0,0,2.2
2026-06-20T06:59:04+07:00,ok,85,1379633862,0,0,0.7
2026-06-20T06:59:15+07:00,ok,85,1379633862,0,0,0.8
2026-06-20T06:59:26+07:00,ok,85,1379633862,0,0,0.7
2026-06-20T06:59:37+07:00,ok,85,1379633862,0,0,1.2
2026-06-20T06:59:48+07:00,ok,85,1379633862,0,0,0.7
2026-06-20T06:59:59+07:00,ok,85,1379633862,0,0,1.3
2026-06-20T07:00:10+07:00,ok,85,1379633862,0,0,2.2
2026-06-20T07:00:21+07:00,ok,85,1379633862,0,0,0.8
2026-06-20T07:00:31+07:00,ok,85,1379633862,0,0,0.7
2026-06-20T07:00:42+07:00,ok,85,1379976318,0,342456,0.8
2026-06-20T07:00:53+07:00,ok,85,1379976318,0,0,0.9
2026-06-20T07:01:04+07:00,ok,85,1379976318,0,0,1.1
2026-06-20T07:01:15+07:00,ok,85,1379976318,0,0,0.7
2026-06-20T07:01:26+07:00,ok,85,1379976318,0,0,0.8
2026-06-20T07:01:37+07:00,ok,85,1379976318,0,0,0.7
2026-06-20T07:01:48+07:00,ok,85,1379976318,0,0,0.8
2026-06-20T07:01:59+07:00,ok,85,1379976318,0,0,0.7
2026-06-20T07:02:10+07:00,ok,85,1379976318,0,0,0.7
2026-06-20T07:02:21+07:00,ok,85,1379976318,0,0,1.0
2026-06-20T07:02:32+07:00,ok,85,1379976318,0,0,1.4
2026-06-20T07:02:43+07:00,ok,85,1380317116,0,340798,1.5
2026-06-20T07:02:54+07:00,ok,85,1380317116,0,0,1.3
2026-06-20T07:03:05+07:00,ok,85,1380317116,0,0,0.8
2026-06-20T07:03:16+07:00,ok,85,1380317116,0,0,1.2
2026-06-20T07:03:27+07:00,ok,85,1380317116,0,0,1.4
2026-06-20T07:03:38+07:00,ok,85,1380317116,0,0,0.9
2026-06-20T07:03:49+07:00,ok,85,1380317116,0,0,1.2
2026-06-20T07:04:00+07:00,ok,85,1380317116,0,0,0.7
2026-06-20T07:04:11+07:00,ok,85,1380317116,0,0,1.2
2026-06-20T07:04:22+07:00,ok,85,1380317116,0,0,1.5
2026-06-20T07:04:33+07:00,ok,85,1380317116,0,0,1.4
2026-06-20T07:04:44+07:00,ok,85,1380659102,0,341986,0.7
2026-06-20T07:04:55+07:00,ok,85,1380659102,0,0,0.8
2026-06-20T07:05:06+07:00,ok,85,1380659102,0,0,0.7
2026-06-20T07:05:17+07:00,ok,85,1380659102,0,0,0.8
2026-06-20T07:05:28+07:00,ok,85,1380659102,0,0,0.7
2026-06-20T07:05:39+07:00,ok,85,1380659102,0,0,0.8
2026-06-20T07:05:50+07:00,ok,85,1380659102,0,0,1.0
2026-06-20T07:06:01+07:00,ok,85,1380659102,0,0,1.3
2026-06-20T07:06:12+07:00,ok,85,1380659102,0,0,0.9
2026-06-20T07:06:23+07:00,ok,85,1380659102,0,0,0.8
2026-06-20T07:06:34+07:00,ok,85,1380659102,0,0,1.3
2026-06-20T07:06:44+07:00,ok,85,1380999060,0,339958,0.8
2026-06-20T07:06:55+07:00,ok,85,1380999060,0,0,0.9
2026-06-20T07:07:06+07:00,ok,85,1380999060,0,0,0.9
2026-06-20T07:07:17+07:00,ok,85,1380999060,0,0,0.9
2026-06-20T07:07:28+07:00,ok,85,1380999060,0,0,0.8
2026-06-20T07:07:39+07:00,ok,85,1380999060,0,0,0.9
2026-06-20T07:07:50+07:00,ok,85,1380999060,0,0,1.1
2026-06-20T07:08:01+07:00,ok,85,1380999060,0,0,0.8
2026-06-20T07:08:12+07:00,ok,85,1380999060,0,0,0.8
2026-06-20T07:08:23+07:00,ok,85,1380999060,0,0,1.3
2026-06-20T07:08:34+07:00,ok,85,1380999060,0,0,0.8
2026-06-20T07:08:45+07:00,ok,85,1381336521,0,337461,0.8
2026-06-20T07:08:56+07:00,ok,85,1381336521,0,0,1.2
2026-06-20T07:09:07+07:00,ok,85,1381336521,0,0,0.8
2026-06-20T07:09:18+07:00,ok,85,1381336521,0,0,1.2
2026-06-20T07:09:29+07:00,ok,85,1381336521,0,0,1.3
2026-06-20T07:09:40+07:00,ok,85,1381336521,0,0,1.6
2026-06-20T07:09:50+07:00,ok,85,1381336521,0,0,0.8
2026-06-20T07:10:02+07:00,ok,85,1381336521,0,0,1.3
2026-06-20T07:10:12+07:00,ok,85,1381336521,0,0,0.8
2026-06-20T07:10:23+07:00,ok,85,1381336521,0,0,1.0
2026-06-20T07:10:34+07:00,ok,85,1381336521,0,0,1.5
2026-06-20T07:10:45+07:00,ok,86,1413135957,1,31799436,0.7
2026-06-20T07:10:56+07:00,ok,86,1413135957,0,0,0.7
2026-06-20T07:11:07+07:00,ok,86,1413135957,0,0,0.7
2026-06-20T07:11:18+07:00,ok,86,1413135957,0,0,1.0
2026-06-20T07:11:29+07:00,ok,86,1413135957,0,0,0.7
2026-06-20T07:11:40+07:00,ok,86,1413135957,0,0,0.7
2026-06-20T07:11:51+07:00,ok,86,1413135957,0,0,0.8
2026-06-20T07:12:02+07:00,ok,86,1413135957,0,0,0.9
2026-06-20T07:12:13+07:00,ok,86,1413135957,0,0,1.0
2026-06-20T07:12:24+07:00,ok,86,1413135957,0,0,1.8
2026-06-20T07:12:35+07:00,ok,86,1413135957,0,0,0.7
2026-06-20T07:12:46+07:00,ok,87,1413477585,1,341628,0.8
2026-06-20T07:12:57+07:00,ok,87,1413477585,0,0,1.4
2026-06-20T07:13:08+07:00,ok,87,1413477585,0,0,0.7
2026-06-20T07:13:19+07:00,ok,87,1413477585,0,0,1.5
2026-06-20T07:13:29+07:00,ok,87,1413477585,0,0,0.7
2026-06-20T07:13:40+07:00,ok,87,1413477585,0,0,0.8
2026-06-20T07:13:51+07:00,ok,87,1413477585,0,0,1.2
2026-06-20T07:14:02+07:00,ok,87,1413477585,0,0,1.0
2026-06-20T07:14:13+07:00,ok,87,1413477585,0,0,0.8
2026-06-20T07:14:24+07:00,ok,87,1413477585,0,0,1.1
2026-06-20T07:14:35+07:00,ok,87,1413477585,0,0,1.0
2026-06-20T07:14:46+07:00,ok,88,1413819133,1,341548,0.8
2026-06-20T07:14:57+07:00,ok,88,1413819133,0,0,1.0
2026-06-20T07:15:08+07:00,ok,88,1413819133,0,0,1.0
2026-06-20T07:15:19+07:00,ok,88,1413819133,0,0,0.8
2026-06-20T07:15:30+07:00,ok,88,1413819133,0,0,0.7
2026-06-20T07:15:41+07:00,ok,88,1413819133,0,0,1.0
2026-06-20T07:15:52+07:00,ok,88,1413819133,0,0,0.9
2026-06-20T07:16:03+07:00,ok,88,1413819133,0,0,0.8
2026-06-20T07:16:14+07:00,ok,88,1413819133,0,0,0.8
2026-06-20T07:16:24+07:00,ok,88,1413819133,0,0,1.6
2026-06-20T07:16:35+07:00,ok,88,1413819133,0,0,1.0
2026-06-20T07:16:46+07:00,ok,88,1414155372,0,336239,0.8
2026-06-20T07:16:57+07:00,ok,88,1414155372,0,0,0.9
2026-06-20T07:17:08+07:00,ok,88,1414155372,0,0,1.0
2026-06-20T07:17:19+07:00,ok,88,1414155372,0,0,0.8
2026-06-20T07:17:30+07:00,ok,88,1414155372,0,0,0.7
2026-06-20T07:17:41+07:00,ok,88,1414155372,0,0,0.7
2026-06-20T07:17:52+07:00,ok,88,1414155372,0,0,1.0
2026-06-20T07:18:03+07:00,ok,88,1414155372,0,0,0.8
2026-06-20T07:18:14+07:00,ok,88,1414155372,0,0,0.8
2026-06-20T07:18:25+07:00,ok,88,1414155372,0,0,0.7
2026-06-20T07:18:35+07:00,ok,88,1414155372,0,0,0.8
2026-06-20T07:18:46+07:00,ok,88,1414495757,0,340385,0.9
2026-06-20T07:18:57+07:00,ok,88,1414495757,0,0,0.8
2026-06-20T07:19:08+07:00,ok,88,1414495757,0,0,0.9
2026-06-20T07:19:19+07:00,ok,88,1414495757,0,0,0.9
2026-06-20T07:19:30+07:00,ok,88,1414495757,0,0,0.7
2026-06-20T07:19:41+07:00,ok,88,1414495757,0,0,0.8
2026-06-20T07:19:52+07:00,ok,88,1414495757,0,0,0.7
2026-06-20T07:20:03+07:00,ok,88,1414495757,0,0,0.9
2026-06-20T07:20:14+07:00,ok,88,1414495757,0,0,1.1
2026-06-20T07:20:25+07:00,ok,88,1414495757,0,0,1.9
2026-06-20T07:20:36+07:00,ok,88,1414495757,0,0,1.1
2026-06-20T07:20:47+07:00,ok,88,1414831264,0,335507,0.8
2026-06-20T07:20:58+07:00,ok,88,1414831264,0,0,0.9
2026-06-20T07:21:09+07:00,ok,88,1414831264,0,0,0.7
2026-06-20T07:21:20+07:00,ok,88,1414831264,0,0,1.0
2026-06-20T07:21:31+07:00,ok,88,1414831264,0,0,0.8
2026-06-20T07:21:42+07:00,ok,88,1414831264,0,0,1.2
2026-06-20T07:21:53+07:00,ok,88,1414831264,0,0,0.8
2026-06-20T07:22:04+07:00,ok,88,1414831264,0,0,0.7
2026-06-20T07:22:15+07:00,ok,88,1414831264,0,0,0.7
2026-06-20T07:22:26+07:00,ok,88,1414831264,0,0,1.0
2026-06-20T07:22:37+07:00,ok,88,1414831264,0,0,0.8
2026-06-20T07:22:48+07:00,ok,88,1415171459,0,340195,0.8
2026-06-20T07:22:58+07:00,ok,88,1415171459,0,0,0.9
2026-06-20T07:23:10+07:00,ok,88,1415171459,0,0,1.0
2026-06-20T07:23:20+07:00,ok,88,1415171459,0,0,0.8
2026-06-20T07:23:32+07:00,ok,88,1415171459,0,0,0.9
2026-06-20T07:23:43+07:00,ok,88,1415171459,0,0,0.9
2026-06-20T07:23:54+07:00,ok,88,1415171459,0,0,0.8
2026-06-20T07:24:05+07:00,ok,88,1415171459,0,0,0.9
2026-06-20T07:24:15+07:00,ok,88,1415171459,0,0,1.3
2026-06-20T07:24:26+07:00,ok,88,1415171459,0,0,0.8
2026-06-20T07:24:37+07:00,ok,88,1415171459,0,0,0.8
2026-06-20T07:24:48+07:00,ok,89,1415515935,1,344476,0.8
2026-06-20T07:24:59+07:00,ok,89,1415515935,0,0,0.7
2026-06-20T07:25:10+07:00,ok,89,1415515935,0,0,0.7
2026-06-20T07:25:21+07:00,ok,89,1415515935,0,0,0.8
2026-06-20T07:25:32+07:00,ok,89,1415515935,0,0,1.4
2026-06-20T07:25:43+07:00,ok,89,1415515935,0,0,0.9
2026-06-20T07:25:54+07:00,ok,89,1415515935,0,0,1.8
2026-06-20T07:26:05+07:00,ok,89,1415515935,0,0,0.8
2026-06-20T07:26:16+07:00,ok,89,1415515935,0,0,0.8
2026-06-20T07:26:27+07:00,ok,89,1415515935,0,0,1.9
2026-06-20T07:26:38+07:00,ok,89,1415515935,0,0,0.9
2026-06-20T07:26:49+07:00,ok,89,1415862403,0,346468,0.7
2026-06-20T07:27:00+07:00,ok,89,1415862403,0,0,0.9
2026-06-20T07:27:11+07:00,ok,89,1415862403,0,0,1.0
2026-06-20T07:27:22+07:00,ok,89,1415862403,0,0,1.9
2026-06-20T07:27:32+07:00,ok,89,1415862403,0,0,1.0
2026-06-20T07:27:43+07:00,ok,89,1415862403,0,0,0.8
2026-06-20T07:27:54+07:00,ok,89,1415862403,0,0,0.8
2026-06-20T07:28:05+07:00,ok,89,1415862403,0,0,1.1
2026-06-20T07:28:16+07:00,ok,89,1415862403,0,0,1.5
2026-06-20T07:28:27+07:00,ok,89,1415862403,0,0,0.8
2026-06-20T07:28:38+07:00,ok,89,1415862403,0,0,0.7
2026-06-20T07:28:49+07:00,ok,89,1416206971,0,344568,1.0
2026-06-20T07:29:00+07:00,ok,89,1416206971,0,0,0.8
2026-06-20T07:29:11+07:00,ok,89,1416206971,0,0,0.7
2026-06-20T07:29:22+07:00,ok,89,1416206971,0,0,0.7
2026-06-20T07:29:33+07:00,ok,89,1416206971,0,0,0.8
2026-06-20T07:29:43+07:00,ok,89,1416206971,0,0,0.8
2026-06-20T07:29:54+07:00,ok,89,1416206971,0,0,0.8
2026-06-20T07:30:05+07:00,ok,89,1416206971,0,0,1.3
2026-06-20T07:30:16+07:00,ok,89,1416206971,0,0,0.9
2026-06-20T07:30:27+07:00,ok,89,1416206971,0,0,0.8
2026-06-20T07:30:38+07:00,ok,89,1416206971,0,0,0.7
2026-06-20T07:30:49+07:00,ok,88,1416547599,-1,340628,0.8
2026-06-20T07:31:00+07:00,ok,88,1416547599,0,0,0.8
2026-06-20T07:31:11+07:00,ok,88,1416547599,0,0,0.8
2026-06-20T07:31:22+07:00,ok,88,1416547599,0,0,0.8
2026-06-20T07:31:33+07:00,ok,88,1416547599,0,0,0.7
2026-06-20T07:31:44+07:00,ok,88,1416547599,0,0,1.7
2026-06-20T07:31:55+07:00,ok,88,1416547599,0,0,0.8
2026-06-20T07:32:06+07:00,ok,88,1416547599,0,0,1.2
2026-06-20T07:32:17+07:00,ok,88,1416547599,0,0,0.8
2026-06-20T07:32:28+07:00,ok,88,1416547599,0,0,1.1
2026-06-20T07:32:38+07:00,ok,88,1416547599,0,0,0.8
2026-06-20T07:32:49+07:00,ok,87,1415582631,-1,-964968,2.4
2026-06-20T07:33:00+07:00,ok,87,1415582631,0,0,0.8
2026-06-20T07:33:11+07:00,ok,87,1415582631,0,0,1.0
2026-06-20T07:33:22+07:00,ok,87,1415582631,0,0,1.1
2026-06-20T07:33:33+07:00,ok,87,1415582631,0,0,0.7
2026-06-20T07:33:44+07:00,ok,87,1415582631,0,0,0.8
2026-06-20T07:33:55+07:00,ok,87,1415582631,0,0,0.8
2026-06-20T07:34:06+07:00,ok,87,1415582631,0,0,0.7
2026-06-20T07:34:17+07:00,ok,87,1415582631,0,0,0.8
2026-06-20T07:34:28+07:00,ok,87,1415582631,0,0,4.6
2026-06-20T07:34:39+07:00,ok,87,1415582631,0,0,0.8
2026-06-20T07:34:50+07:00,ok,87,1415928951,0,346320,2.8
2026-06-20T07:35:01+07:00,ok,87,1415928951,0,0,1.0
2026-06-20T07:35:12+07:00,ok,87,1415928951,0,0,0.7
2026-06-20T07:35:23+07:00,ok,87,1415928951,0,0,1.0
2026-06-20T07:35:34+07:00,ok,87,1415928951,0,0,1.5
2026-06-20T07:35:45+07:00,ok,87,1415928951,0,0,0.8
2026-06-20T07:35:56+07:00,ok,87,1415928951,0,0,1.2
2026-06-20T07:36:07+07:00,ok,87,1415928951,0,0,0.8
2026-06-20T07:36:18+07:00,ok,87,1415928951,0,0,0.9
2026-06-20T07:36:28+07:00,ok,87,1415928951,0,0,0.8
2026-06-20T07:36:39+07:00,ok,87,1415928951,0,0,1.3
2026-06-20T07:36:50+07:00,ok,87,1416267691,0,338740,1.1
2026-06-20T07:37:01+07:00,ok,87,1416267691,0,0,0.7
2026-06-20T07:37:12+07:00,ok,87,1416267691,0,0,0.8
2026-06-20T07:37:23+07:00,ok,87,1416267691,0,0,0.8
2026-06-20T07:37:34+07:00,ok,87,1416267691,0,0,0.7
2026-06-20T07:37:45+07:00,ok,87,1416267691,0,0,0.9
2026-06-20T07:37:56+07:00,ok,87,1416267691,0,0,1.0
2026-06-20T07:38:07+07:00,ok,87,1416267691,0,0,2.4
2026-06-20T07:38:18+07:00,ok,87,1416267691,0,0,0.8
2026-06-20T07:38:29+07:00,ok,87,1416267691,0,0,0.8
2026-06-20T07:38:40+07:00,ok,87,1416267691,0,0,1.3
2026-06-20T07:38:51+07:00,ok,87,1416609440,0,341749,1.7
2026-06-20T07:39:02+07:00,ok,87,1416609440,0,0,0.9
2026-06-20T07:39:13+07:00,ok,87,1416609440,0,0,1.4
2026-06-20T07:39:25+07:00,ok,87,1416609440,0,0,2.5
2026-06-20T07:39:36+07:00,ok,87,1416609440,0,0,0.8
2026-06-20T07:39:47+07:00,ok,87,1416609440,0,0,3.2
2026-06-20T07:39:58+07:00,ok,87,1416609440,0,0,0.7
2026-06-20T07:40:09+07:00,ok,87,1416609440,0,0,2.6
2026-06-20T07:40:20+07:00,ok,87,1416609440,0,0,0.8
2026-06-20T07:40:31+07:00,ok,87,1416609440,0,0,1.9
2026-06-20T07:40:42+07:00,ok,87,1416609440,0,0,3.0
2026-06-20T07:40:53+07:00,ok,87,1416948669,0,339229,0.9
2026-06-20T07:41:05+07:00,ok,87,1416948669,0,0,0.9
2026-06-20T07:41:16+07:00,ok,87,1416948669,0,0,1.2
2026-06-20T07:41:27+07:00,ok,87,1416948669,0,0,5.0
2026-06-20T07:41:38+07:00,ok,87,1416948669,0,0,1.1
2026-06-20T07:41:49+07:00,ok,87,1416948669,0,0,1.2
2026-06-20T07:42:00+07:00,ok,87,1416948669,0,0,1.2
2026-06-20T07:42:11+07:00,ok,87,1416948669,0,0,0.7
2026-06-20T07:42:22+07:00,ok,87,1416948669,0,0,5.3
2026-06-20T07:42:33+07:00,ok,87,1416948669,0,0,1.2
2026-06-20T07:42:45+07:00,ok,87,1416948669,0,0,0.8
2026-06-20T07:42:56+07:00,ok,87,1417289769,0,341100,0.8
2026-06-20T07:43:07+07:00,ok,87,1417289769,0,0,0.7
2026-06-20T07:43:20+07:00,ok,87,1417289769,0,0,0.7
2026-06-20T07:43:31+07:00,ok,87,1417289769,0,0,1.2
2026-06-20T07:43:42+07:00,ok,87,1417289769,0,0,0.9
2026-06-20T07:43:54+07:00,ok,87,1417289769,0,0,7.1
2026-06-20T07:44:05+07:00,ok,87,1417289769,0,0,5.1
2026-06-20T07:44:16+07:00,ok,87,1417289769,0,0,0.7
2026-06-20T07:44:27+07:00,ok,87,1417289769,0,0,2.8
2026-06-20T07:44:38+07:00,ok,87,1417289769,0,0,0.8
2026-06-20T07:44:49+07:00,ok,87,1381908637,0,-35381132,1.1
2026-06-20T07:45:01+07:00,ok,87,1381908637,0,0,0.7
2026-06-20T07:45:12+07:00,ok,87,1381908637,0,0,2.2
2026-06-20T07:45:23+07:00,ok,87,1381908637,0,0,1.5
2026-06-20T07:45:34+07:00,ok,87,1381908637,0,0,3.3
2026-06-20T07:45:45+07:00,ok,87,1381908637,0,0,0.9
2026-06-20T07:45:56+07:00,ok,87,1381908637,0,0,1.0
2026-06-20T07:46:07+07:00,ok,87,1381908637,0,0,0.7
2026-06-20T07:46:18+07:00,ok,87,1381908637,0,0,0.7
2026-06-20T07:46:29+07:00,ok,87,1381908637,0,0,0.8
2026-06-20T07:46:40+07:00,ok,87,1381908637,0,0,0.7
2026-06-20T07:46:51+07:00,ok,87,1382253931,0,345294,0.7
2026-06-20T07:47:02+07:00,ok,87,1382253931,0,0,1.0
2026-06-20T07:47:14+07:00,ok,87,1382253931,0,0,2.8
2026-06-20T07:47:25+07:00,ok,87,1382253931,0,0,1.4
2026-06-20T07:47:36+07:00,ok,87,1382253931,0,0,1.7
2026-06-20T07:47:47+07:00,ok,87,1382253931,0,0,1.5
2026-06-20T07:47:58+07:00,ok,87,1382253931,0,0,0.9
2026-06-20T07:48:09+07:00,ok,87,1382253931,0,0,0.9
2026-06-20T07:48:20+07:00,ok,87,1382253931,0,0,0.9
2026-06-20T07:48:32+07:00,ok,87,1382253931,0,0,0.8
2026-06-20T07:48:43+07:00,ok,87,1382253931,0,0,2.8
2026-06-20T07:48:54+07:00,ok,88,1382587584,1,333653,0.9
2026-06-20T07:49:05+07:00,ok,88,1382587584,0,0,0.8
2026-06-20T07:49:16+07:00,ok,88,1382587584,0,0,2.6
2026-06-20T07:49:27+07:00,ok,88,1382587584,0,0,1.0
2026-06-20T07:49:38+07:00,ok,88,1382587584,0,0,0.8
2026-06-20T07:49:49+07:00,ok,88,1382587584,0,0,1.2
2026-06-20T07:50:00+07:00,ok,88,1382587584,0,0,1.1
2026-06-20T07:50:11+07:00,ok,88,1382587584,0,0,3.1
2026-06-20T07:50:23+07:00,ok,88,1382587584,0,0,2.6
2026-06-20T07:50:34+07:00,ok,88,1382587584,0,0,2.4
2026-06-20T07:50:46+07:00,ok,88,1382587584,0,0,4.6
2026-06-20T07:50:57+07:00,ok,88,1382921340,0,333756,1.1
2026-06-20T07:51:08+07:00,ok,88,1382921340,0,0,0.7
2026-06-20T07:51:19+07:00,ok,88,1382921340,0,0,2.2
2026-06-20T07:51:31+07:00,ok,88,1382921340,0,0,1.0
2026-06-20T07:51:42+07:00,ok,88,1382921340,0,0,0.8
2026-06-20T07:51:53+07:00,ok,88,1382921340,0,0,0.9
2026-06-20T07:52:04+07:00,ok,88,1382921340,0,0,0.8
2026-06-20T07:52:15+07:00,ok,88,1382921340,0,0,0.7
2026-06-20T07:52:26+07:00,ok,88,1382921340,0,0,0.9
2026-06-20T07:52:37+07:00,ok,88,1382921340,0,0,0.7
2026-06-20T07:52:48+07:00,ok,88,1383263188,0,341848,1.1
2026-06-20T07:52:59+07:00,ok,88,1383263188,0,0,2.3
2026-06-20T07:53:11+07:00,ok,88,1383263188,0,0,2.3
2026-06-20T07:53:22+07:00,ok,88,1383263188,0,0,1.9
2026-06-20T07:53:33+07:00,ok,88,1383263188,0,0,1.3
2026-06-20T07:53:44+07:00,ok,88,1383263188,0,0,1.0
2026-06-20T07:53:55+07:00,ok,88,1383263188,0,0,1.3
2026-06-20T07:54:06+07:00,ok,88,1383263188,0,0,1.0
2026-06-20T07:54:17+07:00,ok,88,1383263188,0,0,0.8
2026-06-20T07:54:28+07:00,ok,88,1383263188,0,0,0.7
2026-06-20T07:54:39+07:00,ok,88,1383263188,0,0,0.9
2026-06-20T07:54:51+07:00,ok,88,1383600027,0,336839,0.7
2026-06-20T07:55:02+07:00,ok,88,1383600027,0,0,1.0
2026-06-20T07:55:13+07:00,ok,88,1383600027,0,0,0.7
2026-06-20T07:55:24+07:00,ok,88,1383600027,0,0,2.5
2026-06-20T07:55:35+07:00,ok,88,1383600027,0,0,0.9
2026-06-20T07:55:46+07:00,ok,88,1383600027,0,0,1.4
2026-06-20T07:55:58+07:00,ok,88,1383600027,0,0,0.9
2026-06-20T07:56:09+07:00,ok,88,1383600027,0,0,0.7
2026-06-20T07:56:20+07:00,ok,88,1383600027,0,0,1.4
2026-06-20T07:56:31+07:00,ok,88,1383600027,0,0,0.8
2026-06-20T07:56:42+07:00,ok,88,1383600027,0,0,0.7
2026-06-20T07:56:53+07:00,ok,88,1383936293,0,336266,2.4
2026-06-20T07:57:04+07:00,ok,88,1383936293,0,0,4.0
2026-06-20T07:57:15+07:00,ok,88,1383936293,0,0,1.3
2026-06-20T07:57:26+07:00,ok,88,1383936293,0,0,0.9
2026-06-20T07:57:37+07:00,ok,88,1383936293,0,0,0.8
2026-06-20T07:57:48+07:00,ok,88,1383936293,0,0,1.0
2026-06-20T07:57:59+07:00,ok,88,1383936293,0,0,0.9
2026-06-20T07:58:11+07:00,ok,88,1383936293,0,0,0.7
2026-06-20T07:58:22+07:00,ok,88,1383936293,0,0,2.3
2026-06-20T07:58:33+07:00,ok,88,1383936293,0,0,1.1
2026-06-20T07:58:44+07:00,ok,88,1383936293,0,0,0.7
2026-06-20T07:58:55+07:00,ok,89,1389353386,1,5417093,0.7
2026-06-20T07:59:06+07:00,ok,89,1389353386,0,0,1.0
2026-06-20T07:59:17+07:00,ok,89,1389353386,0,0,1.9
2026-06-20T07:59:28+07:00,ok,89,1389353386,0,0,1.1
2026-06-20T07:59:39+07:00,ok,89,1389353386,0,0,2.1
2026-06-20T07:59:50+07:00,ok,89,1389353386,0,0,4.4
2026-06-20T08:00:01+07:00,ok,89,1389353386,0,0,0.9
2026-06-20T08:00:12+07:00,ok,89,1389353386,0,0,0.8
2026-06-20T08:00:24+07:00,ok,89,1389353386,0,0,0.8
2026-06-20T08:00:35+07:00,ok,89,1389353386,0,0,0.9
2026-06-20T08:00:46+07:00,ok,89,1389353386,0,0,2.3
2026-06-20T08:00:57+07:00,ok,89,1389695038,0,341652,0.8
2026-06-20T08:01:08+07:00,ok,89,1389695038,0,0,0.9
2026-06-20T08:01:19+07:00,ok,89,1389695038,0,0,0.8
2026-06-20T08:01:31+07:00,ok,89,1389695038,0,0,1.1
2026-06-20T08:01:42+07:00,ok,89,1389695038,0,0,0.8
2026-06-20T08:01:53+07:00,ok,89,1389695038,0,0,0.8
2026-06-20T08:02:04+07:00,ok,89,1389695038,0,0,0.7
2026-06-20T08:02:15+07:00,ok,89,1389695038,0,0,2.6
2026-06-20T08:02:26+07:00,ok,89,1389695038,0,0,2.1
2026-06-20T08:02:38+07:00,ok,89,1389695038,0,0,0.9
2026-06-20T08:02:49+07:00,ok,89,1388800463,0,-894575,2.0
2026-06-20T08:03:00+07:00,ok,89,1388800463,0,0,1.3
2026-06-20T08:03:11+07:00,ok,89,1388800463,0,0,5.1
2026-06-20T08:03:22+07:00,ok,89,1388800463,0,0,0.7
2026-06-20T08:03:34+07:00,ok,89,1388800463,0,0,0.8
2026-06-20T08:03:46+07:00,ok,89,1388800463,0,0,1.7
2026-06-20T08:03:57+07:00,ok,89,1388800463,0,0,2.1
2026-06-20T08:04:09+07:00,ok,89,1388800463,0,0,0.7
2026-06-20T08:04:20+07:00,ok,89,1388800463,0,0,3.5
2026-06-20T08:04:31+07:00,ok,89,1388800463,0,0,0.8
2026-06-20T08:04:42+07:00,ok,89,1388800463,0,0,1.7
2026-06-20T08:04:54+07:00,ok,89,1389145555,0,345092,1.4
2026-06-20T08:05:05+07:00,ok,89,1389145555,0,0,3.9
2026-06-20T08:05:16+07:00,ok,89,1389145555,0,0,4.1
2026-06-20T08:05:27+07:00,ok,89,1389145555,0,0,0.8
2026-06-20T08:05:39+07:00,ok,89,1389145555,0,0,2.5
2026-06-20T08:05:50+07:00,ok,89,1389145555,0,0,1.8
2026-06-20T08:06:01+07:00,ok,89,1389145555,0,0,1.0
2026-06-20T08:06:13+07:00,ok,89,1389145555,0,0,1.8
2026-06-20T08:06:24+07:00,ok,89,1389145555,0,0,0.7
2026-06-20T08:06:35+07:00,ok,89,1389145555,0,0,0.8
2026-06-20T08:06:47+07:00,ok,89,1389145555,0,0,2.3
2026-06-20T08:06:58+07:00,ok,89,1389491734,0,346179,0.9
2026-06-20T08:07:10+07:00,ok,89,1389491734,0,0,0.9
2026-06-20T08:07:21+07:00,ok,89,1389491734,0,0,2.2
2026-06-20T08:07:32+07:00,ok,89,1389491734,0,0,2.6
2026-06-20T08:07:43+07:00,ok,89,1389491734,0,0,2.4
2026-06-20T08:07:54+07:00,ok,89,1389491734,0,0,0.7
2026-06-20T08:08:06+07:00,ok,89,1389491734,0,0,1.2
2026-06-20T08:08:17+07:00,ok,89,1389491734,0,0,1.7
2026-06-20T08:08:28+07:00,ok,89,1389491734,0,0,3.1
2026-06-20T08:08:39+07:00,ok,89,1389491734,0,0,1.0
2026-06-20T08:08:50+07:00,ok,89,1389828139,0,336405,1.9
2026-06-20T08:09:02+07:00,ok,89,1389828139,0,0,0.7
2026-06-20T08:09:13+07:00,ok,89,1389828139,0,0,1.7
2026-06-20T08:09:24+07:00,ok,89,1389828139,0,0,0.8
2026-06-20T08:09:35+07:00,ok,89,1389828139,0,0,2.6
2026-06-20T08:09:46+07:00,ok,89,1389828139,0,0,0.8
2026-06-20T08:09:58+07:00,ok,89,1389828139,0,0,1.7
2026-06-20T08:10:09+07:00,ok,89,1389828139,0,0,2.0
2026-06-20T08:10:20+07:00,ok,89,1389828139,0,0,0.9
2026-06-20T08:10:31+07:00,ok,89,1389828139,0,0,6.3
2026-06-20T08:10:42+07:00,ok,89,1389828139,0,0,0.7
2026-06-20T08:10:54+07:00,ok,89,1390168149,0,340010,4.1
2026-06-20T08:11:05+07:00,ok,89,1390168149,0,0,0.9
2026-06-20T08:11:16+07:00,ok,89,1390168149,0,0,0.7
2026-06-20T08:11:27+07:00,ok,89,1390168149,0,0,1.9
2026-06-20T08:11:38+07:00,ok,89,1390168149,0,0,0.8
2026-06-20T08:11:49+07:00,ok,89,1390168149,0,0,0.7
2026-06-20T08:12:00+07:00,ok,89,1390168149,0,0,0.9
2026-06-20T08:12:11+07:00,ok,89,1390168149,0,0,0.8
2026-06-20T08:12:23+07:00,ok,89,1390168149,0,0,1.5
2026-06-20T08:12:34+07:00,ok,89,1390168149,0,0,0.7
2026-06-20T08:12:45+07:00,ok,89,1390168149,0,0,1.3
2026-06-20T08:12:56+07:00,ok,90,1395745992,1,5577843,0.9
2026-06-20T08:13:07+07:00,ok,90,1395745992,0,0,0.7
2026-06-20T08:13:18+07:00,ok,90,1395745992,0,0,1.2
2026-06-20T08:13:29+07:00,ok,90,1395745992,0,0,0.8
2026-06-20T08:13:40+07:00,ok,90,1395745992,0,0,1.2
2026-06-20T08:13:51+07:00,ok,90,1395745992,0,0,0.8
2026-06-20T08:14:02+07:00,ok,90,1395745992,0,0,1.0
2026-06-20T08:14:13+07:00,ok,90,1395745992,0,0,0.9
2026-06-20T08:14:24+07:00,ok,90,1395745992,0,0,1.2
2026-06-20T08:14:35+07:00,ok,90,1395745992,0,0,0.9
2026-06-20T08:14:46+07:00,ok,90,1395745992,0,0,0.9
2026-06-20T08:14:57+07:00,ok,91,1401328640,1,5582648,0.8
2026-06-20T08:15:08+07:00,ok,91,1401328640,0,0,0.7
2026-06-20T08:15:19+07:00,ok,91,1401328640,0,0,0.7
2026-06-20T08:15:30+07:00,ok,91,1401328640,0,0,1.0
2026-06-20T08:15:41+07:00,ok,91,1401328640,0,0,0.7
2026-06-20T08:15:52+07:00,ok,91,1401328640,0,0,0.8
2026-06-20T08:16:03+07:00,ok,91,1401328640,0,0,1.0
2026-06-20T08:16:14+07:00,ok,91,1401328640,0,0,0.8
2026-06-20T08:16:24+07:00,ok,91,1401328640,0,0,2.0
2026-06-20T08:16:35+07:00,ok,91,1401328640,0,0,0.8
2026-06-20T08:16:46+07:00,ok,91,1401328640,0,0,1.2
2026-06-20T08:16:57+07:00,ok,90,1401667127,-1,338487,0.8
2026-06-20T08:17:08+07:00,ok,90,1401667127,0,0,0.7
2026-06-20T08:17:19+07:00,ok,90,1401667127,0,0,1.2
2026-06-20T08:17:30+07:00,ok,90,1401667127,0,0,1.0
2026-06-20T08:17:41+07:00,ok,90,1401667127,0,0,1.1
2026-06-20T08:17:52+07:00,ok,90,1401667127,0,0,0.8
2026-06-20T08:18:03+07:00,ok,90,1401667127,0,0,1.5
2026-06-20T08:18:14+07:00,ok,90,1401667127,0,0,0.8
2026-06-20T08:18:25+07:00,ok,90,1401667127,0,0,0.7
2026-06-20T08:18:36+07:00,ok,90,1401667127,0,0,1.1
2026-06-20T08:18:47+07:00,ok,90,1401667127,0,0,0.8
2026-06-20T08:18:58+07:00,ok,91,1402002643,1,335516,2.3
2026-06-20T08:19:09+07:00,ok,91,1402002643,0,0,0.8
2026-06-20T08:19:20+07:00,ok,91,1402002643,0,0,0.9
2026-06-20T08:19:31+07:00,ok,91,1402002643,0,0,1.4
2026-06-20T08:19:42+07:00,ok,91,1402002643,0,0,0.7
2026-06-20T08:19:52+07:00,ok,91,1402002643,0,0,0.9
2026-06-20T08:20:03+07:00,ok,91,1402002643,0,0,0.8
2026-06-20T08:20:14+07:00,ok,91,1402002643,0,0,0.7
2026-06-20T08:20:25+07:00,ok,91,1402002643,0,0,0.7
2026-06-20T08:20:36+07:00,ok,91,1402002643,0,0,0.8
2026-06-20T08:20:47+07:00,ok,91,1402002643,0,0,1.2
2026-06-20T08:20:58+07:00,ok,91,1402343317,0,340674,0.9
2026-06-20T08:21:09+07:00,ok,91,1402343317,0,0,0.8
2026-06-20T08:21:20+07:00,ok,91,1402343317,0,0,1.4
2026-06-20T08:21:31+07:00,ok,91,1402343317,0,0,0.8
2026-06-20T08:21:42+07:00,ok,91,1402343317,0,0,0.9
2026-06-20T08:21:53+07:00,ok,91,1402343317,0,0,0.7
2026-06-20T08:22:04+07:00,ok,91,1402343317,0,0,0.8
2026-06-20T08:22:15+07:00,ok,91,1402343317,0,0,1.1
2026-06-20T08:22:26+07:00,ok,91,1402343317,0,0,0.8
2026-06-20T08:22:37+07:00,ok,91,1402343317,0,0,1.5
2026-06-20T08:22:48+07:00,ok,91,1402343317,0,0,0.8
2026-06-20T08:22:59+07:00,ok,91,1402688720,0,345403,0.7
2026-06-20T08:23:10+07:00,ok,91,1402688720,0,0,0.8
2026-06-20T08:23:21+07:00,ok,91,1402688720,0,0,0.8
2026-06-20T08:23:32+07:00,ok,91,1402688720,0,0,0.7
2026-06-20T08:23:43+07:00,ok,91,1402688720,0,0,0.9
2026-06-20T08:23:54+07:00,ok,91,1402688720,0,0,0.7
2026-06-20T08:24:05+07:00,ok,91,1402688720,0,0,1.4
2026-06-20T08:24:16+07:00,ok,91,1402688720,0,0,2.2
2026-06-20T08:24:27+07:00,ok,91,1402688720,0,0,1.2
2026-06-20T08:24:38+07:00,ok,91,1402688720,0,0,1.1
2026-06-20T08:24:49+07:00,ok,91,1402688720,0,0,0.9
2026-06-20T08:25:00+07:00,ok,91,1403035599,0,346879,0.9
2026-06-20T08:25:11+07:00,ok,91,1403035599,0,0,1.0
2026-06-20T08:25:22+07:00,ok,91,1403035599,0,0,0.8
2026-06-20T08:25:33+07:00,ok,91,1403035599,0,0,0.7
2026-06-20T08:25:44+07:00,ok,91,1403035599,0,0,0.8
2026-06-20T08:25:55+07:00,ok,91,1403035599,0,0,0.9
2026-06-20T08:26:06+07:00,ok,91,1403035599,0,0,0.8
2026-06-20T08:26:17+07:00,ok,91,1403035599,0,0,0.9
2026-06-20T08:26:28+07:00,ok,91,1403035599,0,0,0.8
2026-06-20T08:26:39+07:00,ok,91,1403035599,0,0,0.9
2026-06-20T08:26:50+07:00,ok,91,1403035599,0,0,1.3
2026-06-20T08:27:01+07:00,ok,91,1403375355,0,339756,0.8
2026-06-20T08:27:12+07:00,ok,91,1403375355,0,0,0.9
2026-06-20T08:27:22+07:00,ok,91,1403375355,0,0,0.8
2026-06-20T08:27:33+07:00,ok,91,1403375355,0,0,0.7
2026-06-20T08:27:45+07:00,ok,91,1403375355,0,0,1.1
2026-06-20T08:27:56+07:00,ok,91,1403375355,0,0,0.7
2026-06-20T08:28:07+07:00,ok,91,1403375355,0,0,0.8
2026-06-20T08:28:18+07:00,ok,91,1403375355,0,0,1.1
2026-06-20T08:28:29+07:00,ok,91,1403375355,0,0,0.8
2026-06-20T08:28:40+07:00,ok,91,1403375355,0,0,1.1
2026-06-20T08:28:51+07:00,ok,91,1403375355,0,0,0.8
2026-06-20T08:29:02+07:00,ok,91,1403714604,0,339249,0.7
2026-06-20T08:29:13+07:00,ok,91,1403714604,0,0,1.1
2026-06-20T08:29:24+07:00,ok,91,1403714604,0,0,1.2
2026-06-20T08:29:35+07:00,ok,91,1403714604,0,0,0.8
2026-06-20T08:29:45+07:00,ok,91,1403714604,0,0,0.8
2026-06-20T08:29:56+07:00,ok,91,1403714604,0,0,1.2
2026-06-20T08:30:07+07:00,ok,91,1403714604,0,0,0.8
2026-06-20T08:30:18+07:00,ok,91,1403714604,0,0,0.8
2026-06-20T08:30:29+07:00,ok,91,1403714604,0,0,1.1
2026-06-20T08:30:40+07:00,ok,91,1403714604,0,0,0.9
2026-06-20T08:30:51+07:00,ok,91,1403714604,0,0,1.0
2026-06-20T08:31:02+07:00,ok,90,1402419883,-1,-1294721,0.7
2026-06-20T08:31:13+07:00,ok,90,1402419883,0,0,0.9
2026-06-20T08:31:24+07:00,ok,90,1402419883,0,0,0.7
2026-06-20T08:31:35+07:00,ok,90,1402419883,0,0,1.3
2026-06-20T08:31:46+07:00,ok,90,1402419883,0,0,1.0
2026-06-20T08:31:57+07:00,ok,90,1402419883,0,0,0.8
2026-06-20T08:32:08+07:00,ok,90,1402419883,0,0,1.1
2026-06-20T08:32:19+07:00,ok,90,1402419883,0,0,0.8
2026-06-20T08:32:30+07:00,ok,90,1402419883,0,0,0.9
2026-06-20T08:32:41+07:00,ok,90,1402419883,0,0,0.8
2026-06-20T08:32:52+07:00,ok,90,1402419883,0,0,1.0
2026-06-20T08:33:03+07:00,ok,90,1402765588,0,345705,1.1
2026-06-20T08:33:14+07:00,ok,90,1402765588,0,0,0.8
2026-06-20T08:33:25+07:00,ok,90,1402765588,0,0,1.0
2026-06-20T08:33:36+07:00,ok,90,1402765588,0,0,0.8
2026-06-20T08:33:47+07:00,ok,90,1402765588,0,0,0.8
2026-06-20T08:33:57+07:00,ok,90,1402765588,0,0,1.5
2026-06-20T08:34:08+07:00,ok,90,1402765588,0,0,1.0
2026-06-20T08:34:19+07:00,ok,90,1402765588,0,0,0.9
2026-06-20T08:34:30+07:00,ok,90,1402765588,0,0,0.7
2026-06-20T08:34:41+07:00,ok,90,1402765588,0,0,1.1
2026-06-20T08:34:52+07:00,ok,90,1402765588,0,0,1.6
2026-06-20T08:35:03+07:00,ok,90,1403110158,0,344570,0.7
2026-06-20T08:35:14+07:00,ok,90,1403110158,0,0,0.8
2026-06-20T08:35:25+07:00,ok,90,1403110158,0,0,0.9
2026-06-20T08:35:36+07:00,ok,90,1403110158,0,0,1.3
2026-06-20T08:35:47+07:00,ok,90,1403110158,0,0,0.8
2026-06-20T08:35:58+07:00,ok,90,1403110158,0,0,1.5
2026-06-20T08:36:09+07:00,ok,90,1403110158,0,0,1.2
2026-06-20T08:36:20+07:00,ok,90,1403110158,0,0,1.2
2026-06-20T08:36:31+07:00,ok,90,1403110158,0,0,0.8
2026-06-20T08:36:42+07:00,ok,90,1403110158,0,0,1.0
2026-06-20T08:36:53+07:00,ok,90,1403445418,0,335260,0.7
2026-06-20T08:37:04+07:00,ok,90,1403445418,0,0,0.7
2026-06-20T08:37:15+07:00,ok,90,1403445418,0,0,1.0
2026-06-20T08:37:26+07:00,ok,90,1403445418,0,0,0.8
2026-06-20T08:37:36+07:00,ok,90,1403445418,0,0,0.7
2026-06-20T08:37:47+07:00,ok,90,1403445418,0,0,0.7
2026-06-20T08:37:58+07:00,ok,90,1403445418,0,0,0.7
2026-06-20T08:38:10+07:00,ok,90,1403445418,0,0,4.3
2026-06-20T08:38:21+07:00,ok,90,1403445418,0,0,1.4
2026-06-20T08:38:32+07:00,ok,90,1403445418,0,0,0.8
2026-06-20T08:38:43+07:00,ok,90,1403445418,0,0,0.7
2026-06-20T08:38:54+07:00,ok,90,1403789804,0,344386,1.0
2026-06-20T08:39:05+07:00,ok,90,1403789804,0,0,1.8
2026-06-20T08:39:16+07:00,ok,90,1403789804,0,0,0.7
2026-06-20T08:39:28+07:00,ok,90,1403789804,0,0,2.2
2026-06-20T08:39:39+07:00,ok,90,1403789804,0,0,0.9
2026-06-20T08:39:50+07:00,ok,90,1403789804,0,0,1.5
2026-06-20T08:40:01+07:00,ok,90,1403789804,0,0,0.7
2026-06-20T08:40:12+07:00,ok,90,1403789804,0,0,0.9
2026-06-20T08:40:24+07:00,ok,90,1403789804,0,0,0.8
2026-06-20T08:40:35+07:00,ok,90,1403789804,0,0,1.1
2026-06-20T08:40:46+07:00,ok,90,1403789804,0,0,1.0
2026-06-20T08:40:57+07:00,ok,90,1404129596,0,339792,3.5
2026-06-20T08:41:08+07:00,ok,90,1404129596,0,0,1.1
2026-06-20T08:41:19+07:00,ok,90,1404129596,0,0,0.7
2026-06-20T08:41:30+07:00,ok,90,1404129596,0,0,1.0
2026-06-20T08:41:41+07:00,ok,90,1404129596,0,0,1.5
2026-06-20T08:41:52+07:00,ok,90,1404129596,0,0,0.8
2026-06-20T08:42:03+07:00,ok,90,1404129596,0,0,0.8
2026-06-20T08:42:15+07:00,ok,90,1404129596,0,0,0.9
2026-06-20T08:42:26+07:00,ok,90,1404129596,0,0,2.6
2026-06-20T08:42:37+07:00,ok,90,1404129596,0,0,1.4
2026-06-20T08:42:49+07:00,ok,90,1404129596,0,0,0.8
2026-06-20T08:43:00+07:00,ok,90,1404470478,0,340882,2.0
2026-06-20T08:43:11+07:00,ok,90,1404470478,0,0,0.7
2026-06-20T08:43:22+07:00,ok,90,1404470478,0,0,1.5
2026-06-20T08:43:33+07:00,ok,90,1404470478,0,0,0.9
2026-06-20T08:43:45+07:00,ok,90,1404470478,0,0,0.8
2026-06-20T08:43:56+07:00,ok,90,1404470478,0,0,1.4
2026-06-20T08:44:07+07:00,ok,90,1404470478,0,0,1.0
2026-06-20T08:44:19+07:00,ok,90,1404470478,0,0,3.2
2026-06-20T08:44:30+07:00,ok,90,1404470478,0,0,1.1
2026-06-20T08:44:41+07:00,ok,90,1404470478,0,0,0.7
2026-06-20T08:44:52+07:00,ok,90,1404470478,0,0,1.0
2026-06-20T08:45:03+07:00,ok,91,1488693056,1,84222578,1.5
2026-06-20T08:45:14+07:00,ok,91,1488693056,0,0,0.9
2026-06-20T08:45:25+07:00,ok,91,1488693056,0,0,0.8
2026-06-20T08:45:37+07:00,ok,91,1488693056,0,0,0.7
2026-06-20T08:45:48+07:00,ok,91,1488693056,0,0,1.0
2026-06-20T08:45:59+07:00,ok,91,1488693056,0,0,0.7
2026-06-20T08:46:10+07:00,ok,91,1488693056,0,0,0.8
2026-06-20T08:46:21+07:00,ok,91,1488693056,0,0,0.7
2026-06-20T08:46:33+07:00,ok,91,1488693056,0,0,1.1
2026-06-20T08:46:44+07:00,ok,91,1488693056,0,0,1.0
2026-06-20T08:46:55+07:00,ok,92,1541462540,1,52769484,0.9
2026-06-20T08:47:06+07:00,ok,92,1541462540,0,0,1.1
2026-06-20T08:47:17+07:00,ok,92,1541462540,0,0,1.1
2026-06-20T08:47:29+07:00,ok,92,1541462540,0,0,0.9
2026-06-20T08:47:40+07:00,ok,92,1541462540,0,0,0.8
2026-06-20T08:47:51+07:00,ok,92,1541462540,0,0,0.9
2026-06-20T08:48:01+07:00,ok,92,1541462540,0,0,0.9
2026-06-20T08:48:11+07:00,ok,92,1541462540,0,0,1.0
2026-06-20T08:48:21+07:00,ok,92,1541462540,0,0,1.3
2026-06-20T08:48:31+07:00,ok,92,1541462540,0,0,0.7
2026-06-20T08:48:42+07:00,ok,92,1541462540,0,0,0.8
2026-06-20T08:48:52+07:00,ok,92,1541462540,0,0,0.7
2026-06-20T08:49:42+07:00,ok,92,1541462540,0,0,0.7
2026-06-20T08:49:52+07:00,ok,92,1541462540,0,0,1.1
2026-06-20T08:50:02+07:00,ok,92,1541462540,0,0,0.8
2026-06-20T08:50:12+07:00,ok,92,1541462540,0,0,1.2
2026-06-20T08:50:22+07:00,ok,92,1541462540,0,0,0.8
2026-06-20T08:50:32+07:00,ok,92,1541462540,0,0,0.7
2026-06-20T08:50:43+07:00,ok,92,1541807185,0,344645,1.2
2026-06-20T08:50:55+07:00,ok,92,1541807185,0,0,0.8
2026-06-20T08:51:06+07:00,ok,92,1541807185,0,0,0.8
2026-06-20T08:51:17+07:00,ok,92,1541807185,0,0,1.4
2026-06-20T08:51:28+07:00,ok,92,1541807185,0,0,0.8
2026-06-20T08:51:39+07:00,ok,92,1541807185,0,0,0.8
2026-06-20T08:51:51+07:00,ok,92,1541807185,0,0,1.1
2026-06-20T08:52:02+07:00,ok,92,1541807185,0,0,1.1
2026-06-20T08:52:13+07:00,ok,92,1541807185,0,0,0.8
2026-06-20T08:52:24+07:00,ok,92,1541807185,0,0,0.8
2026-06-20T08:52:35+07:00,ok,92,1541807185,0,0,1.2
2026-06-20T08:52:46+07:00,ok,92,1542146628,0,339443,1.0
2026-06-20T08:52:57+07:00,ok,92,1542146628,0,0,0.9
2026-06-20T08:53:08+07:00,ok,92,1542146628,0,0,0.7
2026-06-20T08:53:19+07:00,ok,92,1542146628,0,0,3.2
2026-06-20T08:53:31+07:00,ok,92,1542146628,0,0,7.4
2026-06-20T08:53:42+07:00,ok,92,1542146628,0,0,1.6
2026-06-20T08:53:54+07:00,ok,92,1542146628,0,0,1.4
2026-06-20T08:54:07+07:00,ok,92,1542146628,0,0,4.6
2026-06-20T08:54:18+07:00,ok,92,1542146628,0,0,0.7
2026-06-20T08:54:29+07:00,ok,92,1542146628,0,0,1.1
2026-06-20T08:54:40+07:00,ok,92,1542146628,0,0,1.6
2026-06-20T08:54:51+07:00,ok,92,1542488714,0,342086,0.8
2026-06-20T08:55:02+07:00,ok,92,1542488714,0,0,0.9
2026-06-20T08:55:13+07:00,ok,92,1542488714,0,0,3.0
2026-06-20T08:55:24+07:00,ok,92,1542488714,0,0,0.8
2026-06-20T08:55:36+07:00,ok,0,0,-92,-1542488714,0.0
2026-06-20T08:55:48+07:00,ok,0,0,0,0,0.1
2026-06-20T08:55:59+07:00,ok,0,0,0,0,0.0
2026-06-20T08:56:10+07:00,ok,0,0,0,0,0.0
2026-06-20T08:56:21+07:00,ok,0,0,0,0,0.1
2026-06-20T08:56:32+07:00,ok,0,0,0,0,0.0
2026-06-20T08:56:45+07:00,ok,1,2981501,1,2981501,0.1
2026-06-20T08:57:12+07:00,ok,3,67700966,2,64719465,12.3
2026-06-20T08:57:32+07:00,ok,3,90388723,0,22687757,0.2
2026-06-20T08:57:51+07:00,ok,5,129305432,2,38916709,0.7
2026-06-20T08:58:10+07:00,ok,6,170820766,1,41515334,0.6
2026-06-20T08:58:36+07:00,ok,11,303431018,5,132610252,4.5
2026-06-20T08:58:54+07:00,ok,24,729928613,13,426497595,4.3
2026-06-20T08:59:34+07:00,ok,31,1050949561,7,321020948,834.6
2026-06-20T09:01:02+07:00,ok,58,1105901004,27,54951443,9.8
2026-06-20T09:01:17+07:00,ok,66,1149477803,8,43576799,0.5
2026-06-20T09:01:29+07:00,ok,66,1149477803,0,0,0.9
2026-06-20T09:01:40+07:00,ok,66,1149477803,0,0,0.5
2026-06-20T09:01:51+07:00,ok,66,1149477803,0,0,2.7
2026-06-20T09:02:01+07:00,ok,66,1149477803,0,0,0.6
2026-06-20T09:02:11+07:00,ok,66,1149477803,0,0,0.7
2026-06-20T09:02:24+07:00,ok,66,1149477803,0,0,1.1
2026-06-20T09:02:35+07:00,ok,66,1149818018,0,340215,0.7
2026-06-20T09:02:46+07:00,ok,66,1149818018,0,0,0.7
2026-06-20T09:02:57+07:00,ok,66,1149818018,0,0,0.5
2026-06-20T09:03:08+07:00,ok,66,1149818018,0,0,1.7
2026-06-20T09:03:19+07:00,ok,66,1149818018,0,0,0.7
2026-06-20T09:03:30+07:00,ok,66,1149818018,0,0,0.5
2026-06-20T09:03:41+07:00,ok,66,1149818018,0,0,1.1
2026-06-20T09:03:52+07:00,ok,66,1149818018,0,0,0.7
2026-06-20T09:04:04+07:00,ok,66,1149818018,0,0,0.6
2026-06-20T09:04:15+07:00,ok,66,1149818018,0,0,0.7
2026-06-20T09:04:26+07:00,ok,66,1149818018,0,0,0.6
2026-06-20T09:04:37+07:00,ok,66,1150158414,0,340396,1.4
2026-06-20T09:04:49+07:00,ok,66,1150158414,0,0,2.8
2026-06-20T09:05:00+07:00,ok,66,1150158414,0,0,0.7
2026-06-20T09:05:11+07:00,ok,66,1150158414,0,0,0.6
2026-06-20T09:05:22+07:00,ok,71,1109979431,5,-40178983,0.8
2026-06-20T09:05:34+07:00,ok,78,1179256106,7,69276675,1.5
2026-06-20T09:05:46+07:00,ok,78,1179256106,0,0,0.7
2026-06-20T09:05:57+07:00,ok,78,1179256106,0,0,0.7
2026-06-20T09:06:08+07:00,ok,78,1179256106,0,0,2.9
2026-06-20T09:06:18+07:00,ok,78,1179256106,0,0,0.8
2026-06-20T09:06:29+07:00,ok,78,1179256106,0,0,2.4
2026-06-20T09:06:40+07:00,ok,78,1179593310,0,337204,1.8
2026-06-20T09:06:51+07:00,ok,78,1179593310,0,0,0.7
2026-06-20T09:07:02+07:00,ok,78,1179593310,0,0,0.7
2026-06-20T09:07:13+07:00,ok,78,1179593310,0,0,0.6
2026-06-20T09:07:24+07:00,ok,78,1179593310,0,0,1.0
2026-06-20T09:07:35+07:00,ok,78,1179593310,0,0,0.6
2026-06-20T09:07:47+07:00,ok,78,1179593310,0,0,1.4
2026-06-20T09:07:58+07:00,ok,78,1179593310,0,0,0.8
2026-06-20T09:08:09+07:00,ok,78,1179593310,0,0,0.7
2026-06-20T09:08:20+07:00,ok,78,1179593310,0,0,0.9
2026-06-20T09:08:31+07:00,ok,78,1179593310,0,0,3.5
2026-06-20T09:08:42+07:00,ok,77,1179115683,-1,-477627,0.7
2026-06-20T09:08:54+07:00,ok,77,1179115683,0,0,1.2
2026-06-20T09:09:05+07:00,ok,77,1179115683,0,0,3.0
2026-06-20T09:09:16+07:00,ok,77,1179115683,0,0,1.5
2026-06-20T09:09:28+07:00,ok,77,1179115683,0,0,1.3
2026-06-20T09:09:39+07:00,ok,77,1179115683,0,0,0.8
2026-06-20T09:09:50+07:00,ok,77,1179115683,0,0,1.8
2026-06-20T09:10:01+07:00,ok,77,1179115683,0,0,8.6
2026-06-20T09:10:12+07:00,ok,77,1179115683,0,0,1.4
2026-06-20T09:10:23+07:00,ok,77,1179115683,0,0,0.8
2026-06-20T09:10:34+07:00,ok,77,1179115683,0,0,0.8
2026-06-20T09:10:45+07:00,ok,76,1176662827,-1,-2452856,0.7
2026-06-20T09:10:57+07:00,ok,76,1176662827,0,0,7.2
2026-06-20T09:11:08+07:00,ok,76,1176662827,0,0,0.9
2026-06-20T09:11:19+07:00,ok,76,1176662827,0,0,2.0
2026-06-20T09:11:30+07:00,ok,76,1176662827,0,0,0.7
2026-06-20T09:11:41+07:00,ok,76,1176662827,0,0,0.9
2026-06-20T09:11:52+07:00,ok,76,1176662827,0,0,1.7
2026-06-20T09:12:03+07:00,ok,76,1176662827,0,0,1.4
2026-06-20T09:12:14+07:00,ok,76,1176662827,0,0,1.2
2026-06-20T09:12:25+07:00,ok,76,1176662827,0,0,0.8
2026-06-20T09:12:36+07:00,ok,76,1177001256,0,338429,1.1
2026-06-20T09:12:47+07:00,ok,76,1177001256,0,0,0.7
2026-06-20T09:12:58+07:00,ok,76,1177001256,0,0,0.7
2026-06-20T09:13:09+07:00,ok,76,1177001256,0,0,0.8
2026-06-20T09:13:21+07:00,ok,76,1177001256,0,0,0.6
2026-06-20T09:13:32+07:00,ok,76,1177001256,0,0,0.9
2026-06-20T09:13:43+07:00,ok,76,1177001256,0,0,0.6
2026-06-20T09:13:54+07:00,ok,76,1177001256,0,0,0.7
2026-06-20T09:14:05+07:00,ok,76,1177001256,0,0,0.9
2026-06-20T09:14:16+07:00,ok,76,1177001256,0,0,0.7
2026-06-20T09:14:27+07:00,ok,76,1177001256,0,0,0.8
2026-06-20T09:14:38+07:00,ok,76,1177334386,0,333130,1.0
2026-06-20T09:14:49+07:00,ok,76,1177334386,0,0,0.7
2026-06-20T09:15:00+07:00,ok,76,1177334386,0,0,0.9
2026-06-20T09:15:11+07:00,ok,76,1177334386,0,0,0.7
2026-06-20T09:15:22+07:00,ok,76,1177334386,0,0,0.8
2026-06-20T09:15:33+07:00,ok,76,1177334386,0,0,0.9
2026-06-20T09:15:44+07:00,ok,76,1177334386,0,0,1.1
2026-06-20T09:15:55+07:00,ok,79,1131876715,3,-45457671,1.1
2026-06-20T09:16:07+07:00,ok,84,1374956034,5,243079319,1.5
2026-06-20T09:16:18+07:00,ok,90,1404470478,6,29514444,0.8
2026-06-20T09:16:29+07:00,ok,90,1404470478,0,0,2.2
2026-06-20T09:16:40+07:00,ok,91,1404814213,1,343735,2.2
2026-06-20T09:16:52+07:00,ok,91,1404814213,0,0,4.5
2026-06-20T09:17:02+07:00,ok,91,1404814213,0,0,1.0
2026-06-20T09:17:12+07:00,ok,91,1404814213,0,0,0.8
2026-06-20T09:17:23+07:00,ok,91,1404814213,0,0,1.2
2026-06-20T09:17:34+07:00,ok,92,1487898157,1,83083944,1.1
2026-06-20T09:17:45+07:00,ok,92,1487898157,0,0,0.9
2026-06-20T09:17:56+07:00,ok,92,1487898157,0,0,1.0
2026-06-20T09:18:07+07:00,ok,92,1487898157,0,0,0.9
2026-06-20T09:18:18+07:00,ok,92,1487898157,0,0,0.8
2026-06-20T09:18:29+07:00,ok,92,1487898157,0,0,1.0
2026-06-20T09:18:40+07:00,ok,92,1487898157,0,0,1.0
2026-06-20T09:18:51+07:00,ok,92,1487898157,0,0,0.7
2026-06-20T09:19:02+07:00,ok,92,1487898157,0,0,1.8
